date,vwretd,vwretx,ewretd,ewretx,sprtrn,spindx,totval,totcnt
1990-01-02,0.014433,0.014405,0.012481,0.012390,0.017799,359.69,3353768750.00,6810
1990-01-03,0.000022,-0.000002,0.006485,0.006365,-0.002586,358.76,3353400000.00,6809
1990-01-04,-0.006486,-0.006836,-0.000336,-0.000410,-0.008613,355.67,3324115400.00,6803
1990-01-05,-0.007631,-0.007657,0.000680,0.000664,-0.009756,352.20,3298736560.00,6805
1990-01-08,0.003075,0.002939,0.001957,0.001684,0.004514,353.79,3308151810.00,6805
1990-01-09,-0.009269,-0.009309,-0.001415,-0.001463,-0.011787,349.62,3277370970.00,6806
1990-01-10,-0.006844,-0.006861,-0.004610,-0.004629,-0.006607,347.31,3244428850.00,6807
1990-01-11,0.002619,0.002594,0.002212,0.002197,0.003513,348.53,3254327060.00,6805
1990-01-12,-0.022550,-0.022717,-0.015355,-0.015487,-0.024675,339.93,3180432470.00,6805
1990-01-15,-0.008903,-0.008903,-0.004993,-0.004993,-0.008619,337.00,3152877450.00,6805
1990-01-16,0.008722,0.008671,-0.001171,-0.001207,0.011128,340.75,3179938090.00,6804
1990-01-17,-0.006947,-0.006984,0.000124,-0.000048,-0.009831,337.40,3158084860.00,6808
1990-01-18,0.000333,0.000326,-0.002670,-0.002689,0.002341,338.19,3158652290.00,6807
1990-01-19,0.003150,0.003111,0.004832,0.004812,0.002839,339.15,3168112400.00,6805
1990-01-22,-0.022214,-0.022325,-0.011002,-0.011066,-0.025859,330.38,3096729510.00,6797
1990-01-23,-0.000081,-0.000110,-0.002137,-0.002178,0.003723,331.61,3096669430.00,6799
1990-01-24,-0.004773,-0.004922,-0.011452,-0.011503,-0.004071,330.26,3081900680.00,6800
1990-01-25,-0.009855,-0.009983,-0.000783,-0.000944,-0.012657,326.08,3050844480.00,6801
1990-01-26,-0.003405,-0.003536,-0.004488,-0.004577,-0.000859,325.80,3041101980.00,6809
1990-01-29,-0.002976,-0.003163,-0.006289,-0.006384,-0.001842,325.20,3030752800.00,6806
1990-01-30,-0.008592,-0.008807,-0.010780,-0.010862,-0.006827,322.98,3003409560.00,6803
1990-01-31,0.016312,0.016305,0.007105,0.007076,0.018887,329.08,3051636650.00,6803
1990-02-01,0.001097,0.000963,0.003167,0.003119,-0.000881,328.79,3054416600.00,6799
1990-02-02,0.007203,0.007071,0.006756,0.006722,0.006478,330.92,3076033720.00,6799
1990-02-05,0.004264,0.003664,0.003700,0.003522,0.002810,331.85,3087521990.00,6799
1990-02-06,-0.004798,-0.005078,0.000851,0.000798,-0.006599,329.66,3071785920.00,6799
1990-02-07,0.010520,0.010371,0.006206,0.006170,0.012407,333.75,3103473800.00,6792
1990-02-08,-0.000555,-0.000625,0.002204,0.002146,-0.002367,332.96,3099562680.00,6791
1990-02-09,0.002516,0.002061,0.003708,0.003525,0.001982,333.62,3106097750.00,6793
1990-02-12,-0.008742,-0.009124,-0.002827,-0.002989,-0.010611,330.08,3077719330.00,6793
1990-02-13,0.001495,0.001242,-0.002349,-0.002452,0.002848,331.02,3081549770.00,6795
1990-02-14,0.002070,0.002023,-0.000178,-0.000199,0.002991,332.01,3087778580.00,6792
1990-02-15,0.007679,0.007622,0.005332,0.005305,0.008674,334.89,3113950130.00,6790
1990-02-16,-0.004366,-0.004627,0.001816,0.001716,-0.006480,332.72,3100169170.00,6792
1990-02-20,-0.012805,-0.012866,-0.007348,-0.007374,-0.014216,327.99,3060427740.00,6791
1990-02-21,-0.001966,-0.001998,-0.005267,-0.005287,-0.000976,327.67,3054091080.00,6790
1990-02-22,-0.003193,-0.003335,0.003801,0.003668,-0.006012,325.70,3043873560.00,6789
1990-02-23,-0.005441,-0.005685,-0.003394,-0.003548,-0.004759,324.15,3026366300.00,6784
1990-02-26,0.009423,0.009163,-0.001126,-0.001236,0.013944,328.67,3055047060.00,6791
1990-02-27,0.005183,0.004998,0.003138,0.003055,0.004838,330.26,3070461720.00,6791
1990-02-28,0.005599,0.005437,0.004070,0.004038,0.004936,331.89,3087818130.00,6795
1990-03-01,0.002961,0.002844,0.001105,0.001043,0.002561,332.74,3096727000.00,6798
1990-03-02,0.008011,0.007999,0.006342,0.006314,0.008415,335.54,3121463700.00,6794
1990-03-05,-0.003227,-0.003723,0.000274,0.000055,-0.005364,333.74,3109404120.00,6786
1990-03-06,0.010611,0.010492,0.005962,0.005844,0.012555,337.93,3140298250.00,6787
1990-03-07,-0.001645,-0.001680,0.001821,0.001795,-0.002900,336.95,3135204500.00,6790
1990-03-08,0.008561,0.008515,0.006805,0.006775,0.009853,340.27,3161064550.00,6792
1990-03-09,-0.004731,-0.005160,0.000415,0.000180,-0.006877,337.93,3145548050.00,6788
1990-03-12,0.001731,0.001594,-0.000265,-0.000462,0.002190,338.67,3150516150.00,6786
1990-03-13,-0.006391,-0.006465,-0.001490,-0.001584,-0.007884,336.00,3130690610.00,6790
1990-03-14,0.002619,0.002577,0.003435,0.003395,0.002589,336.87,3138949150.00,6790
1990-03-15,0.002671,0.002647,0.002698,0.002676,0.003562,338.07,3147268860.00,6789
1990-03-16,0.008939,0.008913,0.004334,0.004301,0.011359,341.91,3175359280.00,6788
1990-03-19,0.003920,0.003866,-0.000700,-0.000762,0.004738,343.53,3187643820.00,6791
1990-03-20,-0.005080,-0.005159,-0.001436,-0.001471,-0.005705,341.57,3171054240.00,6792
1990-03-21,-0.004066,-0.004093,-0.000420,-0.000428,-0.005358,339.74,3158079170.00,6794
1990-03-22,-0.011574,-0.011584,-0.006050,-0.006064,-0.011921,335.69,3121669290.00,6793
1990-03-23,0.004461,0.004449,0.004761,0.004734,0.004558,337.22,3137134160.00,6795
1990-03-26,0.001730,0.001156,0.001493,0.001029,0.001216,337.63,3139712080.00,6795
1990-03-27,0.007776,0.007722,0.002262,0.002212,0.011462,341.50,3164665780.00,6797
1990-03-28,0.001340,0.001318,-0.001054,-0.001078,0.001464,342.00,3168906230.00,6799
1990-03-29,-0.003040,-0.003046,-0.001298,-0.001312,-0.003538,340.79,3159498390.00,6799
1990-03-30,-0.001393,-0.001476,0.001643,0.001602,-0.002494,339.94,3165283840.00,6800
1990-04-02,-0.004029,-0.004211,-0.006479,-0.006552,-0.003648,338.70,3151750380.00,6798
1990-04-03,0.012721,0.012673,0.005081,0.005050,0.014585,343.64,3191927660.00,6804
1990-04-04,-0.005988,-0.006360,-0.002944,-0.003018,-0.007421,341.09,3170978750.00,6801
1990-04-05,-0.000996,-0.001084,0.000787,0.000771,-0.001055,340.73,3167653960.00,6800
1990-04-06,-0.002248,-0.002388,-0.001119,-0.001264,-0.001908,340.08,3160086800.00,6799
1990-04-09,0.002047,0.001969,-0.001349,-0.001446,0.003793,341.37,3166194330.00,6801
1990-04-10,0.001632,0.001605,0.000932,0.000899,0.002051,342.07,3171243190.00,6796
1990-04-11,-0.000101,-0.000106,0.000690,0.000667,-0.000439,341.92,3171056680.00,6795
1990-04-12,0.006810,0.006731,0.004244,0.004232,0.007078,344.34,3192789760.00,6796
1990-04-16,0.000896,0.000770,-0.001144,-0.001294,0.001162,344.74,3194669990.00,6795
1990-04-17,-0.000704,-0.000722,-0.002101,-0.002120,-0.000174,344.68,3192645800.00,6795
1990-04-18,-0.010032,-0.010062,-0.003940,-0.003946,-0.011489,340.72,3160543000.00,6792
1990-04-19,-0.007279,-0.007301,-0.001527,-0.001551,-0.007719,338.09,3137466610.00,6792
1990-04-20,-0.008564,-0.008598,-0.003607,-0.003631,-0.008785,335.12,3110918660.00,6796
1990-04-23,-0.010963,-0.011080,-0.007735,-0.007806,-0.012145,331.05,3076483700.00,6797
1990-04-24,-0.002231,-0.002365,-0.001039,-0.001294,-0.002084,330.36,3069314350.00,6800
1990-04-25,0.004541,0.004378,0.001708,0.001548,0.005055,332.03,3083392510.00,6805
1990-04-26,0.002074,0.001954,0.002309,0.002275,0.002680,332.92,3090363080.00,6808
1990-04-27,-0.010253,-0.010513,-0.002863,-0.002985,-0.011444,329.11,3058087570.00,6809
1990-04-30,0.004452,0.004190,-0.000267,-0.000414,0.005135,330.80,3070976920.00,6807
1990-05-01,0.004264,0.004032,0.000983,0.000897,0.004383,332.25,3083393380.00,6806
1990-05-02,0.005668,0.005608,0.001682,0.001637,0.006712,334.48,3100750520.00,6806
1990-05-03,0.003564,0.003340,0.001765,0.001730,0.003259,335.57,3111251420.00,6807
1990-05-04,0.007833,0.007419,0.004794,0.004715,0.008404,338.39,3134379590.00,6807
1990-05-07,0.005967,0.005698,0.002387,0.002227,0.006324,340.53,3152241230.00,6808
1990-05-08,0.003826,0.003526,0.001052,0.000998,0.004346,342.01,3163395910.00,6810
1990-05-09,0.001409,0.001149,0.000051,-0.000127,0.002485,342.86,3167145800.00,6812
1990-05-10,0.004172,0.004053,0.003378,0.003328,0.002800,343.82,3180433440.00,6813
1990-05-11,0.019774,0.019585,0.008515,0.008447,0.023792,352.00,3242736140.00,6814
1990-05-14,0.007842,0.007377,0.003029,0.002839,0.007813,354.75,3266089500.00,6811
1990-05-15,-0.000891,-0.000951,-0.001174,-0.001254,-0.001325,354.28,3263640410.00,6817
1990-05-16,-0.000746,-0.000910,0.000652,0.000619,-0.000790,354.00,3260716920.00,6815
1990-05-17,0.002435,0.002394,0.003841,0.003814,0.001328,354.47,3268560300.00,6812
1990-05-18,0.001087,0.001079,0.003510,0.003496,0.000480,354.64,3272549920.00,6814
1990-05-21,0.009446,0.009219,0.004536,0.004410,0.009474,358.00,3301190230.00,6811
1990-05-22,0.001591,0.001552,0.003114,0.003062,0.001201,358.43,3306234550.00,6811
1990-05-23,0.002005,0.001944,0.001556,0.001520,0.002399,359.29,3312789770.00,6816
1990-05-24,-0.000576,-0.000720,0.003635,0.003493,-0.002449,358.41,3310780800.00,6822
1990-05-25,-0.008830,-0.009241,-0.001022,-0.001247,-0.010686,354.58,3280272730.00,6817
1990-05-29,0.013671,0.013471,0.004051,0.004001,0.017119,360.65,3324186310.00,6810
1990-05-30,0.001209,0.001160,0.001823,0.001798,0.000582,360.86,3328063320.00,6812
1990-05-31,0.001151,0.000982,0.002441,0.002418,0.001025,361.23,3330491030.00,6810
1990-06-01,0.005492,0.005420,0.005184,0.005148,0.005343,363.16,3348139030.00,6799
1990-06-04,0.010774,0.010538,0.003835,0.003669,0.011675,367.40,3383444580.00,6799
1990-06-05,-0.001530,-0.001676,0.000013,-0.000053,-0.002069,366.64,3379129420.00,6801
1990-06-06,-0.003031,-0.003067,-0.000050,-0.000088,-0.004582,364.96,3368793670.00,6804
1990-06-07,-0.004297,-0.004339,0.000401,0.000357,-0.004959,363.15,3354191400.00,6806
1990-06-08,-0.010236,-0.010270,-0.002362,-0.002402,-0.012226,358.71,3319906370.00,6809
1990-06-11,0.006587,0.006080,0.001572,0.001218,0.008140,361.63,3340106010.00,6810
1990-06-12,0.010834,0.010768,0.004741,0.004690,0.012776,366.25,3376408900.00,6811
1990-06-13,-0.002080,-0.002123,0.001960,0.001925,-0.003686,364.90,3369372850.00,6815
1990-06-14,-0.004824,-0.004878,-0.001095,-0.001136,-0.005481,362.90,3352925470.00,6817
1990-06-15,-0.000685,-0.000915,0.003136,0.003070,0.000028,362.91,3350057690.00,6817
1990-06-18,-0.014122,-0.014197,-0.009291,-0.009357,-0.016616,356.88,3302501270.00,6813
1990-06-19,0.003006,0.002930,0.000281,0.000246,0.004455,358.47,3312210710.00,6814
1990-06-20,0.001107,0.001092,0.000386,0.000375,0.001757,359.10,3315590520.00,6801
1990-06-21,0.002671,0.002647,0.000938,0.000926,0.003815,360.47,3323383090.00,6799
1990-06-22,-0.010011,-0.010021,-0.000154,-0.000181,-0.013982,355.43,3290568900.00,6804
1990-06-25,-0.007954,-0.008503,-0.005128,-0.005555,-0.008778,352.31,3262583090.00,6802
1990-06-26,-0.000954,-0.001009,-0.000207,-0.000266,-0.000710,352.06,3259505790.00,6799
1990-06-27,0.006606,0.006585,0.002390,0.002373,0.008749,355.14,3277244110.00,6796
1990-06-28,0.006728,0.006652,0.003380,0.003334,0.007011,357.63,3298958730.00,6790
1990-06-29,0.002203,0.002026,0.005223,0.005136,0.001091,358.02,3308344150.00,6797
1990-07-02,0.003127,0.003085,-0.000081,-0.000197,0.004246,359.54,3318334260.00,6796
1990-07-03,0.001884,0.001541,0.001737,0.001656,0.001724,360.16,3323617480.00,6799
1990-07-05,-0.009792,-0.009942,-0.003661,-0.003689,-0.012439,355.68,3290474030.00,6795
1990-07-06,0.006186,0.006166,0.002639,0.002605,0.007704,358.42,3310710180.00,6795
1990-07-09,0.002206,0.002085,-0.000947,-0.001061,0.003069,359.52,3317500460.00,6794
1990-07-10,-0.006086,-0.006140,-0.001898,-0.001979,-0.008428,356.49,3297732530.00,6798
1990-07-11,0.010540,0.010527,0.003990,0.003974,0.013296,361.23,3332466930.00,6800
1990-07-12,0.010528,0.010513,0.003693,0.003683,0.011655,365.44,3367712660.00,6800
1990-07-13,0.004701,0.004648,0.003187,0.003158,0.005117,367.31,3383499170.00,6802
1990-07-16,0.004133,0.003901,0.000650,0.000445,0.004465,368.95,3396721090.00,6798
1990-07-17,-0.004129,-0.004151,-0.002791,-0.002807,-0.003876,367.52,3382884870.00,6799
1990-07-18,-0.008366,-0.008394,-0.003414,-0.003430,-0.008979,364.22,3354458400.00,6796
1990-07-19,0.001465,0.001437,-0.002016,-0.002042,0.003020,365.32,3359666450.00,6801
1990-07-20,-0.007857,-0.007875,0.000337,0.000312,-0.010156,361.61,3333707460.00,6803
1990-07-23,-0.018045,-0.018221,-0.016855,-0.016937,-0.017422,355.31,3272900740.00,6800
1990-07-24,0.000487,0.000463,-0.000559,-0.000612,0.001351,355.79,3274272260.00,6801
1990-07-25,0.003915,0.003791,0.004958,0.004752,0.003654,357.09,3286857940.00,6803
1990-07-26,-0.002186,-0.002282,0.001616,0.001504,-0.003304,355.91,3279466720.00,6805
1990-07-27,-0.006223,-0.006342,-0.002834,-0.002852,-0.006940,353.44,3259006100.00,6807
1990-07-30,0.002878,0.002647,-0.004053,-0.004196,0.005970,355.55,3266983120.00,6807
1990-07-31,0.001627,0.001338,-0.000419,-0.000505,0.001688,356.15,3271642060.00,6798
1990-08-01,-0.001430,-0.001483,-0.003380,-0.003418,-0.001769,355.52,3266581230.00,6795
1990-08-02,-0.011008,-0.011142,-0.008676,-0.008706,-0.011364,351.48,3229937840.00,6797
1990-08-03,-0.017805,-0.017933,-0.018668,-0.018699,-0.018835,344.86,3172264490.00,6796
1990-08-06,-0.031547,-0.032103,-0.025058,-0.025228,-0.030244,334.43,3070426710.00,6796
1990-08-07,0.002031,0.001684,0.001874,0.001827,0.001196,334.83,3075609520.00,6799
1990-08-08,0.010736,0.010698,0.007123,0.007078,0.010513,338.35,3108304070.00,6797
1990-08-09,0.005941,0.005675,0.006207,0.006040,0.004699,339.94,3124395260.00,6792
1990-08-10,-0.010886,-0.011121,-0.004322,-0.004383,-0.013002,335.52,3088082650.00,6792
1990-08-13,0.006974,0.006646,-0.002921,-0.003056,0.009895,338.84,3108614750.00,6792
1990-08-14,0.002559,0.002418,0.002934,0.002870,0.001623,339.39,3116224600.00,6795
1990-08-15,0.002844,0.002730,0.002752,0.002658,0.001974,340.06,3122384860.00,6792
1990-08-16,-0.020331,-0.020488,-0.011029,-0.011078,-0.022555,332.39,3058543510.00,6790
1990-08-17,-0.014445,-0.014452,-0.014395,-0.014407,-0.013719,327.83,3014385950.00,6791
1990-08-20,-0.000830,-0.001029,-0.006045,-0.006180,0.002074,328.51,3011570680.00,6793
1990-08-21,-0.019042,-0.019139,-0.018484,-0.018517,-0.020243,321.86,2954237120.00,6796
1990-08-22,-0.014791,-0.014839,-0.009425,-0.009458,-0.016498,316.55,2910221630.00,6792
1990-08-23,-0.031435,-0.031467,-0.032661,-0.032680,-0.029980,307.06,2816962570.00,6790
1990-08-24,0.013849,0.013819,0.007588,0.007564,0.014492,311.51,2855934440.00,6792
1990-08-27,0.030534,0.030127,0.022570,0.022235,0.031877,321.44,2941522290.00,6789
1990-08-28,0.000968,0.000626,0.002874,0.002777,-0.000311,321.34,2943715090.00,6788
1990-08-29,0.007242,0.007155,0.003257,0.003217,0.008869,324.19,2964878080.00,6790
1990-08-30,-0.013141,-0.013170,-0.001865,-0.001900,-0.016904,318.71,2925912100.00,6788
1990-08-31,0.009347,0.009049,0.004360,0.004173,0.012080,322.56,2951948160.00,6784
1990-09-04,0.000922,0.000635,-0.002752,-0.002880,0.001643,323.09,2949286890.00,6774
1990-09-05,0.003995,0.003976,0.003892,0.003853,0.004024,324.39,2961014290.00,6774
1990-09-06,-0.009701,-0.009755,-0.003662,-0.003699,-0.012115,320.46,2932063420.00,6773
1990-09-07,0.007489,0.007479,0.004157,0.004132,0.009174,323.40,2954040610.00,6775
1990-09-10,-0.003173,-0.003717,0.000340,-0.000034,-0.005473,321.63,2945330150.00,6771
1990-09-11,-0.001574,-0.001750,-0.001895,-0.002008,-0.001834,321.04,2938769930.00,6772
1990-09-12,0.003115,0.003099,0.000876,0.000853,0.004672,322.54,2947889640.00,6772
1990-09-13,-0.010234,-0.010249,-0.004936,-0.004962,-0.012061,318.65,2917463280.00,6764
1990-09-14,-0.005623,-0.005680,-0.003353,-0.003411,-0.005712,316.83,2900906940.00,6765
1990-09-17,0.002192,0.002124,-0.001783,-0.002000,0.002967,317.77,2906964680.00,6762
1990-09-18,0.001077,0.000992,-0.004385,-0.004419,0.002612,318.60,2909666740.00,6765
1990-09-19,-0.004999,-0.005014,-0.001525,-0.001548,-0.006277,316.60,2895287100.00,6766
1990-09-20,-0.015243,-0.015415,-0.010107,-0.010133,-0.016172,311.48,2850636120.00,6766
1990-09-21,-0.001751,-0.001777,-0.003867,-0.003891,-0.000514,311.32,2845646640.00,6767
1990-09-24,-0.020551,-0.021026,-0.020215,-0.020742,-0.021618,304.59,2785624440.00,6765
1990-09-25,0.009762,0.009656,0.000140,0.000055,0.012049,308.26,2812356080.00,6757
1990-09-26,-0.010294,-0.010319,-0.009086,-0.009104,-0.010381,305.06,2783423680.00,6759
1990-09-27,-0.014320,-0.014459,-0.014499,-0.014522,-0.013407,300.97,2743420950.00,6764
1990-09-28,0.014276,0.014262,0.002455,0.002436,0.016879,306.05,2783225260.00,6760
1990-10-01,0.026022,0.025713,0.010866,0.010704,0.029048,314.94,2854655160.00,6759
1990-10-02,0.002635,0.002617,0.005902,0.005871,0.000857,315.21,2862083820.00,6759
1990-10-03,-0.010339,-0.010843,-0.004204,-0.004278,-0.012087,311.40,2831020900.00,6757
1990-10-04,0.001654,0.001623,-0.001322,-0.001355,0.004143,312.69,2835683460.00,6756
1990-10-05,-0.004250,-0.004320,-0.004304,-0.004397,-0.003806,311.50,2823341080.00,6758
1990-10-08,0.005437,0.005437,0.000435,0.000435,0.006356,313.48,2838226960.00,6757
1990-10-09,-0.024176,-0.024316,-0.014834,-0.014980,-0.026732,305.10,2768563330.00,6754
1990-10-10,-0.015102,-0.015113,-0.010390,-0.010407,-0.015438,300.39,2725965030.00,6750
1990-10-11,-0.017224,-0.017241,-0.016180,-0.016214,-0.016412,295.46,2679970070.00,6753
1990-10-12,0.012246,0.012224,0.004484,0.004443,0.015467,300.03,2712745890.00,6754
1990-10-15,0.008453,0.008228,-0.001047,-0.001140,0.010666,303.23,2735018670.00,6751
1990-10-16,-0.013140,-0.013189,-0.005997,-0.006062,-0.014214,298.92,2698476780.00,6747
1990-10-17,0.000052,0.000018,-0.002659,-0.002670,-0.000535,298.76,2699024730.00,6747
1990-10-18,0.021594,0.021577,0.010228,0.010210,0.023363,305.74,2757266650.00,6747
1990-10-19,0.017335,0.017287,0.009737,0.009704,0.022045,312.48,2804918520.00,6742
1990-10-22,0.007851,0.007718,0.000164,0.000107,0.007296,314.76,2826514730.00,6745
1990-10-23,-0.004400,-0.004428,0.003095,0.003059,-0.007625,312.36,2814006710.00,6744
1990-10-24,0.000212,0.000175,0.001772,0.001720,0.000768,312.60,2814510000.00,6748
1990-10-25,-0.005624,-0.005752,0.000896,0.000687,-0.007774,310.17,2798321700.00,6745
1990-10-26,-0.015955,-0.016184,-0.008692,-0.008822,-0.017603,304.71,2753027640.00,6745
1990-10-29,-0.008941,-0.009161,-0.006971,-0.007108,-0.009288,301.88,2727655720.00,6744
1990-10-30,0.004255,0.004014,-0.002863,-0.002941,0.007221,304.06,2737623490.00,6742
1990-10-31,0.000644,0.000617,-0.001177,-0.001208,-0.000197,304.00,2739330830.00,6740
1990-11-01,0.008037,0.007885,0.001776,0.001734,0.009934,307.02,2760943980.00,6740
1990-11-02,0.014963,0.014853,0.008813,0.008765,0.015732,311.85,2801427760.00,6737
1990-11-05,0.009563,0.008517,0.003657,0.003398,0.008786,314.59,2825405540.00,6736
1990-11-06,-0.006524,-0.006716,0.000589,0.000536,-0.009441,311.62,2806644380.00,6737
1990-11-07,-0.015161,-0.015247,-0.005777,-0.005833,-0.018003,306.01,2763862180.00,6739
1990-11-08,0.004051,0.003532,-0.000140,-0.000383,0.005229,307.61,2773633430.00,6736
1990-11-09,0.017564,0.017092,0.007464,0.007295,0.019928,313.74,2821085010.00,6736
1990-11-12,0.018473,0.018473,0.011641,0.011641,0.018295,319.48,2873157680.00,6735
1990-11-13,-0.002922,-0.003056,0.001501,0.001444,-0.005665,317.67,2864395960.00,6736
1990-11-14,0.007987,0.007823,0.007265,0.007180,0.008594,320.40,2886884000.00,6734
1990-11-15,-0.008505,-0.008556,0.001391,0.001335,-0.010549,317.02,2860875660.00,6727
1990-11-16,-0.000187,-0.000460,0.000551,0.000447,0.000315,317.12,2859532330.00,6727
1990-11-19,0.005659,0.005609,0.001382,0.001341,0.007001,319.34,2875503840.00,6727
1990-11-20,-0.010211,-0.010237,-0.004564,-0.004586,-0.012620,315.31,2846269540.00,6722
1990-11-21,0.001002,0.000939,0.001081,0.001047,0.002283,316.03,2848868230.00,6717
1990-11-23,-0.001948,-0.001982,0.004589,0.004560,-0.002943,315.10,2843245390.00,6718
1990-11-26,0.003071,0.002684,-0.003579,-0.003951,0.004475,316.51,2850741080.00,6713
1990-11-27,0.006739,0.006398,0.005611,0.005491,0.005024,318.10,2869009190.00,6716
1990-11-28,0.000746,0.000704,0.004612,0.004463,-0.000472,317.95,2871085410.00,6717
1990-11-29,-0.003503,-0.003561,0.001257,0.001215,-0.004812,316.42,2860853830.00,6717
1990-11-30,0.015778,0.015766,0.010637,0.010614,0.018330,322.22,2905485660.00,6716
1990-12-03,0.006589,0.005984,0.000124,-0.000139,0.005835,324.10,2922340700.00,6712
1990-12-04,0.007184,0.006910,0.002440,0.002267,0.006942,326.35,2942469510.00,6715
1990-12-05,0.011524,0.011500,0.011794,0.011767,0.010939,329.92,2975228740.00,6711
1990-12-06,-0.001445,-0.001507,0.004238,0.004191,-0.002576,329.07,2970862810.00,6714
1990-12-07,-0.003235,-0.003279,0.001679,0.001646,-0.004011,327.75,2961126750.00,6716
1990-12-10,0.002372,0.002020,-0.001361,-0.001739,0.003478,328.89,2966997220.00,6713
1990-12-11,-0.005682,-0.006021,-0.004517,-0.004701,-0.007449,326.44,2949125440.00,6711
1990-12-12,0.009204,0.009190,0.003213,0.003183,0.011488,330.19,2976176920.00,6711
1990-12-13,-0.000649,-0.000701,0.001334,0.001299,-0.002574,329.34,2974151970.00,6712
1990-12-14,-0.007353,-0.007410,-0.002277,-0.002364,-0.007652,326.82,2952214100.00,6714
1990-12-17,-0.003769,-0.003844,-0.008366,-0.008494,-0.002448,326.02,2940869070.00,6713
1990-12-18,0.011516,0.011453,0.000813,0.000783,0.012361,330.05,2974532400.00,6711
1990-12-19,0.001051,0.000994,0.003747,0.003692,0.000454,330.20,2978006800.00,6710
1990-12-20,0.000604,0.000574,0.001408,0.001345,-0.000242,330.12,2980382620.00,6711
1990-12-21,0.003009,0.002947,0.000046,-0.000232,0.004938,331.75,2989091100.00,6709
1990-12-24,-0.003690,-0.004389,0.001370,0.000707,-0.005576,329.90,2975823740.00,6710
1990-12-26,0.002638,0.002552,-0.001432,-0.001527,0.002880,330.85,2983370670.00,6707
1990-12-27,-0.005724,-0.005746,-0.002016,-0.002040,-0.007738,328.29,2966130500.00,6707
1990-12-28,0.000360,0.000107,-0.000151,-0.000258,0.001310,328.72,2966606470.00,6704
1990-12-31,0.004980,0.004968,0.010273,0.010243,0.004563,330.22,2979693820.00,6705
1991-01-02,-0.008813,-0.008846,0.010975,0.010950,-0.011417,326.45,2953001420.00,6702
1991-01-03,-0.011820,-0.011836,-0.002441,-0.002460,-0.013907,321.91,2918036090.00,6701
1991-01-04,-0.002309,-0.002721,0.002093,0.001981,-0.002827,321.00,2904886720.00,6700
1991-01-07,-0.016346,-0.016542,-0.009454,-0.009539,-0.017321,315.44,2856875030.00,6700
1991-01-08,-0.002727,-0.002744,-0.003873,-0.003909,-0.001712,314.90,2849029720.00,6700
1991-01-09,-0.009093,-0.009212,-0.001875,-0.002003,-0.010829,311.49,2822622330.00,6695
1991-01-10,0.009429,0.009409,0.004086,0.004062,0.009760,314.53,2849173250.00,6693
1991-01-11,0.000868,0.000842,0.001710,0.001687,0.002226,315.23,2851577900.00,6692
1991-01-14,-0.009508,-0.009770,-0.013101,-0.013206,-0.008692,312.49,2823691320.00,6691
1991-01-15,0.003183,0.003155,-0.000554,-0.000574,0.003968,313.73,2832484090.00,6690
1991-01-16,0.009464,0.009431,0.006528,0.006522,0.007777,316.17,2859214510.00,6691
1991-01-17,0.033074,0.033072,0.023274,0.023260,0.037322,327.97,2953676640.00,6689
1991-01-18,0.009020,0.008891,0.000814,0.000752,0.012989,332.23,2979935110.00,6687
1991-01-21,-0.000752,-0.000752,0.000705,0.000705,-0.003522,331.06,2977697670.00,6689
1991-01-22,-0.005899,-0.005941,0.004444,0.004396,-0.008307,328.31,2961417560.00,6689
1991-01-23,0.005906,0.005878,0.008564,0.008551,0.005787,330.21,2978782100.00,6688
1991-01-24,0.014341,0.014215,0.013086,0.013057,0.013840,334.78,3021125420.00,6688
1991-01-25,0.004249,0.004152,0.011475,0.011308,0.003853,336.07,3033755110.00,6683
1991-01-28,0.001523,0.001314,0.006932,0.006792,-0.000119,336.03,3037684160.00,6675
1991-01-29,0.001066,0.000849,0.007142,0.007076,-0.000565,335.84,3040275230.00,6672
1991-01-30,0.014963,0.014881,0.015983,0.015947,0.015097,340.91,3085562240.00,6674
1991-01-31,0.009568,0.009546,0.013224,0.013211,0.008859,343.93,3115197450.00,6675
1991-02-01,0.000271,0.000210,0.011324,0.011282,-0.002559,343.05,3115851020.00,6672
1991-02-04,0.015715,0.015103,0.019088,0.018903,0.015421,348.34,3162446230.00,6669
1991-02-05,0.010277,0.009838,0.013565,0.013444,0.008383,351.26,3193658780.00,6669
1991-02-06,0.017859,0.017828,0.014885,0.014864,0.019387,358.07,3250734190.00,6670
1991-02-07,-0.003433,-0.003660,0.003348,0.003311,-0.004329,356.52,3238678420.00,6667
1991-02-08,0.006692,0.006558,0.008712,0.008646,0.007938,359.35,3260072150.00,6670
1991-02-11,0.023406,0.022904,0.015080,0.014778,0.025685,368.58,3334689420.00,6671
1991-02-12,-0.005439,-0.005568,0.003575,0.003531,-0.008356,365.50,3316053690.00,6669
1991-02-13,0.008805,0.008627,0.008795,0.008738,0.009631,369.02,3344653310.00,6667
1991-02-14,-0.011131,-0.011162,0.001423,0.001380,-0.013007,364.22,3307318450.00,6665
1991-02-15,0.011687,0.011421,0.010002,0.009861,0.013289,369.06,3345055650.00,6663
1991-02-19,0.001523,0.001428,0.002096,0.002035,0.000894,369.39,3349777300.00,6664
1991-02-20,-0.010218,-0.010246,-0.003443,-0.003462,-0.011506,365.14,3315156180.00,6659
1991-02-21,-0.000246,-0.000278,0.006361,0.006350,-0.000466,364.97,3315046360.00,6666
1991-02-22,0.002227,0.001996,0.006866,0.006724,0.001863,365.65,3321441220.00,6663
1991-02-25,0.004392,0.004076,0.005426,0.005228,0.004403,367.26,3335034970.00,6660
1991-02-26,-0.010480,-0.010653,-0.003416,-0.003476,-0.012117,362.81,3299560390.00,6661
1991-02-27,0.011476,0.011292,0.007556,0.007450,0.013588,367.74,3336813700.00,6662
1991-02-28,0.000805,0.000631,0.009772,0.009744,-0.001822,367.07,3339106370.00,6662
1991-03-01,0.008371,0.008298,0.006262,0.006227,0.009263,370.47,3366815550.00,6662
1991-03-04,0.000792,0.000434,0.011984,0.011699,-0.003077,369.33,3368276780.00,6662
1991-03-05,0.018720,0.018588,0.014933,0.014847,0.020009,376.72,3431259330.00,6661
1991-03-06,-0.000997,-0.001051,0.004454,0.004391,-0.001460,376.17,3427552250.00,6660
1991-03-07,0.000183,0.000112,0.004281,0.004118,-0.000691,375.91,3427966970.00,6650
1991-03-08,-0.001836,-0.001998,0.005666,0.005586,-0.002554,374.95,3421325790.00,6651
1991-03-11,-0.005634,-0.006020,-0.000339,-0.000678,-0.005307,372.96,3400739050.00,6653
1991-03-12,-0.008146,-0.008229,-0.002455,-0.002526,-0.007856,370.03,3372738780.00,6651
1991-03-13,0.010826,0.010782,0.007081,0.007052,0.012269,374.57,3409175110.00,6651
1991-03-14,-0.001446,-0.001492,0.005160,0.005112,-0.002857,373.50,3397559390.00,6649
1991-03-15,-0.002086,-0.002091,-0.001230,-0.001274,0.000241,373.59,3391832080.00,6648
1991-03-18,-0.002448,-0.002485,0.001536,0.001479,-0.003962,372.11,3383173350.00,6648
1991-03-19,-0.012276,-0.012350,-0.004580,-0.004617,-0.014834,366.59,3341694370.00,6651
1991-03-20,0.003676,0.003665,0.004316,0.004310,0.003628,367.92,3354487470.00,6656
1991-03-21,-0.002437,-0.002468,0.003451,0.003437,-0.003642,366.58,3353214700.00,6659
1991-03-22,0.001576,0.001132,0.003131,0.002731,0.002455,367.48,3357069030.00,6657
1991-03-25,0.006500,0.006364,0.005513,0.005409,0.006395,369.83,3378428190.00,6653
1991-03-26,0.016058,0.016055,0.007365,0.007342,0.017495,376.30,3434443450.00,6655
1991-03-27,0.000049,0.000024,0.006347,0.006326,-0.002525,375.35,3434623000.00,6661
1991-03-28,-0.000331,-0.000339,0.005386,0.005371,-0.000346,375.22,3444735650.00,6660
1991-04-01,-0.007887,-0.008127,-0.001006,-0.001159,-0.010447,371.30,3417189630.00,6649
1991-04-02,0.019315,0.019280,0.009694,0.009674,0.022085,379.50,3484057420.00,6651
1991-04-03,0.001303,0.001234,0.007960,0.007945,-0.001476,378.94,3488810860.00,6651
1991-04-04,0.003189,0.002814,0.005458,0.005385,0.002190,379.77,3498836150.00,6651
1991-04-05,-0.008957,-0.008982,0.001111,0.001069,-0.011612,375.36,3467410980.00,6650
1991-04-08,0.005881,0.005831,0.002053,0.001956,0.008792,378.66,3487647020.00,6653
1991-04-09,-0.010069,-0.010193,-0.001068,-0.001192,-0.013469,373.56,3452065900.00,6652
1991-04-10,-0.001837,-0.001849,0.000949,0.000918,-0.001098,373.15,3445672320.00,6648
1991-04-11,0.011522,0.011511,0.008509,0.008487,0.012006,377.63,3485115000.00,6643
1991-04-12,0.006035,0.006023,0.005133,0.005112,0.007335,380.40,3506149650.00,6642
1991-04-15,0.001968,0.001729,0.001322,0.001211,0.002077,381.19,3512186350.00,6640
1991-04-16,0.014233,0.014209,0.006682,0.006651,0.016868,387.62,3561975950.00,6639
1991-04-17,0.007752,0.007724,0.006616,0.006607,0.007301,390.45,3589943740.00,6639
1991-04-18,-0.004857,-0.004872,0.001468,0.001439,-0.005097,388.46,3572634890.00,6639
1991-04-19,-0.009834,-0.009870,-0.000865,-0.000894,-0.010966,384.20,3537361380.00,6641
1991-04-22,-0.009336,-0.009434,-0.007944,-0.008002,-0.008459,380.95,3503538270.00,6638
1991-04-23,0.001777,0.001760,0.003613,0.003582,0.002126,381.76,3509765910.00,6637
1991-04-24,0.002895,0.002780,0.004466,0.004322,0.002619,382.76,3520656020.00,6639
1991-04-25,-0.007303,-0.007374,-0.000625,-0.000711,-0.009170,379.25,3494995700.00,6642
1991-04-26,-0.001376,-0.001451,-0.000129,-0.000178,-0.000606,379.02,3490146340.00,6640
1991-04-29,-0.012574,-0.012769,-0.005352,-0.005456,-0.014142,373.66,3445294430.00,6638
1991-04-30,0.002211,0.001980,-0.003821,-0.003897,0.004523,375.35,3452264390.00,6639
1991-05-01,0.011984,0.011959,0.007196,0.007161,0.013161,380.29,3494259400.00,6641
1991-05-02,0.001922,0.001880,0.004836,0.004808,0.000605,380.52,3503346740.00,6646
1991-05-03,0.000813,0.000716,0.003169,0.003142,0.000736,380.80,3506528430.00,6647
1991-05-06,-0.001580,-0.002123,-0.001309,-0.001528,-0.001891,380.08,3498347870.00,6646
1991-05-07,-0.005006,-0.005377,0.002367,0.002291,-0.007262,377.32,3479580370.00,6648
1991-05-08,0.002347,0.002323,0.004043,0.004006,0.003154,378.51,3487820940.00,6650
1991-05-09,0.011488,0.011049,0.005198,0.004994,0.012523,383.25,3526461560.00,6647
1991-05-10,-0.015676,-0.015818,-0.004073,-0.004112,-0.019596,375.74,3471153700.00,6648
1991-05-13,0.001862,0.001554,-0.000283,-0.000426,0.002715,376.76,3476544340.00,6651
1991-05-14,-0.011850,-0.011936,-0.006070,-0.006137,-0.013643,371.62,3435031380.00,6645
1991-05-15,-0.009834,-0.009936,-0.007946,-0.007967,-0.008207,368.57,3401096940.00,6647
1991-05-16,0.009211,0.009065,0.003792,0.003753,0.009822,372.19,3432660570.00,6653
1991-05-17,-0.000181,-0.000186,0.002145,0.002125,0.000537,372.39,3432719260.00,6654
1991-05-20,-0.000067,-0.000281,-0.000780,-0.000907,-0.000295,372.28,3431673200.00,6651
1991-05-21,0.007450,0.007355,0.003274,0.003237,0.008246,375.35,3457746830.00,6653
1991-05-22,0.002428,0.002395,0.001972,0.001954,0.002238,376.19,3466846730.00,6659
1991-05-23,-0.001313,-0.001342,0.001940,0.001924,-0.003243,374.97,3462400190.00,6658
1991-05-24,0.006375,0.006063,0.005159,0.004838,0.006721,377.49,3483688910.00,6656
1991-05-28,0.010607,0.010325,0.003560,0.003458,0.011788,381.94,3519651160.00,6655
1991-05-29,0.002654,0.002624,0.003403,0.003381,0.002225,382.79,3526826280.00,6654
1991-05-30,0.010109,0.010047,0.007187,0.007150,0.010894,386.96,3562263500.00,6654
1991-05-31,0.007133,0.006996,0.006538,0.006525,0.007417,389.83,3587705290.00,6655
1991-06-03,-0.002471,-0.002775,0.001578,0.001421,-0.004540,388.06,3577535830.00,6649
1991-06-04,-0.000321,-0.000487,0.000769,0.000672,-0.000825,387.74,3576206480.00,6653
1991-06-05,-0.005235,-0.005258,0.001089,0.001065,-0.006834,385.09,3557530090.00,6658
1991-06-06,-0.003385,-0.003446,-0.000134,-0.000168,-0.003791,383.63,3545739580.00,6663
1991-06-07,-0.009041,-0.009058,-0.001724,-0.001753,-0.010948,379.43,3513762160.00,6665
1991-06-10,-0.002186,-0.002591,-0.002013,-0.002347,-0.002267,378.57,3504178410.00,6666
1991-06-11,0.004424,0.004226,0.000454,0.000358,0.006551,381.05,3519656580.00,6663
1991-06-12,-0.010461,-0.010485,-0.008476,-0.008511,-0.011547,376.65,3482832370.00,6666
1991-06-13,0.002134,0.002065,0.002174,0.002156,0.002602,377.63,3490424650.00,6672
1991-06-14,0.010401,0.010368,0.005867,0.005822,0.012340,382.29,3526459970.00,6672
1991-06-17,-0.003775,-0.003821,-0.001621,-0.001674,-0.005650,380.13,3513103190.00,6670
1991-06-18,-0.003599,-0.003690,-0.002474,-0.002501,-0.004051,378.59,3500286680.00,6669
1991-06-19,-0.009258,-0.009269,-0.005662,-0.005679,-0.009245,375.09,3468750490.00,6671
1991-06-20,0.000214,0.000204,-0.000191,-0.000218,0.000880,375.42,3469863310.00,6674
1991-06-21,0.004215,0.004213,0.001745,0.001727,0.006206,377.75,3484889350.00,6679
1991-06-24,-0.016578,-0.017083,-0.010969,-0.011392,-0.018028,370.94,3425359260.00,6681
1991-06-25,-0.001745,-0.001809,-0.003317,-0.003389,-0.000782,370.65,3420562620.00,6680
1991-06-26,0.001376,0.001353,-0.001090,-0.001105,0.002536,371.59,3426208600.00,6683
1991-06-27,0.006771,0.006757,0.002820,0.002797,0.007562,374.40,3449444130.00,6683
1991-06-28,-0.006103,-0.006332,0.000311,0.000226,-0.008654,371.16,3448357820.00,6688
1991-07-01,0.015764,0.015718,0.005160,0.005133,0.018213,377.92,3502627460.00,6685
1991-07-02,-0.001009,-0.001019,0.000728,0.000709,-0.001191,377.47,3498945200.00,6688
1991-07-03,-0.009230,-0.009572,-0.003896,-0.004036,-0.010968,373.33,3464445730.00,6688
1991-07-05,0.001917,0.001783,0.002082,0.002043,0.002009,374.08,3469614500.00,6675
1991-07-08,0.008084,0.008041,0.000466,0.000345,0.010319,377.94,3497444910.00,6676
1991-07-09,-0.000854,-0.000992,0.003167,0.003030,-0.004842,376.11,3493974520.00,6676
1991-07-10,0.000404,0.000402,0.004199,0.004186,-0.000984,375.74,3495425670.00,6677
1991-07-11,0.002929,0.002922,0.002332,0.002308,0.003274,376.97,3506871470.00,6679
1991-07-12,0.007602,0.007587,0.005261,0.005250,0.008701,380.25,3532806950.00,6674
1991-07-15,0.006161,0.005993,0.005106,0.005030,0.005628,382.39,3554112470.00,6676
1991-07-16,-0.001752,-0.001793,0.000392,0.000360,-0.002223,381.54,3550856640.00,6678
1991-07-17,-0.000131,-0.000169,0.002304,0.002288,-0.000944,381.18,3550568190.00,6681
1991-07-18,0.009041,0.009037,0.006989,0.006968,0.010992,385.37,3582867810.00,6683
1991-07-19,-0.001929,-0.001960,0.002343,0.002316,-0.002984,384.22,3577690790.00,6687
1991-07-22,-0.003425,-0.003508,-0.000597,-0.000626,-0.003488,382.88,3565144540.00,6685
1991-07-23,-0.008420,-0.008453,-0.003266,-0.003303,-0.009037,379.42,3534889800.00,6682
1991-07-24,-0.002706,-0.002731,-0.001677,-0.001704,-0.002056,378.64,3525969910.00,6686
1991-07-25,0.005378,0.005277,0.002458,0.002297,0.006127,380.96,3544701010.00,6683
1991-07-26,0.000878,0.000789,0.003006,0.002910,-0.000079,380.93,3547729520.00,6688
1991-07-29,0.004775,0.004600,0.000712,0.000642,0.005828,383.15,3563949940.00,6686
1991-07-30,0.008723,0.008508,0.004623,0.004547,0.009239,386.69,3594590360.00,6688
1991-07-31,0.003968,0.003954,0.005935,0.005915,0.002896,387.81,3610102520.00,6692
1991-08-01,-0.000973,-0.001022,0.000698,0.000671,-0.001779,387.12,3603809130.00,6685
1991-08-02,0.000808,0.000687,0.001724,0.001681,0.000155,387.18,3607436990.00,6687
1991-08-05,-0.004846,-0.005165,-0.002183,-0.002331,-0.005475,385.06,3588814810.00,6685
1991-08-06,0.011969,0.011596,0.002850,0.002776,0.014439,390.62,3630419500.00,6690
1991-08-07,0.001144,0.000853,0.002620,0.002598,-0.000154,390.56,3635091220.00,6696
1991-08-08,-0.001488,-0.001618,0.002178,0.002145,-0.003175,389.32,3629734300.00,6699
1991-08-09,-0.003925,-0.004246,0.001036,0.000869,-0.005651,387.12,3614435800.00,6703
1991-08-12,0.001978,0.001686,0.000304,0.000189,0.002325,388.02,3620510610.00,6705
1991-08-13,0.004441,0.004395,0.002914,0.002881,0.004124,389.62,3636638160.00,6711
1991-08-14,0.002259,0.002133,0.003345,0.003292,0.000719,389.90,3644626930.00,6714
1991-08-15,-0.001346,-0.001400,0.001052,0.001038,-0.001462,389.33,3640039490.00,6718
1991-08-16,-0.007974,-0.008094,-0.001416,-0.001484,-0.009632,385.58,3610690610.00,6718
1991-08-19,-0.023036,-0.023216,-0.024102,-0.024201,-0.023627,376.47,3526984080.00,6718
1991-08-20,0.007127,0.007101,0.007017,0.006990,0.007863,379.43,3551892210.00,6715
1991-08-21,0.027107,0.027082,0.019135,0.019121,0.029413,390.59,3649183290.00,6715
1991-08-22,0.002229,0.002196,0.004393,0.004378,0.001895,391.33,3657214500.00,6717
1991-08-23,0.006183,0.006150,0.005558,0.005537,0.007257,394.17,3679609000.00,6713
1991-08-26,-0.000292,-0.000631,0.002194,0.001908,-0.000812,393.85,3677289850.00,6713
1991-08-27,-0.000906,-0.001122,0.000021,-0.000071,-0.002006,393.06,3673211660.00,6714
1991-08-28,0.008422,0.008287,0.006739,0.006698,0.009108,396.64,3703678470.00,6713
1991-08-29,0.000028,-0.000002,0.002995,0.002969,-0.000429,396.47,3704401260.00,6713
1991-08-30,-0.001435,-0.001679,0.003200,0.003101,-0.002623,395.43,3698731620.00,6711
1991-09-03,-0.007347,-0.007472,-0.003144,-0.003207,-0.008295,392.15,3671187970.00,6705
1991-09-04,-0.005382,-0.005499,-0.002558,-0.002620,-0.005559,389.97,3651498550.00,6711
1991-09-05,-0.002508,-0.002537,0.000238,0.000209,-0.002128,389.14,3642811890.00,6712
1991-09-06,0.000119,0.000096,0.001691,0.001665,-0.000103,389.10,3643091220.00,6713
1991-09-09,-0.000995,-0.001404,-0.000036,-0.000292,-0.001362,388.57,3638256540.00,6716
1991-09-10,-0.010083,-0.010426,-0.006563,-0.006726,-0.010320,384.56,3599894960.00,6712
1991-09-11,0.001800,0.001789,0.001402,0.001373,0.001378,385.09,3606342280.00,6712
1991-09-12,0.006593,0.006568,0.005507,0.005500,0.005843,387.34,3630094670.00,6712
1991-09-13,-0.008549,-0.008578,0.000488,0.000466,-0.009681,383.59,3598443820.00,6710
1991-09-16,0.004198,0.004124,-0.000553,-0.000634,0.005709,385.78,3614003510.00,6711
1991-09-17,-0.000361,-0.000438,-0.000129,-0.000205,-0.000726,385.50,3612600430.00,6713
1991-09-18,0.003527,0.003517,0.003252,0.003239,0.003735,386.94,3625156160.00,6711
1991-09-19,0.003243,0.003222,0.005234,0.005217,0.001602,387.56,3638591860.00,6715
1991-09-20,0.002261,0.002127,0.006278,0.006249,0.000929,387.92,3641109400.00,6725
1991-09-23,-0.004277,-0.004318,-0.002002,-0.002076,-0.005156,385.92,3625297230.00,6724
1991-09-24,0.004591,0.004223,0.001866,0.001503,0.004638,387.71,3641082480.00,6728
1991-09-25,-0.001444,-0.001508,0.002182,0.002132,-0.002141,386.88,3635707810.00,6729
1991-09-26,-0.000196,-0.000201,0.003213,0.003194,-0.001008,386.49,3635216440.00,6730
1991-09-27,-0.001547,-0.001553,0.000865,0.000844,-0.001527,385.90,3629865030.00,6731
1991-09-30,0.005512,0.005292,0.003947,0.003884,0.005079,387.86,3675768000.00,6734
1991-10-01,0.002719,0.002673,0.001359,0.001153,0.003455,389.20,3685978540.00,6737
1991-10-02,-0.002361,-0.002373,-0.000598,-0.000629,-0.002415,388.26,3678072720.00,6731
1991-10-03,-0.008870,-0.008888,-0.003945,-0.003953,-0.009762,384.47,3645746430.00,6739
1991-10-04,-0.005721,-0.006106,-0.000299,-0.000368,-0.008401,381.24,3623367970.00,6736
1991-10-07,-0.005612,-0.005698,-0.005339,-0.005426,-0.004564,379.50,3602328340.00,6736
1991-10-08,0.002624,0.002502,0.002109,0.001984,0.003083,380.67,3611855470.00,6736
1991-10-09,-0.008432,-0.008439,-0.002790,-0.002813,-0.010166,376.80,3581047710.00,6737
1991-10-10,0.007061,0.007049,0.001010,0.000984,0.009952,380.55,3607160890.00,6742
1991-10-11,0.003056,0.002894,0.004441,0.004374,0.002365,381.45,3619199420.00,6751
1991-10-14,0.011955,0.011955,0.006057,0.006057,0.013160,386.47,3660738370.00,6746
1991-10-15,0.011922,0.011868,0.006657,0.006619,0.011747,391.01,3705145310.00,6750
1991-10-16,0.006814,0.006801,0.007882,0.007869,0.004578,392.80,3730592680.00,6748
1991-10-17,-0.002361,-0.002389,0.000436,0.000396,-0.002240,391.92,3722042920.00,6751
1991-10-18,0.001829,0.001817,0.005793,0.005781,0.001480,392.50,3729472450.00,6751
1991-10-21,-0.005529,-0.005609,0.000213,0.000164,-0.006318,390.02,3709360300.00,6753
1991-10-22,-0.003832,-0.003860,0.000658,0.000630,-0.005615,387.83,3695207110.00,6753
1991-10-23,-0.000460,-0.000463,0.000247,0.000235,0.000284,387.94,3693232540.00,6750
1991-10-24,-0.007669,-0.007672,-0.004424,-0.004450,-0.007398,385.07,3665681500.00,6758
1991-10-25,-0.002843,-0.002951,-0.000372,-0.000559,-0.002259,384.20,3655463280.00,6765
1991-10-28,0.011439,0.011232,0.004369,0.004239,0.013847,389.52,3696748310.00,6765
1991-10-29,0.005907,0.005713,0.003411,0.003351,0.005032,391.48,3718529710.00,6767
1991-10-30,0.005325,0.005310,0.006553,0.006497,0.003781,392.96,3738041100.00,6765
1991-10-31,0.001294,0.001285,0.007580,0.007555,-0.001272,392.46,3743886820.00,6764
1991-11-01,-0.002711,-0.002755,0.000563,0.000532,-0.002905,391.32,3733213060.00,6760
1991-11-04,-0.002984,-0.003648,-0.001686,-0.001876,-0.002658,390.28,3719356250.00,6756
1991-11-05,-0.002225,-0.002610,0.000627,0.000563,-0.004023,388.71,3708874030.00,6757
1991-11-06,0.002803,0.002616,0.003658,0.003631,0.003241,389.97,3720144870.00,6762
1991-11-07,0.009026,0.008907,0.008263,0.008213,0.009616,393.72,3754346290.00,6768
1991-11-08,0.000282,-0.000207,0.003710,0.003412,-0.002108,392.89,3754465770.00,6772
1991-11-11,0.001565,0.001565,0.002162,0.002162,0.000585,393.12,3760529210.00,6774
1991-11-12,0.008718,0.008656,0.005316,0.005282,0.009208,396.74,3793187800.00,6778
1991-11-13,0.001393,0.001312,0.000919,0.000901,0.001689,397.41,3798260940.00,6779
1991-11-14,-0.000983,-0.001073,0.002022,0.001972,-0.000654,397.15,3794768580.00,6783
1991-11-15,-0.034069,-0.034083,-0.019151,-0.019167,-0.036586,382.62,3666474270.00,6781
1991-11-18,0.005141,0.004840,-0.003085,-0.003188,0.006848,385.24,3683919730.00,6775
1991-11-19,-0.015426,-0.015464,-0.017609,-0.017640,-0.015108,379.42,3625784240.00,6771
1991-11-20,-0.001212,-0.001270,0.006671,0.006648,-0.002346,378.53,3622895460.00,6777
1991-11-21,0.004238,0.004211,0.005409,0.005384,0.004042,380.06,3637877180.00,6784
1991-11-22,-0.009163,-0.009463,-0.004931,-0.005170,-0.010314,376.14,3605416610.00,6790
1991-11-25,-0.003025,-0.003268,-0.003854,-0.003982,-0.002127,375.34,3593278150.00,6787
1991-11-26,0.004763,0.004741,-0.001629,-0.001652,0.006980,377.96,3609216770.00,6781
1991-11-27,-0.001972,-0.002094,0.000868,0.000803,-0.003731,376.55,3605044540.00,6798
1991-11-29,-0.001413,-0.001482,0.004865,0.004823,-0.003532,375.22,3598931380.00,6795
1991-12-02,0.013489,0.013129,-0.002884,-0.003051,0.016470,381.40,3643605570.00,6789
1991-12-03,0.000811,0.000622,0.000549,0.000486,-0.001154,380.96,3646655490.00,6795
1991-12-04,-0.001293,-0.001409,0.000900,0.000829,-0.002336,380.07,3641702020.00,6798
1991-12-05,-0.005039,-0.005095,-0.002601,-0.002635,-0.007051,377.39,3624847220.00,6806
1991-12-06,0.003774,0.003750,0.002624,0.002595,0.004531,379.10,3637145060.00,6797
1991-12-09,-0.002034,-0.002312,-0.005420,-0.005661,-0.002216,378.26,3628768910.00,6797
1991-12-10,-0.001235,-0.001548,-0.005686,-0.005848,-0.000952,377.90,3623719940.00,6797
1991-12-11,-0.002004,-0.002021,-0.004190,-0.004236,-0.000529,377.70,3616172980.00,6793
1991-12-12,0.008720,0.008691,0.005165,0.005142,0.010193,381.55,3649137530.00,6801
1991-12-13,0.007073,0.007047,0.007142,0.007083,0.007653,384.47,3676595920.00,6800
1991-12-16,0.001531,0.001438,0.001787,0.001671,-0.000026,384.46,3681779260.00,6793
1991-12-17,-0.004858,-0.004974,-0.005526,-0.005583,-0.004474,382.74,3664101740.00,6797
1991-12-18,0.001109,0.001095,-0.001197,-0.001228,0.001933,383.48,3668769860.00,6800
1991-12-19,-0.003845,-0.003864,-0.002470,-0.002499,-0.002503,382.52,3656357660.00,6803
1991-12-20,0.009688,0.009635,0.001757,0.001607,0.011816,387.04,3691240520.00,6802
1991-12-23,0.022189,0.022163,0.009023,0.008953,0.025269,396.82,3773964500.00,6804
1991-12-24,0.008170,0.007613,0.008913,0.008479,0.006325,399.33,3802094540.00,6800
1991-12-26,0.013938,0.013877,0.010790,0.010738,0.013798,404.84,3854911110.00,6802
1991-12-27,0.006093,0.005881,0.007241,0.007176,0.004002,406.46,3878558220.00,6805
1991-12-30,0.020303,0.020295,0.012477,0.012459,0.021355,415.14,3957497000.00,6803
1991-12-31,0.006064,0.006061,0.015295,0.015285,0.004697,417.09,3998499680.00,6804
1992-01-02,-0.000592,-0.000618,0.011374,0.011350,0.000408,417.26,3989234980.00,6796
1992-01-03,0.005579,0.005566,0.011236,0.011230,0.004985,419.34,4011589540.00,6797
1992-01-06,0.000018,-0.000331,0.010594,0.010490,-0.003291,417.96,4010223650.00,6793
1992-01-07,0.000525,0.000476,0.007992,0.007966,-0.001340,417.40,4012154470.00,6795
1992-01-08,0.003954,0.003946,0.009794,0.009773,0.001677,418.10,4027983170.00,6795
1992-01-09,0.002775,0.002618,0.013328,0.013181,-0.001172,417.61,4038447900.00,6794
1992-01-10,-0.005939,-0.005956,0.001929,0.001906,-0.006010,415.10,4014453380.00,6791
1992-01-13,-0.000875,-0.000930,0.004934,0.004866,-0.001831,414.34,4010698620.00,6792
1992-01-14,0.013024,0.012994,0.012941,0.012920,0.014722,420.44,4062956810.00,6794
1992-01-15,0.002916,0.002863,0.011521,0.011504,0.000785,420.77,4075412950.00,6794
1992-01-16,-0.005337,-0.005378,0.006103,0.006054,-0.006084,418.21,4053529350.00,6794
1992-01-17,0.001255,0.001191,0.007406,0.007373,0.001554,418.86,4058716870.00,6798
1992-01-20,-0.005989,-0.005989,0.004745,0.004745,-0.005969,416.36,4033645110.00,6794
1992-01-21,-0.011051,-0.011088,-0.007654,-0.007677,-0.008935,412.64,3989688920.00,6798
1992-01-22,0.013444,0.013431,0.010411,0.010398,0.013305,418.13,4044220500.00,6801
1992-01-23,-0.004011,-0.004023,0.004636,0.004630,-0.007581,414.96,4027626430.00,6803
1992-01-24,0.001265,0.001253,0.006622,0.006602,0.001253,415.48,4034628990.00,6807
1992-01-27,-0.001468,-0.001707,0.005063,0.004841,-0.001179,414.99,4027332830.00,6804
1992-01-28,0.000131,0.000008,0.005310,0.005233,-0.000072,414.96,4028586930.00,6807
1992-01-29,-0.009785,-0.009842,-0.001150,-0.001173,-0.011134,410.34,3990093450.00,6812
1992-01-30,0.004172,0.004156,0.005177,0.005152,0.003144,411.63,4007659260.00,6816
1992-01-31,-0.004810,-0.004851,0.004681,0.004667,-0.006899,408.79,3988867300.00,6815
1992-02-03,0.002604,0.002362,0.004491,0.004371,0.001810,409.53,3999079430.00,6817
1992-02-04,0.009858,0.009536,0.007020,0.006909,0.010549,413.85,4037409020.00,6808
1992-02-05,0.002355,0.002028,0.006616,0.006550,-0.000024,413.84,4045511420.00,6810
1992-02-06,0.000532,0.000328,0.005779,0.005756,-0.000048,413.82,4047029200.00,6814
1992-02-07,-0.005349,-0.005498,0.003053,0.003033,-0.006597,411.09,4025084270.00,6807
1992-02-10,0.004783,0.004278,0.003005,0.002697,0.006519,413.77,4042195690.00,6805
1992-02-11,0.000312,0.000225,0.002716,0.002675,-0.000024,413.76,4043256760.00,6808
1992-02-12,0.008709,0.008655,0.008405,0.008380,0.008145,417.13,4077877880.00,6808
1992-02-13,-0.008016,-0.008085,0.000229,0.000184,-0.008247,413.69,4046622450.00,6813
1992-02-14,-0.002059,-0.002363,0.004206,0.004116,-0.002925,412.48,4032128250.00,6814
1992-02-18,-0.011551,-0.011605,-0.003697,-0.003724,-0.012364,407.38,3984763290.00,6814
1992-02-19,0.000003,-0.000032,-0.003249,-0.003274,0.002160,408.26,3985429910.00,6814
1992-02-20,0.012474,0.012418,0.008768,0.008755,0.013815,413.90,4034973740.00,6816
1992-02-21,-0.004983,-0.005001,0.001126,0.001113,-0.005895,411.46,4015106590.00,6818
1992-02-24,-0.000364,-0.000621,-0.001549,-0.001744,0.001969,412.27,4013191720.00,6820
1992-02-25,-0.004183,-0.004418,-0.004095,-0.004190,-0.004415,410.45,3995163770.00,6821
1992-02-26,0.011719,0.011702,0.009057,0.009042,0.011938,415.35,4043694260.00,6825
1992-02-27,-0.000865,-0.000912,0.004674,0.004634,-0.003587,413.86,4044204460.00,6829
1992-02-28,-0.002338,-0.002371,0.003851,0.003830,-0.002803,412.70,4035709580.00,6836
1992-03-02,0.000958,0.000688,0.005168,0.005039,-0.000606,412.45,4036821940.00,6831
1992-03-03,0.000517,0.000263,0.002085,0.002023,0.000970,412.85,4039357940.00,6839
1992-03-04,-0.007033,-0.007134,-0.001672,-0.001726,-0.008526,409.33,4011101740.00,6845
1992-03-05,-0.008408,-0.008471,-0.006514,-0.006552,-0.006889,406.51,3976462310.00,6845
1992-03-06,-0.005362,-0.005507,-0.003356,-0.003391,-0.005092,404.44,3956598830.00,6850
1992-03-09,0.001412,0.001121,-0.000064,-0.000294,0.001904,405.21,3963114060.00,6854
1992-03-10,0.005301,0.005149,0.004524,0.004390,0.004146,406.89,3983927010.00,6854
1992-03-11,-0.007128,-0.007153,-0.003939,-0.003972,-0.007029,404.03,3956460110.00,6857
1992-03-12,-0.001260,-0.001281,-0.001234,-0.001256,-0.000347,403.89,3951662070.00,6858
1992-03-13,0.004298,0.004271,0.003033,0.002993,0.004828,405.84,3969116870.00,6859
1992-03-16,0.000298,0.000221,-0.001136,-0.001215,0.001355,406.39,3969375320.00,6864
1992-03-17,0.007302,0.007214,0.004046,0.004017,0.007850,409.58,3999827100.00,6867
1992-03-18,0.000023,0.000015,0.003147,0.003138,-0.001050,409.15,4000124120.00,6872
1992-03-19,0.001774,0.001747,0.001194,0.001179,0.001589,409.80,4008870480.00,6882
1992-03-20,0.001752,0.001745,0.000699,0.000692,0.003660,411.30,4016747270.00,6887
1992-03-23,-0.002658,-0.002690,-0.002052,-0.002125,-0.003380,409.91,4005902530.00,6883
1992-03-24,-0.002592,-0.002601,-0.001854,-0.001906,-0.002513,408.88,3995720640.00,6885
1992-03-25,-0.001184,-0.001618,0.001305,0.000976,-0.003326,407.52,3990789400.00,6890
1992-03-26,-0.000975,-0.001014,-0.000619,-0.000661,0.000834,407.86,3987048270.00,6890
1992-03-27,-0.010421,-0.010439,-0.007053,-0.007076,-0.010690,403.50,3946568840.00,6893
1992-03-30,-0.001860,-0.002036,-0.001978,-0.002020,-0.001239,403.00,3938040170.00,6883
1992-03-31,0.001499,0.001469,0.000796,0.000768,0.001712,403.69,3976774290.00,6888
1992-04-01,0.000199,0.000163,-0.005059,-0.005103,0.001338,404.23,3976431720.00,6888
1992-04-02,-0.009487,-0.009515,-0.005578,-0.005592,-0.009227,400.50,3938179380.00,6887
1992-04-03,0.000386,0.000329,-0.003531,-0.003543,0.002622,401.55,3939598250.00,6892
1992-04-06,0.009007,0.008592,0.002007,0.001826,0.010061,405.59,3974362640.00,6882
1992-04-07,-0.017740,-0.017785,-0.014873,-0.014903,-0.018566,398.06,3903942060.00,6878
1992-04-08,-0.010243,-0.010248,-0.013199,-0.013218,-0.008943,394.50,3863953640.00,6878
1992-04-09,0.015967,0.015828,0.012684,0.012553,0.015564,400.64,3927961820.00,6882
1992-04-10,0.007450,0.007343,0.006304,0.006225,0.009110,404.29,3956813910.00,6885
1992-04-13,0.004585,0.004552,0.000749,0.000717,0.004428,406.08,3975408250.00,6884
1992-04-14,0.013444,0.013443,0.006019,0.006012,0.015539,412.39,4028931550.00,6891
1992-04-15,0.007901,0.007900,0.003621,0.003616,0.009433,416.28,4058133340.00,6890
1992-04-16,-0.002718,-0.002745,-0.003981,-0.003995,-0.000553,416.05,4045647290.00,6888
1992-04-20,-0.014468,-0.014587,-0.011642,-0.011694,-0.014157,410.16,3987075530.00,6890
1992-04-21,-0.001111,-0.001165,-0.003070,-0.003104,0.000244,410.26,3982623610.00,6893
1992-04-22,-0.000170,-0.000173,0.001548,0.001540,-0.001097,409.81,3977104120.00,6884
1992-04-23,0.002202,0.002190,0.001248,0.001234,0.004368,411.60,3986554470.00,6889
1992-04-24,-0.004537,-0.004658,0.000424,0.000281,-0.006268,409.02,3968352860.00,6889
1992-04-27,-0.002185,-0.002345,-0.003514,-0.003600,-0.001394,408.45,3958529240.00,6889
1992-04-28,-0.000772,-0.000932,-0.005183,-0.005261,0.001616,409.11,3954870980.00,6890
1992-04-29,0.007670,0.007655,0.005545,0.005509,0.007113,412.02,3985556570.00,6893
1992-04-30,0.008763,0.008753,0.009026,0.009001,0.007111,414.95,4019396190.00,6895
1992-05-01,-0.004030,-0.004056,0.001866,0.001831,-0.005832,412.53,4002311260.00,6894
1992-05-04,0.009849,0.009411,0.003990,0.003769,0.010617,416.91,4035638970.00,6879
1992-05-05,0.001794,0.001653,0.003079,0.003012,-0.000168,416.84,4042405790.00,6881
1992-05-06,0.000615,0.000545,0.003235,0.003208,-0.000120,416.79,4045085450.00,6884
1992-05-07,-0.001465,-0.002114,0.000108,0.000073,-0.002255,415.85,4037530420.00,6886
1992-05-08,-0.000075,-0.000117,0.001334,0.001301,0.000481,416.05,4037220510.00,6887
1992-05-11,0.005332,0.004876,0.001380,0.001096,0.005865,418.49,4056876360.00,6888
1992-05-12,-0.004536,-0.004600,-0.001634,-0.001683,-0.005257,416.29,4036056130.00,6869
1992-05-13,-0.000289,-0.000344,0.000070,0.000051,0.000384,416.45,4035475250.00,6878
1992-05-14,-0.007544,-0.007619,-0.004486,-0.004524,-0.007948,413.14,4005104060.00,6884
1992-05-15,-0.005709,-0.005728,-0.001264,-0.001286,-0.007382,410.09,3982009100.00,6880
1992-05-18,0.005159,0.004820,0.000911,0.000797,0.006633,412.81,4001539690.00,6883
1992-05-19,0.006926,0.006887,0.001242,0.001215,0.008624,416.37,4031538080.00,6889
1992-05-20,-0.000583,-0.000631,-0.000399,-0.000485,-0.002354,415.39,4029125080.00,6890
1992-05-21,-0.005953,-0.005972,0.000113,0.000091,-0.006717,412.60,4005394070.00,6891
1992-05-22,0.002991,0.002782,0.003786,0.003618,0.003442,414.02,4016680710.00,6886
1992-05-26,-0.006315,-0.006586,-0.004713,-0.004853,-0.006304,411.41,3990168430.00,6886
1992-05-27,0.001798,0.001758,0.000318,0.000301,0.001847,412.17,3997215950.00,6886
1992-05-28,0.008447,0.008380,0.003081,0.003051,0.011088,416.74,4031079620.00,6888
1992-05-29,0.000279,0.000253,0.005474,0.005465,-0.003335,415.35,4032636530.00,6890
1992-06-01,0.004485,0.004197,0.001690,0.001568,0.004695,417.30,4049654440.00,6888
1992-06-02,-0.005655,-0.005895,0.001092,0.001023,-0.009106,413.50,4024059370.00,6887
1992-06-03,0.001755,0.001726,0.003220,0.003200,0.002636,414.59,4031848900.00,6892
1992-06-04,-0.002888,-0.003040,-0.000210,-0.000278,-0.003208,413.26,4020065720.00,6895
1992-06-05,-0.000669,-0.000696,-0.000795,-0.000839,0.000532,413.48,4017383920.00,6898
1992-06-08,-0.001225,-0.001363,-0.001895,-0.002009,-0.000290,413.36,4011871380.00,6887
1992-06-09,-0.008092,-0.008537,-0.007614,-0.007838,-0.007983,410.06,3978140380.00,6889
1992-06-10,-0.007020,-0.007045,-0.003364,-0.003416,-0.006853,407.25,3951371700.00,6892
1992-06-11,0.002347,0.002308,-0.002767,-0.002792,0.004420,409.05,3960889440.00,6894
1992-06-12,0.002516,0.002489,0.003694,0.003667,0.001736,409.76,3970762000.00,6895
1992-06-15,-0.000189,-0.000239,-0.005103,-0.005169,0.001293,410.29,3969812640.00,6895
1992-06-16,-0.004509,-0.004602,-0.002885,-0.002927,-0.004801,408.32,3951894480.00,6892
1992-06-17,-0.015123,-0.015130,-0.010655,-0.010668,-0.014841,402.26,3892959180.00,6889
1992-06-18,-0.004253,-0.004278,-0.005749,-0.005761,-0.003232,400.96,3875854440.00,6895
1992-06-19,0.006212,0.006193,0.006515,0.006490,0.006759,403.67,3900142800.00,6897
1992-06-22,-0.002611,-0.002646,-0.008802,-0.008870,-0.000669,403.40,3889807790.00,6895
1992-06-23,0.002994,0.002980,0.004104,0.004085,0.001587,404.04,3901391700.00,6892
1992-06-24,-0.001138,-0.001627,0.000772,0.000414,-0.000520,403.83,3895160570.00,6897
1992-06-25,-0.001575,-0.001609,-0.000666,-0.000724,-0.001758,403.12,3889269270.00,6897
1992-06-26,0.000723,0.000529,0.004093,0.004029,0.000819,403.45,3891306280.00,6900
1992-06-29,0.013168,0.013108,0.005298,0.005265,0.013608,408.94,3942259410.00,6900
1992-06-30,0.001630,0.001619,0.006759,0.006745,-0.001956,408.14,3979600440.00,6888
1992-07-01,0.010085,0.010050,0.006016,0.005978,0.011614,412.88,4018035380.00,6878
1992-07-02,-0.002419,-0.002435,0.001658,0.001634,-0.002688,411.77,4007632330.00,6872
1992-07-06,0.004066,0.003644,-0.001405,-0.001530,0.005027,413.84,4022424520.00,6874
1992-07-07,-0.009928,-0.009978,-0.002049,-0.002071,-0.011309,409.16,3982332060.00,6877
1992-07-08,0.001544,0.001541,-0.000334,-0.000344,0.002737,410.28,3987783660.00,6867
1992-07-09,0.009397,0.009276,0.007975,0.007854,0.009603,414.22,4024913230.00,6868
1992-07-10,0.002065,0.002056,0.006946,0.006905,0.000966,414.62,4033412070.00,6867
1992-07-13,0.001621,0.001577,0.003448,0.003367,0.000603,414.87,4039652520.00,6856
1992-07-14,0.006365,0.006323,0.006091,0.006057,0.006773,417.68,4065546520.00,6836
1992-07-15,-0.000692,-0.000693,0.004686,0.004680,-0.001389,417.10,4062841360.00,6838
1992-07-16,0.000977,0.000924,0.001000,0.000991,0.001055,417.54,4068239070.00,6843
1992-07-17,-0.004957,-0.004983,-0.001126,-0.001143,-0.004598,415.62,4047666800.00,6845
1992-07-20,-0.004796,-0.004879,-0.005605,-0.005657,-0.004499,413.75,4027776840.00,6847
1992-07-21,0.001226,0.001183,0.004701,0.004672,0.000024,413.76,4032714780.00,6844
1992-07-22,-0.006405,-0.006416,-0.002046,-0.002056,-0.006840,410.93,4007764090.00,6845
1992-07-23,0.002420,0.002409,0.003868,0.003863,0.002799,412.08,4017802930.00,6847
1992-07-24,-0.000374,-0.000386,0.001318,0.001292,-0.001165,411.60,4016518380.00,6845
1992-07-27,0.000460,0.000207,0.001988,0.001780,-0.000146,411.54,4017140980.00,6845
1992-07-28,0.012868,0.012733,0.008175,0.008082,0.014531,417.52,4068286300.00,6840
1992-07-29,0.010273,0.010197,0.006937,0.006898,0.011281,422.23,4110020030.00,6845
1992-07-30,0.003703,0.003682,0.003410,0.003389,0.004003,423.92,4125239020.00,6848
1992-07-31,0.001840,0.001795,0.007322,0.007290,0.000684,424.21,4134059610.00,6853
1992-08-03,0.002296,0.002036,0.003151,0.003048,0.002074,425.09,4141915670.00,6849
1992-08-04,-0.000991,-0.001323,-0.000038,-0.000125,-0.001717,424.36,4137265710.00,6841
1992-08-05,-0.004968,-0.004981,-0.000683,-0.000694,-0.005114,422.19,4116822420.00,6837
1992-08-06,-0.003484,-0.003744,0.000323,0.000308,-0.003790,420.59,4101739950.00,6841
1992-08-07,-0.002138,-0.002437,0.000169,0.000141,-0.004066,418.88,4092375420.00,6846
1992-08-10,0.000168,-0.000272,-0.001539,-0.001789,0.001289,419.42,4091192180.00,6844
1992-08-11,-0.001202,-0.001265,-0.001817,-0.001879,-0.001240,418.90,4086174840.00,6846
1992-08-12,-0.003152,-0.003201,0.000622,0.000601,-0.002674,417.78,4073179400.00,6847
1992-08-13,0.000398,0.000356,0.000543,0.000532,-0.000120,417.73,4074676000.00,6850
1992-08-14,0.004852,0.004688,0.005390,0.005319,0.005219,419.91,4094566350.00,6852
1992-08-17,0.001964,0.001779,0.000318,0.000232,0.001977,420.74,4101693090.00,6853
1992-08-18,0.000837,0.000674,-0.001693,-0.001750,0.001426,421.34,4104256580.00,6847
1992-08-19,-0.006133,-0.006168,-0.002783,-0.002821,-0.007500,418.18,4080345840.00,6850
1992-08-20,-0.000376,-0.000409,0.000563,0.000553,0.000191,418.26,4078831330.00,6851
1992-08-21,-0.007051,-0.007075,-0.001082,-0.001101,-0.008153,414.85,4049805130.00,6854
1992-08-24,-0.010951,-0.011070,-0.009824,-0.009894,-0.009955,410.72,4004677230.00,6853
1992-08-25,0.000546,0.000393,-0.000743,-0.000839,0.002167,411.61,4006140870.00,6850
1992-08-26,0.004814,0.004592,0.001433,0.001316,0.004616,413.51,4024532290.00,6849
1992-08-27,0.002197,0.002165,0.006240,0.006218,0.000048,413.53,4033255380.00,6845
1992-08-28,0.002434,0.002407,0.002892,0.002876,0.003168,414.84,4043172110.00,6845
1992-08-31,-0.001002,-0.001274,0.001555,0.001434,-0.001953,414.03,4038127250.00,6847
1992-09-01,0.004349,0.004168,0.002582,0.002504,0.004927,416.07,4055023720.00,6848
1992-09-02,0.005338,0.005261,0.004673,0.004645,0.004591,417.98,4076452580.00,6850
1992-09-03,0.001435,0.001338,0.008541,0.008488,0.000000,417.98,4081939750.00,6852
1992-09-04,-0.001881,-0.002018,-0.000380,-0.000507,-0.002153,417.08,4073450760.00,6843
1992-09-08,-0.005564,-0.005610,-0.004422,-0.004449,-0.006330,414.44,4050579730.00,6842
1992-09-09,0.003931,0.003518,0.002211,0.002009,0.004633,416.36,4064935730.00,6842
1992-09-10,0.008037,0.007989,0.007021,0.006966,0.008622,419.95,4097576690.00,6841
1992-09-11,0.000205,0.000197,0.004023,0.004014,-0.000881,419.58,4098312870.00,6846
1992-09-14,0.013743,0.013677,0.007137,0.007037,0.013561,425.27,4154318470.00,6841
1992-09-15,-0.010773,-0.010883,-0.004216,-0.004286,-0.012933,419.77,4109032760.00,6841
1992-09-16,-0.000823,-0.000824,0.001590,0.001584,0.000357,419.92,4105936080.00,6843
1992-09-17,0.000305,0.000277,0.000138,0.000104,0.000024,419.93,4107106630.00,6843
1992-09-18,0.005143,0.005140,0.005323,0.005313,0.007144,422.93,4129541350.00,6850
1992-09-21,-0.001371,-0.001539,-0.001684,-0.001745,-0.001868,422.14,4124021720.00,6853
1992-09-22,-0.010043,-0.010064,-0.002731,-0.002752,-0.011844,417.14,4083352970.00,6859
1992-09-23,-0.000416,-0.000433,-0.000789,-0.000805,0.000719,417.44,4081967100.00,6859
1992-09-24,0.003435,0.002996,0.005448,0.005117,0.002467,418.47,4094396710.00,6863
1992-09-25,-0.010147,-0.010188,-0.004414,-0.004458,-0.009845,414.35,4053579580.00,6865
1992-09-28,0.002974,0.002834,-0.001454,-0.001504,0.005478,416.62,4065057080.00,6860
1992-09-29,0.000966,0.000893,0.002111,0.002076,0.000432,416.80,4068330350.00,6855
1992-09-30,0.003642,0.003603,0.006952,0.006941,0.002399,417.80,4094397290.00,6857
1992-10-01,-0.004258,-0.004292,-0.003107,-0.003168,-0.003614,416.29,4076910090.00,6855
1992-10-02,-0.012346,-0.012357,-0.005608,-0.005635,-0.013981,410.47,4026775640.00,6855
1992-10-05,-0.007906,-0.008325,-0.013685,-0.013800,-0.007065,407.57,3993073690.00,6849
1992-10-06,0.001582,0.001527,0.005640,0.005612,-0.000957,407.18,3999389130.00,6854
1992-10-07,-0.005360,-0.005362,0.001280,0.001274,-0.007196,404.25,3977997980.00,6852
1992-10-08,0.007877,0.007751,0.005804,0.005665,0.008658,407.75,4008911500.00,6857
1992-10-09,-0.010083,-0.010144,-0.002388,-0.002477,-0.012483,402.66,3968700780.00,6856
1992-10-12,0.009071,0.009071,0.005117,0.005117,0.011871,407.44,4004744520.00,6858
1992-10-13,0.004530,0.004517,0.002770,0.002739,0.004565,409.30,4022794750.00,6857
1992-10-14,0.000253,0.000227,0.001465,0.001444,0.000171,409.37,4024303140.00,6859
1992-10-15,0.000912,0.000857,0.002483,0.002479,0.000562,409.60,4027092420.00,6859
1992-10-16,0.004334,0.004327,0.003037,0.003017,0.005200,411.73,4044672980.00,6859
1992-10-19,0.008913,0.008820,0.007329,0.007290,0.007894,414.98,4080298430.00,6857
1992-10-20,0.001843,0.001793,0.003964,0.003937,0.001205,415.48,4087404260.00,6856
1992-10-21,0.001445,0.001434,0.006634,0.006623,0.000457,415.67,4093851590.00,6861
1992-10-22,-0.001529,-0.001530,0.002937,0.002934,-0.001852,414.90,4087944730.00,6870
1992-10-23,-0.001110,-0.001129,0.003975,0.003954,-0.001928,414.10,4085294150.00,6883
1992-10-26,0.008032,0.007782,0.002688,0.002478,0.009804,418.16,4116786890.00,6877
1992-10-27,0.000672,0.000504,0.000931,0.000848,0.000789,418.49,4118859360.00,6877
1992-10-28,0.004809,0.004783,0.006510,0.006483,0.003919,420.13,4139188480.00,6881
1992-10-29,0.002814,0.002807,0.005765,0.005747,0.001738,420.86,4151057200.00,6881
1992-10-30,-0.003089,-0.003107,0.004438,0.004409,-0.005180,418.68,4138864660.00,6883
1992-11-02,0.007903,0.007630,0.003966,0.003864,0.009721,422.75,4170109930.00,6883
1992-11-03,-0.004744,-0.004988,0.000981,0.000922,-0.006694,419.92,4149293830.00,6885
1992-11-04,-0.004687,-0.004879,0.000320,0.000240,-0.006692,417.11,4130086940.00,6888
1992-11-05,0.004478,0.003981,0.007266,0.007234,0.002949,418.34,4146609590.00,6891
1992-11-06,0.000003,-0.000418,0.005075,0.004829,-0.001817,417.58,4144859860.00,6887
1992-11-09,0.003186,0.003047,0.005469,0.005318,0.002419,418.59,4157710900.00,6888
1992-11-10,0.001500,0.001452,0.006387,0.006361,0.000072,418.62,4163861640.00,6886
1992-11-11,0.008490,0.008490,0.012749,0.012749,0.008552,422.20,4199475880.00,6888
1992-11-12,0.000909,0.000854,0.003929,0.003908,0.001587,422.87,4203380410.00,6893
1992-11-13,-0.000173,-0.000234,0.006450,0.006427,-0.001041,422.43,4202894340.00,6891
1992-11-16,-0.003264,-0.003514,-0.000432,-0.000536,-0.004143,420.68,4188158810.00,6893
1992-11-17,-0.003991,-0.004156,-0.001477,-0.001516,-0.003352,419.27,4170789180.00,6892
1992-11-18,0.007952,0.007925,0.006218,0.006206,0.008539,422.85,4204002440.00,6895
1992-11-19,0.002514,0.002463,0.005747,0.005709,0.001797,423.61,4215241660.00,6902
1992-11-20,0.006691,0.006601,0.007328,0.007262,0.007176,426.65,4244694960.00,6907
1992-11-23,-0.002786,-0.002932,0.001726,0.001594,-0.003586,425.12,4232239930.00,6908
1992-11-24,0.005780,0.005469,0.004427,0.004307,0.005810,427.59,4255529290.00,6910
1992-11-25,0.003950,0.003914,0.008241,0.008213,0.003742,429.19,4272365040.00,6913
1992-11-27,0.002414,0.002393,0.007192,0.007159,0.002260,430.16,4282588190.00,6910
1992-11-30,0.003566,0.003396,0.004228,0.004140,0.002766,431.35,4297797860.00,6911
1992-12-01,-0.000414,-0.000679,0.001283,0.001221,-0.001321,430.78,4294814600.00,6914
1992-12-02,-0.001787,-0.001884,0.002719,0.002708,-0.002066,429.89,4287011230.00,6914
1992-12-03,0.000825,0.000760,0.005125,0.005096,0.000047,429.91,4290066380.00,6915
1992-12-04,0.005063,0.004953,0.007535,0.007456,0.005001,432.06,4311380210.00,6915
1992-12-07,0.006344,0.006192,0.003803,0.003639,0.007522,435.31,4337423840.00,6908
1992-12-08,0.003187,0.003116,0.002575,0.002499,0.003859,436.99,4351511050.00,6911
1992-12-09,-0.002866,-0.003225,-0.000145,-0.000336,-0.003066,435.65,4337569160.00,6912
1992-12-10,-0.002946,-0.002959,-0.000195,-0.000220,-0.002318,434.64,4325062310.00,6908
1992-12-11,-0.001572,-0.001613,0.002781,0.002745,-0.002094,433.73,4319319640.00,6918
1992-12-14,-0.001608,-0.001704,-0.000812,-0.000969,-0.002052,432.84,4312479210.00,6917
1992-12-15,-0.001859,-0.001965,-0.001357,-0.001460,-0.000624,432.57,4305335250.00,6927
1992-12-16,-0.003274,-0.003279,-0.002113,-0.002139,-0.002427,431.52,4292810070.00,6935
1992-12-17,0.008798,0.008748,0.005759,0.005725,0.009061,435.43,4331276220.00,6941
1992-12-18,0.010609,0.010585,0.006467,0.006425,0.013435,441.28,4378921560.00,6955
1992-12-21,-0.000687,-0.000724,-0.000779,-0.000886,-0.001314,440.70,4375873770.00,6955
1992-12-22,-0.000409,-0.000414,0.002939,0.002917,-0.000885,440.31,4374114820.00,6958
1992-12-23,-0.001197,-0.001235,0.003970,0.003924,-0.002907,439.03,4368776260.00,6957
1992-12-24,0.002033,0.001552,0.006772,0.006318,0.001686,439.77,4376103800.00,6955
1992-12-28,-0.000755,-0.000828,-0.002798,-0.002872,-0.001410,439.15,4372600180.00,6960
1992-12-29,-0.000267,-0.000309,0.003551,0.003533,-0.002664,437.98,4371362530.00,6962
1992-12-30,0.002178,0.002155,0.006439,0.006432,0.001918,438.82,4380848610.00,6963
1992-12-31,-0.001406,-0.001437,0.014898,0.014891,-0.007087,435.71,4398072120.00,6963
1993-01-04,-0.002615,-0.002947,0.007765,0.007694,-0.000757,435.38,4384345620.00,6958
1993-01-05,-0.001476,-0.001622,0.003910,0.003875,-0.002389,434.34,4377251940.00,6959
1993-01-06,0.001454,0.001446,0.008204,0.008191,0.000414,434.52,4383467030.00,6959
1993-01-07,-0.007372,-0.007388,0.003032,0.003023,-0.008722,430.73,4351073300.00,6959
1993-01-08,-0.003886,-0.003911,-0.001620,-0.001641,-0.003900,429.05,4334023880.00,6957
1993-01-11,0.004118,0.003979,0.005454,0.005258,0.004428,430.95,4351477740.00,6960
1993-01-12,0.000159,0.000142,0.000270,0.000236,0.000209,431.04,4352121710.00,6956
1993-01-13,0.004877,0.004805,0.004362,0.004340,0.004617,433.03,4373082470.00,6959
1993-01-14,0.007283,0.007282,0.008213,0.008210,0.006720,435.94,4405074330.00,6959
1993-01-15,0.003704,0.003604,0.008109,0.008072,0.002776,437.15,4419952750.00,6957
1993-01-18,0.000170,0.000170,0.005051,0.005051,-0.000709,436.84,4420381480.00,6952
1993-01-19,-0.002324,-0.002362,0.002263,0.002247,-0.003914,435.13,4409958960.00,6953
1993-01-20,-0.002283,-0.002292,0.004547,0.004540,-0.004045,433.37,4400249370.00,6950
1993-01-21,0.004059,0.004059,0.005420,0.005411,0.004892,435.49,4418587970.00,6955
1993-01-22,0.002733,0.002725,0.005716,0.005705,0.001424,436.11,4431437380.00,6959
1993-01-25,0.007559,0.007322,0.008662,0.008523,0.008943,440.01,4463845900.00,6963
1993-01-26,0.000706,0.000593,0.003296,0.003212,-0.000136,439.95,4466622290.00,6962
1993-01-27,-0.005278,-0.005284,-0.003409,-0.003429,-0.004182,438.11,4444458920.00,6967
1993-01-28,0.000013,-0.000001,0.001013,0.000982,0.001255,438.66,4445041400.00,6966
1993-01-29,0.001104,0.001073,0.004929,0.004923,0.000274,438.78,4453093540.00,6972
1993-02-01,0.008210,0.008042,0.004135,0.004036,0.008524,442.52,4488751870.00,6971
1993-02-02,0.001565,0.001324,0.004405,0.004299,0.000090,442.56,4495110780.00,6972
1993-02-03,0.009288,0.009252,0.006457,0.006429,0.010485,447.20,4538040470.00,6980
1993-02-04,0.005630,0.005170,0.005192,0.005148,0.005277,449.56,4561608290.00,6979
1993-02-05,-0.002800,-0.002890,-0.000703,-0.000738,-0.001401,448.93,4548990510.00,6979
1993-02-08,-0.001772,-0.002179,0.000749,0.000490,-0.002406,447.85,4539158370.00,6982
1993-02-09,-0.006301,-0.006517,-0.003755,-0.003869,-0.005627,445.33,4509599020.00,6983
1993-02-10,0.002269,0.002229,0.003200,0.003159,0.002021,446.23,4519820980.00,6988
1993-02-11,0.002945,0.002922,0.005031,0.005011,0.003205,447.66,4533533660.00,6994
1993-02-12,-0.005654,-0.005861,-0.002471,-0.002555,-0.006880,444.58,4507348650.00,7000
1993-02-16,-0.025862,-0.025993,-0.022588,-0.022628,-0.024000,433.91,4390223740.00,7000
1993-02-17,-0.003965,-0.004001,-0.006903,-0.006916,-0.001406,433.30,4372986090.00,7003
1993-02-18,-0.001383,-0.001439,0.002904,0.002887,-0.003231,431.90,4367330890.00,7007
1993-02-19,0.004327,0.004273,0.004182,0.004157,0.005372,434.22,4387418880.00,7017
1993-02-22,-0.001215,-0.001437,-0.006939,-0.007067,0.002349,435.24,4381135100.00,7012
1993-02-23,-0.000278,-0.000507,-0.001850,-0.001968,-0.001011,434.80,4384052160.00,7014
1993-02-24,0.013808,0.013755,0.007878,0.007863,0.013960,440.87,4444734050.00,7016
1993-02-25,0.004025,0.004001,0.004885,0.004867,0.003334,442.34,4462818430.00,7019
1993-02-26,0.003159,0.003109,0.007115,0.007099,0.002351,443.38,4476976470.00,7018
1993-03-01,-0.001302,-0.001499,0.000878,0.000767,-0.003090,442.01,4470138560.00,7016
1993-03-02,0.011549,0.011333,0.004415,0.004369,0.013326,447.90,4519744080.00,7014
1993-03-03,0.004878,0.004717,0.006049,0.006022,0.003036,449.26,4541005350.00,7016
1993-03-04,-0.003630,-0.003762,0.001169,0.001111,-0.004274,447.34,4524228750.00,7023
1993-03-05,-0.001313,-0.001466,0.003882,0.003839,-0.002750,446.11,4518532440.00,7019
1993-03-08,0.015258,0.015117,0.006018,0.005897,0.019278,454.71,4587149670.00,7023
1993-03-09,0.000977,0.000665,0.001990,0.001787,-0.000682,454.40,4587322110.00,7027
1993-03-10,0.004807,0.004796,0.004754,0.004731,0.004247,456.33,4609572390.00,7030
1993-03-11,-0.003393,-0.003434,0.003772,0.003709,-0.005720,453.72,4593943160.00,7032
1993-03-12,-0.007092,-0.007117,-0.002344,-0.002366,-0.008574,449.83,4562048280.00,7035
1993-03-15,0.003220,0.003162,0.004372,0.004291,0.003557,451.43,4576344640.00,7031
1993-03-16,-0.000366,-0.000443,0.001399,0.001356,-0.000133,451.37,4575013240.00,7036
1993-03-17,-0.006793,-0.006830,-0.001473,-0.001484,-0.006779,448.31,4543789320.00,7038
1993-03-18,0.006452,0.006437,0.003661,0.003647,0.007986,451.89,4574312200.00,7052
1993-03-19,-0.004361,-0.004370,-0.000979,-0.001015,-0.003784,450.18,4555977700.00,7056
1993-03-22,-0.004087,-0.004112,-0.005483,-0.005528,-0.002888,448.88,4537142290.00,7052
1993-03-23,-0.000550,-0.000558,0.000374,0.000358,-0.000267,448.76,4534728120.00,7058
1993-03-24,-0.001475,-0.001495,-0.000496,-0.000528,-0.001538,448.07,4528212170.00,7061
1993-03-25,0.006459,0.006064,0.004903,0.004598,0.006271,450.88,4557719480.00,7063
1993-03-26,-0.003674,-0.003694,0.002595,0.002557,-0.006875,447.78,4543257160.00,7070
1993-03-29,0.004251,0.004127,0.002960,0.002927,0.006677,450.77,4561777650.00,7071
1993-03-30,0.003776,0.003577,0.001393,0.001337,0.002662,451.97,4578365210.00,7073
1993-03-31,0.001576,0.001554,0.007672,0.007656,-0.000664,451.67,4613854550.00,7075
1993-04-01,-0.003257,-0.003273,0.000219,0.000187,-0.003033,450.30,4599729040.00,7083
1993-04-02,-0.019036,-0.019405,-0.008768,-0.008847,-0.019787,441.39,4511198110.00,7083
1993-04-05,0.001157,0.001052,-0.001941,-0.001993,0.002039,442.29,4516059170.00,7086
1993-04-06,-0.004066,-0.004084,-0.005100,-0.005137,-0.002555,441.16,4497720560.00,7089
1993-04-07,0.003148,0.003144,0.001452,0.001406,0.003559,442.73,4511932930.00,7088
1993-04-08,-0.002071,-0.002193,0.000382,0.000224,-0.002010,441.84,4503288930.00,7089
1993-04-12,0.012213,0.012169,0.002482,0.002397,0.014779,448.37,4557923880.00,7089
1993-04-13,0.003381,0.003357,0.004784,0.004748,0.001896,449.22,4573764270.00,7089
1993-04-14,-0.000281,-0.000287,0.002250,0.002234,-0.001247,448.66,4572740070.00,7096
1993-04-15,-0.001545,-0.001595,0.001072,0.001063,-0.000580,448.40,4566404500.00,7101
1993-04-16,0.000319,0.000315,0.001528,0.001509,0.001204,448.94,4567613810.00,7097
1993-04-19,-0.003324,-0.003409,-0.002280,-0.002313,-0.003297,447.46,4552314380.00,7101
1993-04-20,-0.004922,-0.004957,-0.002679,-0.002703,-0.005274,445.10,4531312850.00,7103
1993-04-21,-0.001578,-0.001589,0.003355,0.003340,-0.003303,443.63,4524208280.00,7105
1993-04-22,-0.006802,-0.006803,0.002871,0.002865,-0.009400,439.46,4494271330.00,7103
1993-04-23,-0.005138,-0.005143,0.000391,0.000381,-0.005530,437.03,4472087030.00,7108
1993-04-26,-0.009565,-0.009835,-0.009150,-0.009345,-0.007986,433.54,4427346610.00,7108
1993-04-27,0.008341,0.008217,0.002283,0.002203,0.010311,438.01,4464491240.00,7116
1993-04-28,0.001648,0.001635,0.003716,0.003700,0.000023,438.02,4472958300.00,7112
1993-04-29,0.002206,0.002180,0.003144,0.003120,0.001986,438.89,4483129790.00,7114
1993-04-30,0.003898,0.003883,0.007291,0.007266,0.002962,440.19,4501739980.00,7120
1993-05-03,0.005280,0.005047,0.002285,0.002166,0.005157,442.46,4524079370.00,7123
1993-05-04,0.005628,0.005383,0.007862,0.007768,0.003594,444.05,4549398430.00,7125
1993-05-05,0.003117,0.002983,0.006142,0.006116,0.001058,444.52,4563142830.00,7127
1993-05-06,-0.002661,-0.002830,0.002436,0.002410,-0.002835,443.26,4550091400.00,7127
1993-05-07,-0.001224,-0.001556,0.002298,0.002258,-0.002143,442.31,4543279030.00,7127
1993-05-10,0.001909,0.001399,0.002805,0.002539,0.001108,442.80,4549583940.00,7131
1993-05-11,0.003054,0.002988,0.002363,0.002286,0.003523,444.36,4563696860.00,7136
1993-05-12,0.000346,0.000285,0.002095,0.002045,0.000990,444.80,4566528170.00,7141
1993-05-13,-0.010594,-0.010644,-0.001497,-0.001513,-0.012523,439.23,4518282250.00,7146
1993-05-14,-0.000201,-0.000275,0.002265,0.002223,0.000751,439.56,4517109860.00,7145
1993-05-17,0.001101,0.000878,0.000003,-0.000087,0.001843,440.37,4521265760.00,7146
1993-05-18,0.000828,0.000717,-0.000074,-0.000092,-0.000114,440.32,4524812180.00,7151
1993-05-19,0.013576,0.013532,0.005276,0.005257,0.016465,447.57,4586324190.00,7148
1993-05-20,0.006614,0.006582,0.004392,0.004378,0.006748,450.59,4618809380.00,7163
1993-05-21,-0.007490,-0.007517,0.002213,0.002194,-0.010542,445.84,4584987560.00,7170
1993-05-24,0.002864,0.002650,0.001646,0.001496,0.004845,448.00,4597172300.00,7172
1993-05-25,0.002933,0.002680,0.002092,0.001965,0.001897,448.85,4610164760.00,7172
1993-05-26,0.009680,0.009655,0.005061,0.005046,0.010226,453.44,4654814580.00,7176
1993-05-27,-0.001434,-0.001455,0.004271,0.004257,-0.002272,452.41,4649010290.00,7183
1993-05-28,-0.003797,-0.003971,0.001469,0.001379,-0.004907,450.19,4632508620.00,7190
1993-06-01,0.007014,0.006896,0.002220,0.002172,0.008085,453.83,4664010080.00,7192
1993-06-02,0.000655,0.000415,0.004306,0.004284,0.000044,453.85,4665755930.00,7192
1993-06-03,-0.001821,-0.001884,0.002522,0.002501,-0.002997,452.49,4669658420.00,7199
1993-06-04,-0.005294,-0.005380,0.001175,0.001121,-0.005370,450.06,4645120030.00,7198
1993-06-07,-0.006375,-0.006521,-0.002770,-0.002895,-0.005266,447.69,4614926470.00,7198
1993-06-08,-0.007302,-0.007369,-0.004291,-0.004337,-0.006656,444.71,4581408310.00,7205
1993-06-09,0.002752,0.002338,0.002599,0.002370,0.002406,445.78,4592465060.00,7206
1993-06-10,-0.000952,-0.000992,-0.000617,-0.000647,-0.000897,445.38,4588446530.00,7217
1993-06-11,0.003408,0.003382,0.004629,0.004597,0.004221,447.26,4604807900.00,7221
1993-06-14,0.001398,0.001291,-0.000288,-0.000470,0.001006,447.71,4610724590.00,7220
1993-06-15,-0.001233,-0.001418,0.002370,0.002299,-0.003216,446.27,4604233730.00,7217
1993-06-16,0.001551,0.001534,0.000642,0.000613,0.002599,447.43,4611714660.00,7228
1993-06-17,0.002253,0.002227,0.002261,0.002244,0.002481,448.54,4622248620.00,7232
1993-06-18,-0.008590,-0.008604,-0.000827,-0.000836,-0.010835,443.68,4583755740.00,7245
1993-06-21,0.003790,0.003745,-0.001848,-0.001923,0.005725,446.22,4601028960.00,7246
1993-06-22,-0.000727,-0.000736,-0.001464,-0.001483,-0.000650,445.93,4598452160.00,7250
1993-06-23,-0.004067,-0.004069,-0.000631,-0.000639,-0.006144,443.19,4580999480.00,7254
1993-06-24,0.006704,0.006290,0.003564,0.003246,0.007739,446.62,4609931560.00,7256
1993-06-25,0.003476,0.003458,0.005823,0.005780,0.002194,447.60,4625897090.00,7261
1993-06-28,0.009658,0.009521,0.004641,0.004594,0.009495,451.85,4669804860.00,7257
1993-06-29,-0.001965,-0.002006,0.000579,0.000556,-0.002567,450.69,4661156700.00,7263
1993-06-30,0.001342,0.001333,0.005879,0.005867,-0.000355,450.53,4704253110.00,7272
1993-07-01,-0.001565,-0.001611,0.003411,0.003375,-0.003352,449.02,4695936930.00,7279
1993-07-02,-0.004339,-0.004738,0.002306,0.002230,-0.007082,445.84,4674601830.00,7276
1993-07-06,-0.007339,-0.007412,-0.000930,-0.000980,-0.009891,441.43,4639088160.00,7274
1993-07-07,0.001197,0.001191,-0.000364,-0.000370,0.003172,442.83,4645695800.00,7277
1993-07-08,0.009441,0.009438,0.004365,0.004353,0.013120,448.64,4689755110.00,7279
1993-07-09,0.000738,0.000621,0.003999,0.003852,-0.001137,448.13,4692899840.00,7281
1993-07-12,0.001868,0.001832,0.002408,0.002342,0.001897,448.98,4701227410.00,7278
1993-07-13,-0.000401,-0.000429,0.002250,0.002199,-0.001982,448.09,4694441850.00,7283
1993-07-14,0.003847,0.003817,0.004508,0.004483,0.004441,450.08,4716143090.00,7283
1993-07-15,-0.001977,-0.002025,0.001529,0.001522,-0.001911,449.22,4706974540.00,7286
1993-07-16,-0.006795,-0.006798,-0.002019,-0.002031,-0.007725,445.75,4676958520.00,7294
1993-07-19,-0.001340,-0.001432,-0.002456,-0.002505,0.000628,446.03,4670321820.00,7296
1993-07-20,0.002478,0.002431,0.000719,0.000702,0.002870,447.31,4681685410.00,7294
1993-07-21,-0.000773,-0.000784,-0.000885,-0.000895,-0.000291,447.18,4678208120.00,7299
1993-07-22,-0.005532,-0.005534,-0.001541,-0.001551,-0.005971,444.51,4653214640.00,7309
1993-07-23,0.004527,0.004518,0.002726,0.002704,0.005827,447.10,4675911490.00,7321
1993-07-26,0.005441,0.005233,0.002791,0.002616,0.004451,449.09,4700246880.00,7322
1993-07-27,-0.001905,-0.002058,-0.000692,-0.000765,-0.001893,448.24,4691277510.00,7319
1993-07-28,-0.000385,-0.000398,0.001684,0.001659,-0.002342,447.19,4690374460.00,7321
1993-07-29,0.005474,0.005463,0.004624,0.004608,0.006820,450.24,4715770860.00,7319
1993-07-30,-0.003444,-0.003463,0.003479,0.003454,-0.004686,448.13,4702389240.00,7326
1993-08-02,0.004145,0.003916,0.003040,0.002939,0.004508,450.15,4720156330.00,7325
1993-08-03,-0.000173,-0.000450,0.001700,0.001665,-0.001955,449.27,4719244560.00,7328
1993-08-04,0.000112,0.000016,0.001623,0.001568,-0.001625,448.54,4720195710.00,7333
1993-08-05,-0.001034,-0.001132,-0.000420,-0.000437,-0.000914,448.13,4715779490.00,7334
1993-08-06,0.001617,0.001567,0.002956,0.002920,0.001227,448.68,4723528630.00,7343
1993-08-09,0.004838,0.004246,0.002341,0.002134,0.004547,450.72,4744029210.00,7349
1993-08-10,-0.001235,-0.001354,0.000883,0.000759,-0.002818,449.45,4740914290.00,7354
1993-08-11,0.001395,0.001345,0.001760,0.001739,0.002247,450.46,4747780390.00,7358
1993-08-12,-0.002905,-0.002961,0.000279,0.000249,-0.003330,448.96,4734220510.00,7362
1993-08-13,0.001830,0.001770,0.002435,0.002417,0.002628,450.14,4743624470.00,7369
1993-08-16,0.005155,0.004907,0.003234,0.003094,0.004976,452.38,4766992480.00,7370
1993-08-17,0.003123,0.003000,0.002483,0.002455,0.001658,453.13,4781839710.00,7372
1993-08-18,0.005704,0.005688,0.004943,0.004927,0.006422,456.04,4809123990.00,7375
1993-08-19,0.000398,0.000336,0.002844,0.002817,0.000855,456.43,4811532650.00,7375
1993-08-20,0.000162,0.000146,0.003661,0.003643,-0.000592,456.16,4813294660.00,7381
1993-08-23,-0.001097,-0.001190,0.000024,-0.000036,-0.002039,455.23,4807663740.00,7383
1993-08-24,0.008785,0.008735,0.006265,0.006243,0.009973,459.77,4849758060.00,7383
1993-08-25,0.000602,0.000475,0.002725,0.002632,0.000783,460.13,4852379470.00,7388
1993-08-26,0.000620,0.000403,0.000749,0.000632,0.001978,461.04,4854126230.00,7391
1993-08-27,-0.000539,-0.000550,0.003400,0.003394,-0.001085,460.54,4852000640.00,7392
1993-08-30,0.003004,0.002826,0.002694,0.002613,0.002953,461.90,4865655270.00,7391
1993-08-31,0.004468,0.004343,0.006779,0.006741,0.003594,463.56,4886912910.00,7389
1993-09-01,0.000430,0.000332,0.003633,0.003588,-0.000884,463.15,4884644580.00,7387
1993-09-02,-0.001749,-0.001832,0.002675,0.002662,-0.003994,461.30,4876209280.00,7390
1993-09-03,0.000639,0.000421,0.004524,0.004392,0.000087,461.34,4878377070.00,7393
1993-09-07,-0.007682,-0.007713,-0.006431,-0.006466,-0.006113,458.52,4840798370.00,7394
1993-09-08,-0.006688,-0.006715,-0.007731,-0.007752,-0.004078,456.65,4808441560.00,7395
1993-09-09,0.003959,0.003547,0.005175,0.004965,0.001861,457.50,4825756320.00,7399
1993-09-10,0.008275,0.008254,0.007683,0.007642,0.009224,461.72,4865614800.00,7399
1993-09-13,-0.000125,-0.000189,-0.000919,-0.000999,0.000736,462.06,4865186710.00,7403
1993-09-14,-0.005207,-0.005281,-0.004950,-0.005022,-0.004675,459.90,4839803250.00,7407
1993-09-15,0.003547,0.003504,0.004953,0.004932,0.003696,461.60,4856756480.00,7407
1993-09-16,-0.002251,-0.002292,0.001856,0.001841,-0.004701,459.43,4845501250.00,7407
1993-09-17,-0.000802,-0.000809,0.002883,0.002866,-0.001306,458.83,4842727640.00,7413
1993-09-20,-0.005545,-0.005726,-0.000745,-0.000812,-0.008238,455.05,4815589990.00,7418
1993-09-21,-0.005785,-0.005791,-0.008629,-0.008640,-0.004615,452.95,4788438910.00,7422
1993-09-22,0.008295,0.008206,0.009184,0.009155,0.007175,456.20,4829937440.00,7427
1993-09-23,0.004650,0.004645,0.004676,0.004663,0.003376,457.74,4854161410.00,7442
1993-09-24,0.000869,0.000486,0.005263,0.004941,-0.000240,457.63,4857486260.00,7444
1993-09-27,0.007651,0.007537,0.004254,0.004202,0.009112,461.80,4893755600.00,7446
1993-09-28,0.000735,0.000726,0.002904,0.002880,-0.000585,461.53,4898163940.00,7446
1993-09-29,-0.001655,-0.001705,0.003758,0.003743,-0.003077,460.11,4890836800.00,7455
1993-09-30,-0.000756,-0.000793,0.008162,0.008121,-0.002565,458.93,4912844620.00,7463
1993-10-01,0.003285,0.003205,0.002322,0.002280,0.005142,461.29,4928496660.00,7458
1993-10-04,0.000755,0.000431,0.002189,0.002102,0.000108,461.34,4927303910.00,7460
1993-10-05,-0.000281,-0.000350,0.000789,0.000759,-0.000303,461.20,4926150220.00,7463
1993-10-06,0.000006,-0.000014,0.005479,0.005462,-0.000997,460.74,4926700890.00,7468
1993-10-07,-0.002885,-0.002903,0.001644,0.001627,-0.003386,459.18,4911733400.00,7470
1993-10-08,0.001709,0.001563,0.003007,0.002804,0.002461,460.31,4921104850.00,7475
1993-10-11,0.002123,0.002123,0.004059,0.004059,0.001238,460.88,4931513110.00,7474
1993-10-12,0.002522,0.002501,0.004185,0.004139,0.000521,461.12,4944503420.00,7479
1993-10-13,0.002099,0.002088,0.005262,0.005249,0.000802,461.49,4954996000.00,7479
1993-10-14,0.008784,0.008713,0.005593,0.005565,0.011571,466.83,4999148980.00,7488
1993-10-15,0.004811,0.004809,0.007807,0.007794,0.005719,469.50,5024705070.00,7491
1993-10-18,-0.002638,-0.002725,-0.000283,-0.000316,-0.002236,468.45,5011273010.00,7498
1993-10-19,-0.007646,-0.007687,-0.006278,-0.006299,-0.004782,466.21,4973730580.00,7501
1993-10-20,-0.000962,-0.000971,-0.000452,-0.000462,-0.000300,466.07,4969528230.00,7506
1993-10-21,-0.000598,-0.000601,0.001567,0.001519,-0.001523,465.36,4966940530.00,7508
1993-10-22,-0.002273,-0.002277,0.003036,0.002975,-0.004491,463.27,4954474750.00,7513
1993-10-25,0.000246,0.000058,-0.000040,-0.000172,0.002007,464.20,4954655670.00,7513
1993-10-26,-0.001302,-0.001470,-0.000427,-0.000521,0.000215,464.30,4946660040.00,7518
1993-10-27,0.002388,0.002373,0.003506,0.003482,0.000668,464.61,4960918770.00,7526
1993-10-28,0.005229,0.005214,0.004841,0.004826,0.006715,467.73,4987942480.00,7531
1993-10-29,0.002566,0.002547,0.009099,0.009082,0.000214,467.83,5003908580.00,7539
1993-11-01,0.002771,0.002589,0.000785,0.000692,0.002715,469.10,5017193040.00,7539
1993-11-02,-0.000753,-0.000972,0.002224,0.002176,-0.001407,468.44,5012841190.00,7545
1993-11-03,-0.011894,-0.011951,-0.006044,-0.006069,-0.011570,463.02,4953224230.00,7546
1993-11-04,-0.013024,-0.013287,-0.008980,-0.009035,-0.011943,457.49,4887881580.00,7556
1993-11-05,0.004101,0.003659,-0.000645,-0.000745,0.004547,459.57,4906249850.00,7559
1993-11-08,0.002856,0.002613,0.004646,0.004419,0.001393,460.21,4919147450.00,7562
1993-11-09,0.001959,0.001869,0.003604,0.003544,0.000261,460.33,4929881940.00,7567
1993-11-10,0.006413,0.006369,0.005292,0.005261,0.007364,463.72,4961738430.00,7570
1993-11-11,-0.000667,-0.000667,0.004397,0.004397,-0.002329,462.64,4959086590.00,7574
1993-11-12,0.004444,0.004406,0.003283,0.003231,0.005944,465.39,4982509730.00,7582
1993-11-15,-0.004235,-0.004469,-0.003410,-0.003482,-0.003524,463.75,4960486910.00,7589
1993-11-16,0.003557,0.003426,-0.003256,-0.003311,0.006447,466.74,4976884350.00,7592
1993-11-17,-0.005252,-0.005308,-0.003075,-0.003097,-0.004135,464.81,4951760710.00,7602
1993-11-18,-0.003911,-0.003950,-0.002804,-0.002832,-0.002560,463.62,4927958900.00,7609
1993-11-19,-0.002876,-0.002978,-0.001945,-0.001995,-0.002200,462.60,4915490180.00,7620
1993-11-22,-0.010593,-0.010645,-0.014893,-0.014924,-0.007501,459.13,4863666440.00,7622
1993-11-23,0.005315,0.005190,0.006262,0.006173,0.004138,461.03,4889279560.00,7626
1993-11-24,0.004807,0.004483,0.005570,0.005433,0.002885,462.36,4911716210.00,7637
1993-11-26,0.002375,0.002352,0.003676,0.003656,0.001514,463.06,4922401090.00,7637
1993-11-29,-0.002142,-0.002288,-0.004609,-0.004677,-0.002505,461.90,4912411590.00,7641
1993-11-30,-0.000650,-0.000750,0.002887,0.002841,-0.000238,461.79,4920046860.00,7646
1993-12-01,0.003473,0.003394,0.005239,0.005189,0.000217,461.89,4938092440.00,7654
1993-12-02,0.002413,0.002258,0.001765,0.001736,0.002641,463.11,4949396130.00,7647
1993-12-03,0.004064,0.004056,0.003712,0.003685,0.003844,464.89,4982014420.00,7655
1993-12-06,0.002907,0.002686,0.000563,0.000385,0.003313,466.43,4995300640.00,7650
1993-12-07,0.000603,0.000538,-0.000465,-0.000503,0.000708,466.76,4998614520.00,7662
1993-12-08,-0.000171,-0.000180,0.001820,0.001795,-0.001007,466.29,4999243390.00,7662
1993-12-09,-0.004129,-0.004481,-0.001712,-0.001966,-0.004525,464.18,4977603920.00,7672
1993-12-10,-0.000557,-0.000593,0.001354,0.001321,-0.000539,463.93,4974780690.00,7683
1993-12-13,0.001852,0.001784,-0.002096,-0.002210,0.003815,465.70,4983603670.00,7688
1993-12-14,-0.006266,-0.006362,-0.007752,-0.007894,-0.005669,463.06,4953386030.00,7701
1993-12-15,-0.001981,-0.002006,0.000849,0.000827,-0.002635,461.84,4945825770.00,7709
1993-12-16,0.002344,0.002309,0.001858,0.001834,0.003248,463.34,4958415120.00,7721
1993-12-17,0.006307,0.006265,0.003749,0.003667,0.006561,466.38,4990763550.00,7730
1993-12-20,-0.000624,-0.000653,-0.002501,-0.002540,-0.001136,465.85,4987701100.00,7730
1993-12-21,-0.002439,-0.002463,-0.003238,-0.003308,-0.001181,465.30,4976927490.00,7737
1993-12-22,0.003131,0.003121,0.000744,0.000730,0.004341,467.32,4992900830.00,7740
1993-12-23,0.001719,0.001687,0.004317,0.004275,0.000128,467.38,5001683300.00,7748
1993-12-27,0.005824,0.005247,0.002965,0.002492,0.006761,470.54,5027652320.00,7747
1993-12-28,0.002456,0.002422,0.002961,0.002914,0.000850,470.94,5040586170.00,7750
1993-12-29,0.001305,0.001285,0.006131,0.006107,-0.000764,470.58,5046294260.00,7752
1993-12-30,-0.002106,-0.002145,0.002859,0.002843,-0.004123,468.64,5036839110.00,7756
1993-12-31,-0.000560,-0.000596,0.012741,0.012735,-0.004673,466.45,5057719780.00,7757
1994-01-03,-0.003738,-0.003889,0.003510,0.003459,-0.002165,465.44,5031012520.00,7747
1994-01-04,0.002817,0.002533,0.006367,0.006325,0.003115,466.89,5044484470.00,7755
1994-01-05,0.002375,0.002345,0.005791,0.005778,0.001414,467.55,5056382090.00,7757
1994-01-06,-0.000598,-0.000605,0.002800,0.002772,-0.000920,467.12,5053503740.00,7763
1994-01-07,0.004656,0.004634,0.005166,0.005155,0.005951,469.90,5077003850.00,7765
1994-01-10,0.008585,0.008433,0.002477,0.002270,0.011428,475.27,5119879130.00,7768
1994-01-11,-0.001424,-0.001438,0.000770,0.000730,-0.002399,474.13,5113060720.00,7772
1994-01-12,0.000366,0.000365,0.001939,0.001935,0.000084,474.17,5114926990.00,7770
1994-01-13,-0.001463,-0.001533,0.003024,0.002998,-0.003585,472.47,5107065650.00,7770
1994-01-14,0.004686,0.004606,0.005096,0.005068,0.005164,474.91,5131110340.00,7775
1994-01-17,-0.001830,-0.001830,0.000950,0.000950,-0.003390,473.30,5121353390.00,7772
1994-01-18,0.001400,0.001371,0.001776,0.001750,0.002007,474.25,5128897050.00,7774
1994-01-19,-0.000383,-0.000409,0.001367,0.001350,0.000105,474.30,5126534170.00,7775
1994-01-20,0.001709,0.001708,0.002375,0.002363,0.001434,474.98,5136101570.00,7778
1994-01-21,-0.000625,-0.000631,0.004169,0.004163,-0.000547,474.72,5133052010.00,7783
1994-01-24,-0.004407,-0.004500,-0.001948,-0.001985,-0.005793,471.97,5109268250.00,7781
1994-01-25,-0.002541,-0.002691,-0.002000,-0.002120,-0.002225,470.92,5095960020.00,7792
1994-01-26,0.004019,0.003957,0.004314,0.004234,0.004842,473.20,5116252740.00,7793
1994-01-27,0.007318,0.007316,0.003523,0.003514,0.008136,477.05,5155287460.00,7800
1994-01-28,0.004216,0.004180,0.004521,0.004504,0.003459,478.70,5178609790.00,7802
1994-01-31,0.006030,0.005869,0.006354,0.006264,0.006079,481.61,5219559100.00,7801
1994-02-01,-0.002319,-0.002536,-0.000625,-0.000687,-0.004132,479.62,5206124910.00,7800
1994-02-02,0.004276,0.004224,0.003563,0.003540,0.004962,482.00,5227438800.00,7805
1994-02-03,-0.002053,-0.002137,0.000284,0.000261,-0.002676,480.71,5217256080.00,7810
1994-02-04,-0.022832,-0.023200,-0.016368,-0.016425,-0.022675,469.81,5096756900.00,7813
1994-02-07,0.003101,0.002891,-0.000574,-0.000681,0.004151,471.76,5111446260.00,7813
1994-02-08,0.000813,0.000768,0.004721,0.004684,-0.001484,471.06,5116014600.00,7817
1994-02-09,0.004321,0.004030,0.004685,0.004444,0.003630,472.77,5138448060.00,7825
1994-02-10,-0.006432,-0.006481,-0.000639,-0.000655,-0.008122,468.93,5105804520.00,7831
1994-02-11,0.000111,0.000067,-0.001398,-0.001408,0.002666,470.18,5107831110.00,7825
1994-02-14,0.000970,0.000755,0.000657,0.000562,0.000106,470.23,5111543830.00,7828
1994-02-15,0.004594,0.004432,0.003031,0.002980,0.004870,472.52,5134817130.00,7829
1994-02-16,0.000802,0.000763,0.004885,0.004872,0.000571,472.79,5138289340.00,7831
1994-02-17,-0.004293,-0.004319,-0.000728,-0.000747,-0.005182,470.34,5118442780.00,7836
1994-02-18,-0.004819,-0.004972,-0.001700,-0.001754,-0.005634,467.69,5095850970.00,7847
1994-02-22,0.005963,0.005777,-0.000264,-0.000398,0.008061,471.46,5124557150.00,7845
1994-02-23,-0.001440,-0.001633,-0.000557,-0.000672,-0.001633,470.69,5116208210.00,7848
1994-02-24,-0.012428,-0.012458,-0.008138,-0.008148,-0.013661,464.26,5052188760.00,7848
1994-02-25,0.003666,0.003646,0.003521,0.003505,0.003899,466.07,5072880410.00,7854
1994-02-28,0.004301,0.004097,0.008243,0.008162,0.002296,467.14,5098248280.00,7858
1994-03-01,-0.005285,-0.005375,-0.005555,-0.005618,-0.005780,464.44,5071380380.00,7860
1994-03-02,-0.001408,-0.001676,-0.005143,-0.005177,0.000797,464.81,5059543050.00,7863
1994-03-03,-0.002020,-0.002067,0.001050,0.001034,-0.003873,463.01,5050073530.00,7872
1994-03-04,0.004599,0.004489,0.006102,0.006039,0.003736,464.74,5072980320.00,7875
1994-03-07,0.005603,0.005464,0.004107,0.003992,0.004669,466.91,5100924710.00,7873
1994-03-08,-0.002198,-0.002253,-0.000528,-0.000569,-0.002206,465.88,5089461430.00,7873
1994-03-09,0.001747,0.001348,0.001869,0.001656,0.002533,467.06,5096459440.00,7878
1994-03-10,-0.005796,-0.005825,-0.001804,-0.001827,-0.006766,463.90,5068456540.00,7884
1994-03-11,0.004105,0.004085,0.002968,0.002932,0.005475,466.44,5088759870.00,7887
1994-03-14,0.002916,0.002840,0.003084,0.003000,0.002037,467.39,5104128620.00,7890
1994-03-15,0.000431,0.000334,0.003166,0.003077,-0.000813,467.01,5106528060.00,7896
1994-03-16,0.005495,0.005467,0.005003,0.004989,0.005160,469.42,5134738400.00,7899
1994-03-17,0.003110,0.003066,0.003848,0.003825,0.003153,470.90,5149505390.00,7900
1994-03-18,0.000596,0.000588,0.003700,0.003661,0.000340,471.06,5155663870.00,7912
1994-03-21,-0.005102,-0.005137,-0.004664,-0.004725,-0.005350,468.54,5128945700.00,7907
1994-03-22,0.000759,0.000746,0.002025,0.002006,0.000555,468.80,5133036770.00,7911
1994-03-23,0.000634,0.000632,0.002433,0.002428,-0.000555,468.54,5136566920.00,7915
1994-03-24,-0.009548,-0.009579,-0.007311,-0.007336,-0.008943,464.35,5087780330.00,7922
1994-03-25,-0.005956,-0.006431,0.002013,0.001587,-0.008119,460.58,5035982400.00,7922
1994-03-28,-0.004821,-0.004836,-0.010700,-0.010725,-0.001259,460.00,5031084770.00,7922
1994-03-29,-0.017818,-0.017873,-0.014220,-0.014240,-0.016348,452.48,4942631350.00,7932
1994-03-30,-0.015226,-0.015253,-0.015446,-0.015458,-0.015316,445.55,4868696550.00,7934
1994-03-31,-0.001436,-0.001468,-0.005163,-0.005179,0.000494,445.77,4876969200.00,7939
1994-04-04,-0.016178,-0.016394,-0.020550,-0.020676,-0.015367,438.92,4796868540.00,7938
1994-04-05,0.023776,0.023575,0.022742,0.022704,0.021348,448.29,4909827190.00,7940
1994-04-06,0.000570,0.000560,0.003277,0.003258,-0.000535,448.05,4901183500.00,7939
1994-04-07,0.006128,0.006122,0.005871,0.005860,0.006316,450.88,4933526540.00,7948
1994-04-08,-0.007574,-0.007641,-0.001990,-0.002017,-0.008384,447.10,4896219650.00,7954
1994-04-11,0.003099,0.002953,-0.000961,-0.001179,0.006195,449.87,4910645680.00,7952
1994-04-12,-0.004961,-0.005009,-0.004293,-0.004360,-0.005113,447.57,4886694770.00,7955
1994-04-13,-0.005804,-0.005817,-0.007955,-0.007966,-0.002927,446.26,4858330660.00,7958
1994-04-14,0.000383,0.000322,0.000261,0.000232,0.000269,446.38,4860635070.00,7963
1994-04-15,0.000368,0.000368,0.000997,0.000987,-0.000448,446.18,4862787120.00,7967
1994-04-18,-0.008180,-0.008271,-0.007063,-0.007103,-0.008337,442.46,4821403550.00,7964
1994-04-19,-0.002914,-0.002955,-0.008000,-0.008022,0.000181,442.54,4807592780.00,7965
1994-04-20,-0.003963,-0.003972,-0.007836,-0.007845,-0.001311,441.96,4787018200.00,7963
1994-04-21,0.014565,0.014564,0.008192,0.008185,0.015318,448.73,4859136810.00,7971
1994-04-22,0.000040,0.000035,0.004763,0.004750,-0.002451,447.63,4859241670.00,7971
1994-04-25,0.010259,0.010042,0.005810,0.005517,0.011349,452.71,4908147650.00,7972
1994-04-26,0.001006,0.000752,0.004719,0.004621,-0.001855,451.87,4912410660.00,7975
1994-04-28,-0.005135,-0.005158,0.001154,0.001124,-0.006130,449.10,4887148450.00,7970
1994-04-29,0.004601,0.004592,0.005459,0.005442,0.004030,450.91,4918538330.00,7973
1994-05-02,0.005435,0.005153,0.003324,0.003210,0.004679,453.02,4944920180.00,7977
1994-05-03,-0.000019,-0.000157,0.002697,0.002640,0.000022,453.03,4944677210.00,7982
1994-05-04,-0.001384,-0.001497,0.001978,0.001914,-0.002892,451.72,4939022890.00,7984
1994-05-05,-0.000921,-0.001155,0.001009,0.000984,-0.000753,451.38,4933584020.00,7985
1994-05-06,-0.008423,-0.008519,-0.004928,-0.004979,-0.007887,447.82,4892378850.00,7989
1994-05-09,-0.012205,-0.012814,-0.007246,-0.007474,-0.012282,442.32,4829683830.00,7987
1994-05-10,0.005813,0.005699,0.002670,0.002539,0.008342,446.01,4857368940.00,7992
1994-05-11,-0.009967,-0.010042,-0.005206,-0.005268,-0.010134,441.49,4808791020.00,7997
1994-05-12,0.003661,0.003614,0.002411,0.002387,0.005119,443.75,4826288630.00,7996
1994-05-13,0.000398,0.000373,0.000573,0.000562,0.000879,444.14,4829014150.00,8005
1994-05-16,-0.001098,-0.001357,-0.003632,-0.003734,0.000788,444.49,4822665110.00,8006
1994-05-17,0.008056,0.007928,-0.000644,-0.000685,0.010979,449.37,4861058690.00,8013
1994-05-18,0.011022,0.010978,0.006364,0.006345,0.009613,453.69,4914813550.00,8016
1994-05-19,0.006050,0.006002,0.006327,0.006259,0.006150,456.48,4944365720.00,8017
1994-05-20,-0.001934,-0.001952,0.002446,0.002418,-0.003417,454.92,4935221150.00,8026
1994-05-23,-0.002847,-0.002977,-0.000676,-0.000740,-0.003781,453.20,4919483270.00,8023
1994-05-24,0.003675,0.003510,0.002045,0.001930,0.003553,454.81,4937906780.00,8026
1994-05-25,0.002551,0.002312,0.001666,0.001546,0.003364,456.34,4903487860.00,8029
1994-05-26,0.002455,0.002445,0.002986,0.002970,0.001578,457.06,4961401430.00,8033
1994-05-27,0.001083,0.000903,0.003959,0.003894,0.000591,457.33,4966801820.00,8034
1994-05-31,-0.001110,-0.001158,0.000709,0.000669,-0.001793,456.51,4964878860.00,8032
1994-06-01,0.002468,0.002406,0.000238,0.000198,0.002453,457.63,4976626440.00,8028
1994-06-02,0.001566,0.001387,0.004690,0.004667,0.000044,457.65,4983508600.00,8029
1994-06-03,0.004816,0.004780,0.003959,0.003946,0.005419,460.13,5007527880.00,8036
1994-06-06,0.000032,-0.000207,0.002816,0.002659,-0.002717,458.88,5005625830.00,8033
1994-06-07,-0.002335,-0.002397,-0.002367,-0.002398,-0.001460,458.21,4994749230.00,8036
1994-06-08,-0.004228,-0.004243,-0.002129,-0.002155,-0.002510,457.06,4973718470.00,8037
1994-06-09,0.000325,-0.000126,0.000293,0.000045,0.001750,457.86,4972370240.00,8038
1994-06-10,0.002676,0.002662,0.004266,0.004212,0.001769,458.67,4986800470.00,8043
1994-06-13,0.000597,0.000530,0.000449,0.000363,0.000937,459.10,4989522650.00,8043
1994-06-14,0.005370,0.005295,0.001460,0.001363,0.007123,462.37,5015278190.00,8046
1994-06-15,-0.002869,-0.002909,0.000783,0.000761,-0.003806,460.61,5001739730.00,8049
1994-06-16,0.001944,0.001891,0.000657,0.000641,0.002866,461.93,5012415260.00,8054
1994-06-17,-0.006465,-0.006474,-0.001447,-0.001468,-0.007534,458.45,4980697780.00,8065
1994-06-20,-0.009129,-0.009167,-0.010577,-0.010639,-0.006478,455.48,4934775170.00,8065
1994-06-21,-0.009209,-0.009227,-0.008551,-0.008577,-0.009089,451.34,4889480350.00,8068
1994-06-22,0.003564,0.003558,0.003631,0.003618,0.003877,453.09,4906019950.00,8067
1994-06-23,-0.008466,-0.008472,-0.006563,-0.006570,-0.007636,449.63,4866024690.00,8066
1994-06-24,-0.013796,-0.014201,-0.009863,-0.010211,-0.015190,442.80,4798320060.00,8068
1994-06-27,0.008517,0.008398,0.000436,0.000355,0.010185,447.31,4838298280.00,8070
1994-06-28,-0.002430,-0.002610,-0.002253,-0.002289,-0.002772,446.07,4828410400.00,8074
1994-06-29,0.003717,0.003641,0.002115,0.002101,0.003497,447.63,4849718330.00,8079
1994-06-30,-0.004662,-0.004698,0.008121,0.008106,-0.007506,444.27,4839338100.00,8086
1994-07-01,0.004421,0.004211,0.001082,0.000961,0.004344,446.20,4859319610.00,8084
1994-07-05,-0.000142,-0.000348,-0.002634,-0.002675,0.000381,446.37,4857497820.00,8083
1994-07-06,-0.000266,-0.000297,-0.000273,-0.000306,-0.000538,446.13,4856164080.00,8084
1994-07-07,0.004908,0.004906,0.003747,0.003741,0.005043,448.38,4884371960.00,8087
1994-07-08,0.001885,0.001875,0.000896,0.000883,0.002609,449.55,4887851650.00,8084
1994-07-11,-0.002493,-0.002649,-0.000823,-0.001045,-0.003314,448.06,4874841100.00,8081
1994-07-12,0.001046,0.001014,0.002198,0.002134,-0.000246,447.95,4879929630.00,8087
1994-07-13,0.003775,0.003770,0.005151,0.005142,0.001741,448.73,4896350050.00,8090
1994-07-14,0.009595,0.009517,0.007755,0.007729,0.010429,453.41,4943369540.00,8090
1994-07-15,0.001205,0.001200,0.004870,0.004864,0.001654,454.16,4949800180.00,8096
1994-07-18,0.001978,0.001881,-0.000049,-0.000110,0.002334,455.22,4958824810.00,8095
1994-07-19,-0.002279,-0.002322,0.000815,0.000795,-0.002988,453.86,4947400480.00,8099
1994-07-20,-0.005033,-0.005041,-0.002735,-0.002738,-0.004980,451.60,4922507230.00,8101
1994-07-21,0.001606,0.001605,0.001574,0.001565,0.002236,452.61,4930926170.00,8100
1994-07-22,0.000607,0.000600,0.001984,0.001968,0.001105,453.11,4934340550.00,8099
1994-07-25,0.001687,0.001469,-0.000317,-0.000462,0.002516,454.25,4942236480.00,8100
1994-07-26,-0.001486,-0.001629,0.000341,0.000192,-0.001959,453.36,4935198100.00,8104
1994-07-27,-0.002338,-0.002393,0.000099,0.000076,-0.001743,452.57,4923395290.00,8108
1994-07-28,0.002472,0.002463,0.000047,0.000027,0.003690,454.24,4935811920.00,8111
1994-07-29,0.009268,0.009231,0.008890,0.008865,0.008828,458.25,4986536410.00,8115
1994-08-01,0.005240,0.005015,0.001870,0.001736,0.006023,461.01,5011796070.00,8116
1994-08-02,0.001339,0.001095,0.000968,0.000875,-0.000976,460.56,5017590460.00,8118
1994-08-03,0.000375,0.000346,0.002655,0.002643,0.001954,461.46,5019547450.00,8120
1994-08-04,-0.004757,-0.004979,-0.000926,-0.000981,-0.006631,458.40,4992373030.00,8115
1994-08-05,-0.002988,-0.003018,-0.000553,-0.000593,-0.002858,457.09,4978221030.00,8112
1994-08-08,0.002179,0.001978,0.000760,0.000609,0.001750,457.89,4987642250.00,8107
1994-08-09,0.000865,0.000446,0.001964,0.001751,0.000066,457.92,4989867900.00,8108
1994-08-10,0.005342,0.005263,0.002617,0.002598,0.005197,460.30,5016709070.00,8111
1994-08-11,-0.002709,-0.002749,-0.000069,-0.000093,-0.003085,458.88,5003488490.00,8116
1994-08-12,0.005340,0.005276,0.005308,0.005259,0.006690,461.95,5030459660.00,8123
1994-08-15,0.000008,-0.000253,0.000246,0.000122,-0.001559,461.23,5029455960.00,8123
1994-08-16,0.005957,0.005834,0.001153,0.001102,0.008195,465.01,5057814690.00,8126
1994-08-17,0.001813,0.001773,0.004571,0.004559,0.000344,465.17,5066815970.00,8127
1994-08-18,-0.003310,-0.003344,0.000801,0.000780,-0.004300,463.17,5050130070.00,8129
1994-08-19,0.001372,0.001340,0.003999,0.003969,0.001101,463.68,5057593870.00,8132
1994-08-22,-0.001749,-0.001877,0.000981,0.000857,-0.002955,462.31,5048096650.00,8132
1994-08-23,0.005292,0.005267,0.004492,0.004474,0.004759,464.51,5074674760.00,8133
1994-08-24,0.007261,0.007209,0.004459,0.004444,0.009731,469.03,5113273970.00,8133
1994-08-25,-0.000543,-0.000673,0.002792,0.002680,-0.002025,468.08,5108218440.00,8135
1994-08-26,0.010683,0.010476,0.006224,0.006100,0.012220,473.80,5157946100.00,8132
1994-08-29,0.001949,0.001756,0.001314,0.001235,0.001667,474.59,5166872170.00,8131
1994-08-30,0.003611,0.003543,0.003252,0.003217,0.003118,476.07,5185481920.00,8129
1994-08-31,-0.000536,-0.000562,0.003592,0.003579,-0.001197,475.50,5182784540.00,8133
1994-09-01,-0.004520,-0.004657,-0.000902,-0.000949,-0.004900,473.17,5155905630.00,8124
1994-09-02,-0.002601,-0.002897,0.003428,0.003293,-0.004607,470.99,5140887730.00,8120
1994-09-06,0.000327,0.000283,-0.000356,-0.000397,0.001847,471.86,5142379680.00,8122
1994-09-07,0.000008,-0.000004,0.002477,0.002456,-0.001844,470.99,5142367800.00,8121
1994-09-08,0.004577,0.004550,0.003797,0.003782,0.004565,473.14,5165797740.00,8123
1994-09-09,-0.008630,-0.009050,-0.001145,-0.001362,-0.010483,468.18,5118893180.00,8121
1994-09-12,-0.004105,-0.004199,-0.001371,-0.001484,-0.004208,466.21,5097422130.00,8123
1994-09-13,0.003248,0.003192,0.004362,0.004289,0.002810,467.52,5113788190.00,8127
1994-09-14,0.002531,0.002515,0.002865,0.002826,0.002738,468.80,5126494350.00,8125
1994-09-15,0.011038,0.010985,0.005473,0.005462,0.012820,474.81,5181752210.00,8115
1994-09-16,-0.004598,-0.004606,0.000853,0.000840,-0.007624,471.19,5158316300.00,8117
1994-09-19,-0.000810,-0.000869,0.000604,0.000547,-0.000722,470.85,5152776610.00,8113
1994-09-20,-0.013782,-0.013827,-0.005405,-0.005438,-0.015907,463.36,5073883010.00,8112
1994-09-21,-0.005306,-0.005319,-0.004693,-0.004702,-0.004100,461.46,5047734080.00,8116
1994-09-22,-0.000808,-0.000812,0.000846,0.000837,-0.000412,461.27,5043735270.00,8119
1994-09-23,-0.003000,-0.003008,-0.000352,-0.000384,-0.003469,459.67,5029459840.00,8125
1994-09-26,0.001808,0.001262,-0.001699,-0.002083,0.002502,460.82,5035850520.00,8126
1994-09-27,0.001821,0.001791,-0.000222,-0.000281,0.002669,462.05,5046045990.00,8137
1994-09-28,0.005919,0.005912,0.004807,0.004795,0.005973,464.81,5076267200.00,8143
1994-09-29,-0.003335,-0.003447,-0.000561,-0.000606,-0.005551,462.23,5063539790.00,8144
1994-09-30,0.002191,0.002143,0.007184,0.007160,0.001038,462.71,5091283690.00,8139
1994-10-03,-0.002481,-0.002775,-0.003653,-0.003774,-0.002096,461.74,5073365810.00,8127
1994-10-04,-0.014293,-0.014468,-0.009442,-0.009485,-0.015485,454.59,5000029220.00,8129
1994-10-05,-0.003850,-0.003852,-0.007073,-0.007082,-0.002354,453.52,4980721780.00,8127
1994-10-06,-0.001869,-0.001893,0.002496,0.002460,-0.002558,452.36,4971293400.00,8128
1994-10-07,0.005892,0.005744,0.003915,0.003721,0.006057,455.10,5000197060.00,8136
1994-10-10,0.007458,0.007458,0.004951,0.004951,0.008657,459.04,5037487770.00,8136
1994-10-11,0.012321,0.012281,0.004932,0.004888,0.014705,465.79,5099424020.00,8137
1994-10-12,0.000321,0.000307,0.001576,0.001521,-0.000687,465.47,5101339390.00,8143
1994-10-13,0.003491,0.003490,0.002382,0.002371,0.004984,467.79,5119172960.00,8143
1994-10-14,0.001634,0.001559,0.002222,0.002185,0.002800,469.10,5127264860.00,8145
1994-10-17,-0.000486,-0.000579,-0.000301,-0.000340,-0.000298,468.96,5124365650.00,8147
1994-10-18,-0.001997,-0.002040,-0.001094,-0.001126,-0.002772,467.66,5112432470.00,8149
1994-10-19,0.004693,0.004665,0.003458,0.003438,0.005602,470.28,5133390180.00,8151
1994-10-20,-0.006178,-0.006178,-0.002597,-0.002604,-0.007294,466.85,5103231800.00,8152
1994-10-21,-0.003738,-0.003742,0.000701,0.000679,-0.004198,464.89,5083752380.00,8158
1994-10-24,-0.007427,-0.007511,-0.004839,-0.004885,-0.008733,460.83,5046331530.00,8160
1994-10-25,-0.000448,-0.000606,-0.003542,-0.003690,0.001497,461.52,5043579830.00,8163
1994-10-26,0.002656,0.002524,0.001492,0.001409,0.002362,462.61,5056734930.00,8167
1994-10-27,0.006009,0.006003,0.004567,0.004553,0.007004,465.85,5087444430.00,8169
1994-10-28,0.014662,0.014622,0.008647,0.008622,0.017001,473.77,5162387320.00,8171
1994-10-31,-0.001537,-0.001697,0.003114,0.003045,-0.002997,472.35,5149758850.00,8172
1994-11-01,-0.007543,-0.007740,-0.006536,-0.006611,-0.008320,468.42,5110858150.00,8173
1994-11-02,-0.002429,-0.002523,0.000640,0.000601,-0.004078,466.51,5098483030.00,8170
1994-11-03,0.002398,0.002300,0.002579,0.002560,0.003001,467.91,5110730570.00,8171
1994-11-04,-0.008857,-0.009268,-0.001893,-0.002053,-0.012032,462.28,5064458810.00,8176
1994-11-07,-0.000546,-0.000774,-0.004279,-0.004341,0.001687,463.06,5060628450.00,8177
1994-11-08,0.004834,0.004559,0.001343,0.001103,0.005593,465.65,5084309440.00,8187
1994-11-09,-0.000907,-0.000981,-0.001242,-0.001267,-0.000494,465.42,5079462150.00,8182
1994-11-10,-0.002515,-0.002570,-0.001230,-0.001282,-0.002299,464.35,5066656420.00,8180
1994-11-11,-0.003899,-0.003899,-0.001375,-0.001380,-0.004307,462.35,5046686280.00,8178
1994-11-14,0.006481,0.006260,0.000842,0.000699,0.007981,466.04,5078662360.00,8181
1994-11-15,-0.000829,-0.000877,0.000926,0.000859,-0.002167,465.03,5074274010.00,8182
1994-11-16,0.000412,0.000285,0.000232,0.000204,0.001269,465.62,5077292800.00,8187
1994-11-17,-0.004403,-0.004452,-0.001735,-0.001768,-0.004403,463.57,5054483570.00,8190
1994-11-18,-0.004279,-0.004429,-0.001503,-0.001551,-0.004530,461.47,5033246010.00,8193
1994-11-21,-0.007224,-0.007270,-0.006752,-0.006788,-0.006891,458.29,4996443870.00,8193
1994-11-22,-0.017764,-0.017786,-0.012917,-0.012937,-0.017914,450.08,4908049290.00,8201
1994-11-23,-0.001167,-0.001303,-0.004343,-0.004454,-0.000333,449.93,4892897950.00,8198
1994-11-25,0.006537,0.006216,0.007693,0.007548,0.005245,452.29,4923787400.00,8199
1994-11-28,0.003364,0.003195,-0.002277,-0.002345,0.004135,454.16,4939611110.00,8200
1994-11-29,0.002467,0.002405,0.001916,0.001883,0.002224,455.17,4951636420.00,8202
1994-11-30,-0.001609,-0.001654,0.004876,0.004856,-0.003252,453.69,4944594210.00,8197
1994-12-01,-0.009757,-0.009886,-0.008165,-0.008216,-0.010514,448.92,4892871890.00,8195
1994-12-02,0.007190,0.007062,0.004695,0.004598,0.009757,453.30,4927224080.00,8195
1994-12-05,0.000911,0.000677,-0.001365,-0.001538,0.000066,453.33,4930540220.00,8195
1994-12-06,-0.001555,-0.001607,-0.003927,-0.003978,-0.000485,453.11,4922757290.00,8198
1994-12-07,-0.005231,-0.005260,-0.005726,-0.005742,-0.004149,451.23,4895321940.00,8198
1994-12-08,-0.013779,-0.013808,-0.011587,-0.011610,-0.012809,445.45,4830783080.00,8197
1994-12-09,0.001505,0.001067,-0.003256,-0.003530,0.003412,446.97,4835911130.00,8193
1994-12-12,0.003751,0.003650,-0.002080,-0.002226,0.005593,449.47,4852784520.00,8190
1994-12-13,0.002378,0.002292,0.000701,0.000586,0.001513,450.15,4863952750.00,8191
1994-12-14,0.010255,0.010223,0.005626,0.005577,0.010708,454.97,4914940310.00,8193
1994-12-15,0.003645,0.003587,0.006396,0.006372,0.000835,455.35,4933009260.00,8203
1994-12-16,0.004653,0.004627,0.003263,0.003211,0.007577,458.80,4955422580.00,8208
1994-12-19,-0.001749,-0.001803,-0.002867,-0.002953,-0.001940,457.91,4947462770.00,8205
1994-12-20,-0.000479,-0.000529,0.001445,0.001379,-0.001769,457.10,4945101550.00,8210
1994-12-21,0.006271,0.006246,0.004789,0.004742,0.005491,459.61,4976184310.00,8211
1994-12-22,-0.000252,-0.000270,0.001664,0.001597,0.000152,459.68,4974820910.00,8205
1994-12-23,0.002419,0.001734,0.004064,0.003400,0.000326,459.83,4983623270.00,8206
1994-12-27,0.004504,0.004467,-0.000477,-0.000534,0.005741,462.47,5005754790.00,8205
1994-12-28,-0.003638,-0.003648,-0.003670,-0.003686,-0.003481,460.86,4987391730.00,8204
1994-12-29,0.002686,0.002647,0.003387,0.003364,0.000673,461.17,5000530430.00,8203
1994-12-30,-0.000819,-0.001007,0.011426,0.011390,-0.004120,459.27,5003075170.00,8199
1995-01-03,-0.002410,-0.002443,0.004019,0.003990,-0.000348,459.11,4988658890.00,8193
1995-01-04,0.003331,0.003099,0.004864,0.004790,0.003485,460.71,5003948000.00,8191
1995-01-05,-0.000112,-0.000199,0.003060,0.003035,-0.000803,460.34,5002373660.00,8190
1995-01-06,0.001815,0.001809,0.004570,0.004551,0.000739,460.68,5011228260.00,8189
1995-01-09,0.001042,0.000875,0.002696,0.002473,0.000326,460.83,5015110240.00,8184
1995-01-10,0.002056,0.002027,0.001391,0.001341,0.001845,461.68,5025340680.00,8186
1995-01-11,-0.000454,-0.000467,0.000520,0.000503,-0.000022,461.67,5022735830.00,8180
1995-01-12,0.000185,0.000182,0.003075,0.003064,-0.000065,461.64,5023666790.00,8180
1995-01-13,0.008543,0.008378,0.007690,0.007606,0.009380,465.97,5066120990.00,8178
1995-01-16,0.007830,0.007830,0.004495,0.004494,0.007318,469.38,5105116910.00,8175
1995-01-17,0.002278,0.002234,0.003545,0.003505,0.001427,470.05,5116529550.00,8176
1995-01-18,-0.001144,-0.001155,0.000922,0.000892,-0.000723,469.71,5110369850.00,8176
1995-01-19,-0.005345,-0.005371,-0.002178,-0.002194,-0.005876,466.95,5082977510.00,8180
1995-01-20,-0.004909,-0.004913,-0.000352,-0.000364,-0.004647,464.78,5059267620.00,8182
1995-01-23,-0.000378,-0.000444,-0.004954,-0.004986,0.002238,465.82,5056206620.00,8181
1995-01-24,0.001967,0.001902,0.003531,0.003509,0.000086,465.86,5066661420.00,8183
1995-01-25,0.002191,0.002015,0.000672,0.000535,0.003392,467.44,5074327030.00,8185
1995-01-26,0.000549,0.000480,0.000818,0.000745,0.001883,468.32,5076840270.00,8180
1995-01-27,0.003732,0.003715,0.002577,0.002561,0.004420,470.39,5096323530.00,8185
1995-01-30,-0.004442,-0.004603,-0.004205,-0.004296,-0.003997,468.51,5070972230.00,8180
1995-01-31,0.003962,0.003749,0.005332,0.005247,0.004077,470.42,5094192990.00,8180
1995-02-01,0.001851,0.001794,0.001533,0.001486,-0.000043,470.40,5102620020.00,8174
1995-02-02,0.004623,0.004493,0.004336,0.004288,0.005081,472.79,5125833880.00,8176
1995-02-03,0.012280,0.012219,0.007553,0.007526,0.012395,478.65,5190203990.00,8177
1995-02-06,0.006086,0.005689,0.004546,0.004418,0.005202,481.14,5219916010.00,8181
1995-02-07,-0.000437,-0.000520,0.002004,0.001941,-0.000686,480.81,5217544920.00,8187
1995-02-08,0.001453,0.001361,0.002784,0.002623,0.000790,481.19,5224584600.00,8184
1995-02-09,-0.000534,-0.000783,0.003819,0.003621,-0.002078,480.19,5220463480.00,8178
1995-02-10,0.002483,0.002344,0.004460,0.004435,0.002645,481.46,5233113140.00,8179
1995-02-13,0.000329,0.000082,0.001268,0.001118,0.000395,481.65,5233617870.00,8185
1995-02-14,0.001084,0.000934,0.002185,0.002131,0.001869,482.55,5238435090.00,8189
1995-02-15,0.004785,0.004711,0.004093,0.004063,0.004124,484.54,5263410170.00,8191
1995-02-16,-0.000453,-0.000471,-0.000529,-0.000539,0.001403,485.22,5259303140.00,8191
1995-02-17,-0.005077,-0.005246,-0.000604,-0.000666,-0.006698,481.97,5231686510.00,8191
1995-02-21,-0.000282,-0.000333,-0.001311,-0.001339,0.001556,482.72,5230018090.00,8191
1995-02-22,0.004093,0.003964,0.001019,0.000900,0.004868,485.07,5251507440.00,8192
1995-02-23,0.004651,0.004442,0.003127,0.003023,0.003793,486.91,5275047630.00,8189
1995-02-24,0.001726,0.001696,0.003224,0.003213,0.002773,488.26,5286189530.00,8191
1995-02-27,-0.007779,-0.007945,-0.008485,-0.008553,-0.009114,483.81,5242336280.00,8187
1995-02-28,0.008116,0.008050,0.006332,0.006288,0.007400,487.39,5285258360.00,8187
1995-03-01,-0.002976,-0.003182,-0.000396,-0.000445,-0.003570,485.65,5266980930.00,8184
1995-03-02,-0.000833,-0.000866,0.000091,0.000069,-0.001071,485.13,5258482790.00,8184
1995-03-03,0.001327,0.001169,0.002980,0.002956,0.000598,485.42,5262943920.00,8188
1995-03-06,-0.000917,-0.001168,-0.002933,-0.003088,0.000433,485.63,5256708610.00,8185
1995-03-07,-0.006949,-0.007012,-0.006461,-0.006512,-0.007228,482.12,5220326220.00,8189
1995-03-08,0.002114,0.002098,0.001320,0.001300,0.002116,483.14,5231078470.00,8187
1995-03-09,0.000730,0.000259,0.001596,0.001322,0.000041,483.16,5232574800.00,8187
1995-03-10,0.011042,0.011023,0.006641,0.006599,0.013267,489.57,5291426550.00,8187
1995-03-13,0.000984,0.000876,0.001099,0.000973,0.000980,490.05,5304983020.00,8189
1995-03-14,0.005573,0.005518,0.004497,0.004443,0.005795,492.89,5334010970.00,8188
1995-03-15,-0.001199,-0.001241,0.002314,0.002298,-0.002049,491.88,5327668110.00,8191
1995-03-16,0.005711,0.005662,0.004541,0.004506,0.007177,495.41,5356029690.00,8187
1995-03-17,-0.000415,-0.000434,0.001736,0.001703,0.000222,495.52,5354088510.00,8189
1995-03-20,0.001327,0.001253,0.000413,0.000290,0.001251,496.14,5360884260.00,8193
1995-03-21,-0.002145,-0.002169,-0.001752,-0.001790,-0.002157,495.07,5349319530.00,8192
1995-03-22,0.000744,0.000740,0.000421,0.000413,0.001212,495.67,5353048630.00,8190
1995-03-23,0.001076,0.001072,0.003141,0.003127,0.000565,495.95,5359107040.00,8187
1995-03-24,0.009268,0.009245,0.006210,0.006162,0.010122,500.97,5408776660.00,8187
1995-03-27,0.004946,0.004536,0.002552,0.002102,0.004451,503.20,5433144040.00,8187
1995-03-28,0.001582,0.001547,0.001961,0.001891,0.001391,503.90,5441754990.00,8188
1995-03-29,-0.001371,-0.001379,0.000621,0.000606,-0.001548,503.12,5434100960.00,8186
1995-03-30,-0.000274,-0.000334,0.004498,0.004470,-0.001789,502.22,5432649860.00,8187
1995-03-31,-0.002444,-0.002472,0.003231,0.003194,-0.003007,500.71,5432944200.00,8188
1995-04-03,0.001327,0.001149,0.000608,0.000475,0.002277,501.85,5438969570.00,8185
1995-04-04,0.004471,0.004266,0.000981,0.000929,0.006755,505.24,5462956260.00,8190
1995-04-05,0.001443,0.001307,0.002609,0.002561,0.000653,505.57,5470139130.00,8192
1995-04-06,0.000810,0.000806,0.001994,0.001980,0.001009,506.08,5475379780.00,8195
1995-04-07,-0.000406,-0.000543,0.001308,0.001127,0.000672,506.42,5473335240.00,8200
1995-04-10,0.002456,0.002403,0.002389,0.002320,0.001165,507.01,5486433060.00,8200
1995-04-11,-0.001265,-0.001272,0.001525,0.001500,-0.002919,505.53,5482265950.00,8208
1995-04-12,0.003453,0.003396,0.003234,0.003215,0.003244,507.17,5502119330.00,8208
1995-04-13,0.003486,0.003475,0.005605,0.005578,0.004062,509.23,5522182620.00,8209
1995-04-17,-0.004416,-0.004534,0.000216,0.000123,-0.006088,506.13,5496913740.00,8208
1995-04-18,-0.002852,-0.002894,-0.001185,-0.001222,-0.001502,505.37,5481049060.00,8206
1995-04-19,-0.002796,-0.002816,-0.001830,-0.001838,-0.000890,504.92,5465401440.00,8208
1995-04-20,0.001745,0.001745,0.003098,0.003092,0.000733,505.29,5475076850.00,8209
1995-04-21,0.005287,0.005275,0.004380,0.004361,0.006333,508.49,5504119530.00,8214
1995-04-24,0.007374,0.007139,0.005024,0.004856,0.008653,512.89,5540207170.00,8214
1995-04-25,-0.000673,-0.000807,0.001348,0.001234,-0.001540,512.10,5534210550.00,8215
1995-04-26,0.001578,0.001515,0.003482,0.003455,0.001094,512.66,5542450660.00,8215
1995-04-27,0.002068,0.002058,0.003358,0.003322,0.001736,513.55,5554118800.00,8207
1995-04-28,0.001800,0.001786,0.003543,0.003507,0.002259,514.71,5561653370.00,8211
1995-05-01,-0.000731,-0.000936,0.000588,0.000481,-0.000874,514.26,5554381570.00,8200
1995-05-02,0.001006,0.000862,0.001771,0.001702,0.001167,514.86,5559795900.00,8200
1995-05-03,0.009166,0.009125,0.003985,0.003935,0.010916,520.48,5610708190.00,8205
1995-05-04,-0.000656,-0.000901,-0.003479,-0.003539,0.000115,520.54,5605844850.00,8208
1995-05-05,-0.000606,-0.000686,0.001353,0.001311,-0.000807,520.12,5602874730.00,8211
1995-05-08,0.006380,0.006121,0.003829,0.003745,0.007383,523.96,5637226610.00,8211
1995-05-09,0.000402,0.000032,0.000781,0.000557,-0.000763,523.56,5635619800.00,8211
1995-05-10,0.001645,0.001564,0.002341,0.002298,0.001528,524.36,5644636630.00,8212
1995-05-11,0.002081,0.001978,0.003258,0.003217,0.000019,524.37,5654723350.00,8212
1995-05-12,0.002328,0.002299,0.003297,0.003271,0.002250,525.55,5663982500.00,8207
1995-05-15,0.004442,0.004199,0.003924,0.003814,0.004167,527.74,5687659960.00,8211
1995-05-16,0.001814,0.001698,0.002002,0.001946,0.000853,528.19,5697527970.00,8212
1995-05-17,-0.001481,-0.001491,0.001386,0.001361,-0.002120,527.07,5689191790.00,8216
1995-05-18,-0.012178,-0.012231,-0.003806,-0.003825,-0.014211,519.58,5619661760.00,8218
1995-05-19,-0.000678,-0.000708,0.000021,-0.000005,-0.000751,519.19,5616766790.00,8217
1995-05-22,0.007301,0.007204,0.004185,0.004125,0.008590,523.65,5657363330.00,8216
1995-05-23,0.008524,0.008469,0.003658,0.003620,0.009434,528.59,5705277150.00,8216
1995-05-24,0.000019,-0.000083,0.001982,0.001904,0.000038,528.61,5704825960.00,8215
1995-05-25,-0.000004,-0.000234,0.001285,0.001168,-0.000038,528.59,5705027420.00,8211
1995-05-26,-0.007493,-0.007643,-0.000829,-0.000899,-0.009346,523.65,5660381490.00,8213
1995-05-30,-0.001714,-0.001793,-0.002317,-0.002377,-0.000134,523.58,5651308870.00,8214
1995-05-31,0.014017,0.014000,0.005175,0.005155,0.018756,533.40,5737031410.00,8215
1995-06-01,0.001633,0.001565,0.002103,0.002062,0.000169,533.49,5746277880.00,8215
1995-06-02,0.000428,0.000292,0.004559,0.004530,-0.001837,532.51,5748349780.00,8218
1995-06-05,0.006195,0.006194,0.006303,0.006299,0.005803,535.60,5783885390.00,8216
1995-06-06,-0.000158,-0.000363,0.002768,0.002655,-0.000093,535.55,5781437400.00,8214
1995-06-07,-0.002969,-0.002969,0.001251,0.001251,-0.004519,533.13,5762549870.00,8218
1995-06-08,-0.000491,-0.000606,0.003313,0.003242,-0.001463,532.35,5759554340.00,8218
1995-06-09,-0.006979,-0.006992,-0.000033,-0.000045,-0.008284,527.94,5718719660.00,8221
1995-06-12,0.004966,0.004928,0.003509,0.003488,0.005569,530.88,5746794660.00,8218
1995-06-13,0.009127,0.008718,0.005877,0.005625,0.009739,536.05,5798164630.00,8223
1995-06-14,0.001013,0.000911,0.002342,0.002208,0.000784,536.47,5803404120.00,8226
1995-06-15,0.002651,0.002629,0.005252,0.005217,0.001212,537.12,5819008620.00,8228
1995-06-16,0.004222,0.004206,0.003432,0.003376,0.005045,539.83,5843430360.00,8229
1995-06-19,0.009053,0.009005,0.003597,0.003585,0.009985,545.22,5895958340.00,8225
1995-06-20,0.000439,0.000420,0.001738,0.001702,-0.000440,544.98,5898625440.00,8227
1995-06-21,-0.000271,-0.000308,0.002890,0.002806,-0.001835,543.98,5897644880.00,8235
1995-06-22,0.011166,0.011107,0.005760,0.005734,0.013034,551.07,5963480580.00,8217
1995-06-23,-0.002526,-0.002542,0.000396,0.000386,-0.002468,549.71,5948854130.00,8218
1995-06-26,-0.009602,-0.009616,-0.005041,-0.005068,-0.010151,544.13,5891488560.00,8219
1995-06-27,-0.003244,-0.003251,0.001124,0.001094,-0.003124,542.43,5872931560.00,8221
1995-06-28,0.003184,0.002783,0.001243,0.000821,0.004240,544.73,5889426380.00,8226
1995-06-29,-0.000077,-0.000097,0.002433,0.002400,-0.001579,543.87,5891774200.00,8234
1995-06-30,0.003213,0.003055,0.009603,0.009569,0.001618,544.75,5925503750.00,8244
1995-07-03,0.003407,0.003360,0.002638,0.002590,0.004296,547.09,5944240360.00,8230
1995-07-05,0.002158,0.002033,0.002726,0.002682,0.000311,547.26,5956396790.00,8231
1995-07-06,0.011207,0.011008,0.005623,0.005571,0.012298,553.99,6019136530.00,8225
1995-07-07,0.006480,0.006359,0.009358,0.009339,0.004296,556.37,6057588880.00,8226
1995-07-10,0.002153,0.002136,0.004330,0.004309,0.001474,557.19,6070504870.00,8225
1995-07-11,-0.002973,-0.003001,0.001964,0.001939,-0.004325,554.78,6051999210.00,8224
1995-07-12,0.011074,0.010945,0.009441,0.009242,0.011013,560.89,6118259410.00,8225
1995-07-13,0.000714,0.000673,0.003033,0.002974,0.000196,561.00,6112578000.00,8231
1995-07-14,-0.001359,-0.001362,0.003150,0.003139,-0.001979,559.89,6105184270.00,8236
1995-07-17,0.004255,0.004253,0.003729,0.003721,0.005055,562.72,6131046080.00,8233
1995-07-18,-0.007747,-0.007816,-0.004561,-0.004583,-0.007570,558.46,6082510590.00,8233
1995-07-19,-0.016200,-0.016292,-0.016478,-0.016551,-0.013394,550.98,5977448400.00,8236
1995-07-20,0.006041,0.006007,0.008059,0.008029,0.004646,553.54,6014331200.00,8239
1995-07-21,0.000911,0.000888,0.004577,0.004562,0.000145,553.62,6020621470.00,8245
1995-07-24,0.007060,0.007057,0.006920,0.006913,0.005437,556.63,6063075140.00,8245
1995-07-25,0.007442,0.007438,0.005819,0.005804,0.008030,561.10,6108624720.00,8248
1995-07-26,0.002274,0.002194,0.004126,0.004067,0.000909,561.61,6122219400.00,8251
1995-07-27,0.006876,0.006695,0.005792,0.005631,0.006428,565.22,6165019670.00,8260
1995-07-28,-0.002589,-0.002657,0.003507,0.003420,-0.004052,562.93,6151398620.00,8267
1995-07-31,-0.000732,-0.001266,0.002498,0.002375,-0.001545,562.06,6152689690.00,8264
1995-08-01,-0.004613,-0.004638,-0.002444,-0.002491,-0.004306,559.64,6126608670.00,8270
1995-08-02,-0.001589,-0.001754,0.001081,0.000993,-0.001501,558.80,6115978830.00,8271
1995-08-03,-0.000918,-0.001117,-0.000030,-0.000081,-0.000089,558.75,6109627670.00,8271
1995-08-04,0.001673,0.001603,0.003910,0.003881,0.000340,558.94,6120573930.00,8277
1995-08-07,0.002556,0.002485,0.003405,0.003390,0.001950,560.03,6135772030.00,8278
1995-08-08,0.000761,0.000666,0.001574,0.001531,0.000643,560.39,6140190200.00,8282
1995-08-09,0.000135,-0.000016,0.002565,0.002457,-0.001213,559.71,6142797840.00,8284
1995-08-10,-0.002697,-0.002884,0.001569,0.001523,-0.004038,557.45,6127565190.00,8291
1995-08-11,-0.003189,-0.003418,0.000273,0.000074,-0.004198,555.11,6107334220.00,8297
1995-08-14,0.007163,0.007092,0.003481,0.003454,0.008341,559.74,6150988270.00,8303
1995-08-15,-0.000966,-0.001084,0.001012,0.000971,-0.002090,558.57,6147231800.00,8308
1995-08-16,0.004625,0.004411,0.005419,0.005335,0.002506,559.97,6174311780.00,8307
1995-08-17,0.000397,0.000339,0.004514,0.004461,-0.001661,559.04,6177184360.00,8301
1995-08-18,0.001003,0.000916,0.004727,0.004685,0.000304,559.21,6182121220.00,8301
1995-08-21,-0.002034,-0.002061,0.002055,0.002011,-0.001967,558.11,6169249770.00,8299
1995-08-22,0.001719,0.001676,0.000150,0.000125,0.002526,559.52,6179939940.00,8304
1995-08-23,-0.002314,-0.002442,0.002340,0.002277,-0.004254,557.14,6163977640.00,8303
1995-08-24,-0.000380,-0.000403,0.000285,0.000266,0.000574,557.46,6162054190.00,8305
1995-08-25,0.004073,0.004050,0.004275,0.004257,0.004736,560.10,6185118980.00,8300
1995-08-28,-0.002742,-0.002766,-0.001190,-0.001224,-0.001875,559.05,6168014000.00,8299
1995-08-29,0.000263,0.000134,-0.003610,-0.003705,0.001699,560.00,6169806340.00,8304
1995-08-30,0.003292,0.002997,0.005538,0.005393,0.001643,560.92,6188744350.00,8303
1995-08-31,0.003240,0.003164,0.004926,0.004893,0.001711,561.88,6211870190.00,8302
1995-09-01,0.002950,0.002922,0.004795,0.004761,0.003488,563.84,6229281010.00,8296
1995-09-05,0.009635,0.009507,0.003705,0.003687,0.009453,569.17,6287723450.00,8294
1995-09-06,0.003777,0.003569,0.004494,0.004372,0.001757,570.17,6310181810.00,8294
1995-09-07,0.000930,0.000862,0.004638,0.004582,0.000210,570.29,6316244010.00,8296
1995-09-08,0.005084,0.005072,0.007393,0.007381,0.004191,572.68,6348146800.00,8298
1995-09-11,0.002690,0.002657,0.001961,0.001945,0.002148,573.91,6364947060.00,8296
1995-09-12,0.002906,0.002892,0.004180,0.004154,0.004530,576.51,6383362940.00,8295
1995-09-13,0.003782,0.003314,0.003658,0.003334,0.003920,578.77,6407064200.00,8293
1995-09-14,0.005629,0.005587,0.004294,0.004243,0.008363,583.61,6443312790.00,8294
1995-09-15,-0.001785,-0.001788,-0.001770,-0.001781,-0.000446,583.35,6431791360.00,8296
1995-09-18,-0.001251,-0.001295,-0.002554,-0.002591,-0.000994,582.77,6423445340.00,8297
1995-09-19,0.003060,0.003028,0.002038,0.002019,0.002454,584.20,6443163420.00,8299
1995-09-20,0.004517,0.004467,0.003971,0.003894,0.004399,586.77,6472553720.00,8304
1995-09-21,-0.005694,-0.005747,-0.002411,-0.002440,-0.006425,583.00,6432957430.00,8306
1995-09-22,-0.003089,-0.003094,-0.001202,-0.001234,-0.002178,581.73,6415722840.00,8312
1995-09-25,-0.001723,-0.001732,-0.002898,-0.002904,0.000138,581.81,6404586390.00,8310
1995-09-26,-0.000920,-0.000923,-0.002182,-0.002193,-0.000688,581.41,6398830650.00,8314
1995-09-27,-0.003042,-0.003472,-0.009185,-0.009581,-0.000636,581.04,6377508630.00,8316
1995-09-28,0.009013,0.008983,0.008326,0.008274,0.008313,585.87,6434904190.00,8316
1995-09-29,-0.000533,-0.000540,0.006444,0.006427,-0.002492,584.41,6449190100.00,8320
1995-10-02,-0.005999,-0.006030,-0.007380,-0.007424,-0.004603,581.72,6410188580.00,8321
1995-10-03,-0.001508,-0.001541,-0.006408,-0.006428,0.001066,582.34,6400836540.00,8319
1995-10-04,-0.004286,-0.004417,-0.006626,-0.006708,-0.001494,581.47,6366229050.00,8321
1995-10-05,0.003057,0.002795,0.001273,0.001180,0.001995,582.63,6384310930.00,8328
1995-10-06,0.000402,0.000329,0.002362,0.002343,-0.000240,582.49,6387643270.00,8337
1995-10-09,-0.010338,-0.010338,-0.012665,-0.012665,-0.007073,578.37,6321232680.00,8332
1995-10-10,-0.002383,-0.002399,-0.006924,-0.006960,-0.001470,577.52,6307540000.00,8337
1995-10-11,0.006184,0.006035,0.007425,0.007267,0.003359,579.46,6354258850.00,8342
1995-10-12,0.007779,0.007731,0.006831,0.006769,0.006282,583.10,6402487200.00,8339
1995-10-13,0.003675,0.003668,0.006273,0.006233,0.002401,584.50,6425393870.00,8342
1995-10-16,-0.001723,-0.001727,-0.000939,-0.000952,-0.002515,583.03,6421334560.00,8341
1995-10-17,0.005781,0.005778,0.001365,0.001352,0.006432,586.78,6458608180.00,8344
1995-10-18,0.002234,0.002091,0.002176,0.002088,0.001125,587.44,6472177980.00,8345
1995-10-19,0.003052,0.003018,0.000323,0.000289,0.005464,590.65,6492110570.00,8350
1995-10-20,-0.005519,-0.005529,0.000506,0.000489,-0.005401,587.46,6455727990.00,8350
1995-10-23,-0.004174,-0.004197,-0.006032,-0.006061,-0.004085,585.06,6428194020.00,8349
1995-10-24,0.001494,0.001490,0.000321,0.000309,0.002564,586.56,6439583440.00,8357
1995-10-25,-0.008046,-0.008108,-0.005665,-0.005710,-0.006973,582.47,6388909090.00,8358
1995-10-26,-0.009282,-0.009329,-0.009063,-0.009098,-0.009872,576.72,6329763120.00,8361
1995-10-27,0.004087,0.003957,0.000552,0.000431,0.005167,579.70,6355260310.00,8361
1995-10-30,0.006414,0.006295,0.002429,0.002350,0.006124,583.25,6395153660.00,8359
1995-10-31,-0.001672,-0.001687,0.002263,0.002246,-0.003000,581.50,6390582960.00,8364
1995-11-01,0.004875,0.004725,0.001438,0.001344,0.004678,584.22,6420425950.00,8359
1995-11-02,0.010436,0.010250,0.007523,0.007479,0.009414,589.72,6487309820.00,8361
1995-11-03,0.003264,0.003215,0.005387,0.005365,0.001441,590.57,6517663060.00,8360
1995-11-06,-0.002361,-0.002438,-0.000258,-0.000285,-0.003573,588.46,6501413650.00,8357
1995-11-07,-0.004717,-0.004773,-0.002934,-0.002969,-0.003637,586.32,6469288950.00,8356
1995-11-08,0.007000,0.006785,0.002591,0.002464,0.009193,591.71,6514360630.00,8363
1995-11-09,0.004575,0.004336,0.003777,0.003689,0.002620,593.26,6542766040.00,8363
1995-11-10,-0.000903,-0.000951,0.001440,0.001400,-0.000910,592.72,6537638070.00,8366
1995-11-13,-0.001167,-0.001366,-0.002608,-0.002802,-0.000709,592.30,6528584000.00,8366
1995-11-14,-0.006277,-0.006374,-0.004516,-0.004560,-0.005082,589.29,6486653290.00,8367
1995-11-15,0.005200,0.004983,0.000311,0.000231,0.007925,593.96,6520506260.00,8367
1995-11-16,0.005900,0.005829,0.003591,0.003529,0.005691,597.34,6558988440.00,8373
1995-11-17,0.004088,0.004073,0.003485,0.003455,0.004570,600.07,6590033290.00,8387
1995-11-20,-0.005223,-0.005344,-0.002705,-0.002745,-0.005366,596.85,6554689620.00,8389
1995-11-21,0.002169,0.002057,-0.003825,-0.003924,0.005680,600.24,6569365330.00,8401
1995-11-22,-0.001977,-0.001999,0.002134,0.002103,-0.003065,598.40,6557575720.00,8406
1995-11-24,0.003538,0.003512,0.004109,0.004088,0.002624,599.97,6580341360.00,8404
1995-11-27,0.001778,0.001762,-0.002048,-0.002068,0.002250,601.32,6586083550.00,8402
1995-11-28,0.007714,0.007599,0.003538,0.003440,0.008531,606.45,6636540900.00,8403
1995-11-29,0.004225,0.003850,0.004116,0.003947,0.001962,607.64,6663315600.00,8401
1995-11-30,-0.000103,-0.000132,0.006531,0.006498,-0.003736,605.37,6673208890.00,8402
1995-12-01,0.001554,0.001524,0.004807,0.004773,0.002660,606.98,6681285890.00,8408
1995-12-04,0.010380,0.010329,0.004301,0.004263,0.011038,613.68,6750508950.00,8410
1995-12-05,0.004662,0.004598,0.000797,0.000771,0.006518,617.68,6780664310.00,8414
1995-12-06,0.002132,0.001910,-0.001102,-0.001245,0.004047,620.18,6793811010.00,8416
1995-12-07,-0.006554,-0.006608,-0.002253,-0.002300,-0.006466,616.17,6748161470.00,8414
1995-12-08,0.002035,0.002020,0.003262,0.003175,0.002126,617.48,6762800170.00,8415
1995-12-11,0.002498,0.002470,-0.000842,-0.000864,0.003304,619.52,6780515620.00,8419
1995-12-12,-0.002472,-0.002485,-0.002891,-0.002917,-0.001194,618.78,6764488620.00,8423
1995-12-13,0.004343,0.003887,0.003537,0.003157,0.004703,621.69,6782803630.00,8429
1995-12-14,-0.007732,-0.007814,-0.001808,-0.001891,-0.007673,616.92,6731902990.00,8438
1995-12-15,-0.002674,-0.002690,-0.002510,-0.002542,-0.000940,616.34,6715144710.00,8444
1995-12-18,-0.017154,-0.017225,-0.018264,-0.018321,-0.015462,606.81,6599491840.00,8445
1995-12-19,0.009824,0.009812,0.005562,0.005518,0.008438,611.93,6664924590.00,8452
1995-12-20,-0.004647,-0.004719,0.006303,0.006127,-0.009789,605.94,6634424730.00,8461
1995-12-21,0.007078,0.007030,0.006126,0.006036,0.007509,610.49,6681109090.00,8465
1995-12-22,0.003412,0.003395,0.006339,0.006307,0.002392,611.95,6703762580.00,8465
1995-12-26,0.003180,0.003166,0.000366,0.000331,0.003840,614.30,6724692040.00,8463
1995-12-27,0.001562,0.001064,0.002153,0.001595,0.000374,614.53,6732076450.00,8464
1995-12-28,-0.000305,-0.000341,-0.001209,-0.001249,-0.000667,614.12,6739704820.00,8466
1995-12-29,0.004453,0.004426,0.011308,0.011294,0.002947,615.93,6787565600.00,8472
1996-01-02,0.006606,0.006598,0.010979,0.010957,0.007793,620.73,6821516580.00,8466
1996-01-03,-0.000155,-0.000291,0.005154,0.005093,0.000950,621.32,6812184970.00,8459
1996-01-04,-0.007674,-0.007687,-0.005707,-0.005747,-0.005826,617.70,6759721160.00,8455
1996-01-05,-0.001023,-0.001029,0.005605,0.005595,-0.001587,616.72,6751388790.00,8453
1996-01-08,0.002686,0.002463,0.003672,0.003622,0.002821,618.46,6767586660.00,8449
1996-01-09,-0.015878,-0.015943,-0.009698,-0.009711,-0.014568,609.45,6659658150.00,8450
1996-01-10,-0.015552,-0.015686,-0.009776,-0.009938,-0.018000,598.48,6553140300.00,8449
1996-01-11,0.008433,0.008395,0.007646,0.007614,0.007034,602.69,6612421400.00,8448
1996-01-12,-0.000991,-0.000998,0.001175,0.001158,-0.001460,601.81,6605816920.00,8447
1996-01-15,-0.005273,-0.005273,-0.004784,-0.004787,-0.003307,599.82,6569801630.00,8440
1996-01-16,0.009982,0.009938,0.000365,0.000335,0.014371,608.44,6635369810.00,8440
1996-01-17,-0.000530,-0.000607,0.000592,0.000539,-0.003402,606.37,6631148980.00,8434
1996-01-18,0.003797,0.003720,0.004854,0.004819,0.003084,608.24,6655280810.00,8434
1996-01-19,0.005719,0.005707,0.003974,0.003961,0.005902,611.83,6693220190.00,8435
1996-01-22,0.004291,0.004289,0.005980,0.005970,0.002566,613.40,6721646410.00,8432
1996-01-23,-0.000004,-0.000027,0.001981,0.001966,-0.000994,612.79,6721679370.00,8435
1996-01-24,0.010247,0.010201,0.005771,0.005736,0.011701,619.96,6791460100.00,8443
1996-01-25,-0.003688,-0.003697,0.001772,0.001760,-0.004726,617.03,6768165880.00,8452
1996-01-26,0.006238,0.006233,0.003949,0.003935,0.007439,621.62,6811837080.00,8453
1996-01-29,0.004042,0.003842,0.003282,0.003165,0.004183,624.22,6837300960.00,8452
1996-01-30,0.009156,0.009105,0.004820,0.004745,0.009500,630.15,6903914060.00,8452
1996-01-31,0.007995,0.007849,0.006586,0.006521,0.009315,636.02,6968381330.00,8457
1996-02-01,0.004625,0.004467,0.005479,0.005407,0.003836,638.46,6998901640.00,8457
1996-02-02,-0.002224,-0.002268,0.003317,0.003296,-0.004088,635.85,6983594020.00,8458
1996-02-05,0.007056,0.006995,0.002940,0.002915,0.008776,641.43,7030775380.00,8457
1996-02-06,0.006829,0.006793,0.003768,0.003730,0.007639,646.33,7079166320.00,8461
1996-02-07,0.003530,0.003368,-0.000098,-0.000195,0.005570,649.93,7103676820.00,8464
1996-02-08,0.007736,0.007574,0.004508,0.004466,0.009447,656.07,7158419700.00,8469
1996-02-09,0.000908,0.000857,0.002865,0.002849,0.000457,656.37,7165944130.00,8471
1996-02-12,0.005465,0.005405,0.000707,0.000649,0.007740,661.45,7184678850.00,8472
1996-02-13,-0.001932,-0.002205,-0.002163,-0.002352,-0.001421,660.51,7168817500.00,8473
1996-02-14,-0.004077,-0.004212,0.002650,0.002567,-0.007464,655.58,7139379560.00,8480
1996-02-15,-0.002696,-0.002849,0.002117,0.002026,-0.006498,651.32,7119463990.00,8481
1996-02-16,-0.003411,-0.003501,0.002945,0.002929,-0.005128,647.98,7095476110.00,8487
1996-02-20,-0.010383,-0.010402,-0.006934,-0.006957,-0.011312,640.65,7020693230.00,8485
1996-02-21,0.010269,0.010120,0.007820,0.007760,0.011629,648.10,7091846330.00,8487
1996-02-22,0.015227,0.015188,0.009082,0.009060,0.016602,658.86,7199460190.00,8487
1996-02-23,0.000660,0.000639,0.001987,0.001950,0.000334,659.08,7203953280.00,8481
1996-02-26,-0.009785,-0.009813,-0.001442,-0.001467,-0.013079,650.46,7131130950.00,8476
1996-02-27,-0.004139,-0.004239,-0.001027,-0.001117,-0.004950,647.24,7101510390.00,8478
1996-02-28,-0.001597,-0.001852,0.003456,0.003333,-0.003847,644.75,7089454660.00,8481
1996-02-29,-0.005460,-0.005539,-0.000221,-0.000256,-0.006700,640.43,7075712500.00,8485
1996-03-01,0.002595,0.002559,0.002093,0.002046,0.006152,644.37,7093466500.00,8488
1996-03-04,0.008815,0.008693,0.003033,0.003018,0.009994,650.81,7154006860.00,8486
1996-03-05,0.006696,0.006625,0.002147,0.002130,0.007652,655.79,7201706680.00,8488
1996-03-06,-0.003446,-0.003738,0.000873,0.000694,-0.005779,652.00,7175386720.00,8488
1996-03-07,0.001881,0.001809,0.001188,0.001118,0.002531,653.65,7188346110.00,8489
1996-03-08,-0.028423,-0.028432,-0.020177,-0.020207,-0.030827,633.50,6987367560.00,8493
1996-03-11,0.009471,0.009420,0.007851,0.007788,0.010292,640.02,7053613160.00,8492
1996-03-12,-0.004628,-0.004640,-0.001679,-0.001708,-0.004578,637.09,7024303210.00,8500
1996-03-13,0.004563,0.004094,0.005669,0.005340,0.002292,638.55,7050161470.00,8504
1996-03-14,0.004255,0.004229,0.006210,0.006173,0.003633,640.87,7083359480.00,8506
1996-03-15,0.001546,0.001514,0.003758,0.003703,0.000874,641.43,7095059470.00,8511
1996-03-18,0.014236,0.014196,0.007087,0.007061,0.017492,652.65,7195284670.00,8522
1996-03-19,-0.001154,-0.001179,0.001704,0.001683,-0.001471,651.69,7187060000.00,8525
1996-03-20,-0.002589,-0.002615,0.000542,0.000479,-0.002624,649.98,7168501280.00,8531
1996-03-21,-0.000676,-0.000736,0.003227,0.003193,-0.001215,649.19,7163754680.00,8538
1996-03-22,0.002254,0.002247,0.003684,0.003658,0.002203,650.62,7180892410.00,8542
1996-03-25,-0.002546,-0.002551,-0.002342,-0.002354,-0.000891,650.04,7162665050.00,8544
1996-03-26,0.003078,0.003074,-0.000338,-0.000366,0.004507,652.97,7185948050.00,8550
1996-03-27,-0.003120,-0.003421,0.001524,0.001192,-0.006218,648.91,7162489210.00,8560
1996-03-28,0.000335,0.000306,0.000606,0.000556,0.000046,648.94,7165116270.00,8561
1996-03-29,-0.001664,-0.001668,0.008469,0.008439,-0.005301,645.50,7173767370.00,8569
1996-04-01,0.010206,0.010185,0.002314,0.002233,0.012750,653.73,7233946060.00,8572
1996-04-02,0.002373,0.002208,0.002516,0.002422,0.002340,655.26,7251557780.00,8577
1996-04-03,0.001396,0.001380,0.004150,0.004131,0.000946,655.88,7262810120.00,8581
1996-04-04,0.000545,0.000486,0.002272,0.002253,-0.000030,655.86,7286743020.00,8589
1996-04-08,-0.015994,-0.016254,-0.011613,-0.011659,-0.017717,644.24,7168109540.00,8589
1996-04-09,-0.000829,-0.000852,0.003381,0.003343,-0.003182,642.19,7165472450.00,8589
1996-04-10,-0.010693,-0.010747,-0.000315,-0.000375,-0.013532,633.50,7086168230.00,8589
1996-04-11,-0.005032,-0.005152,-0.002527,-0.002660,-0.003662,631.18,7049724880.00,8591
1996-04-12,0.008021,0.008012,0.006166,0.006134,0.008761,636.71,7104082200.00,8594
1996-04-15,0.008047,0.008043,0.006308,0.006292,0.009078,642.49,7160639490.00,8587
1996-04-16,0.005015,0.005014,0.004430,0.004420,0.003907,645.00,7197071490.00,8586
1996-04-17,-0.004500,-0.004605,0.000593,0.000519,-0.005256,641.61,7165080410.00,8592
1996-04-18,0.004790,0.004748,0.006817,0.006777,0.003117,643.61,7200155540.00,8601
1996-04-19,0.002396,0.002392,0.004296,0.004273,0.002268,645.07,7223050390.00,8602
1996-04-22,0.005950,0.005927,0.006027,0.006013,0.004372,647.89,7265909530.00,8602
1996-04-23,0.006042,0.006023,0.005937,0.005913,0.005695,651.58,7311857840.00,8605
1996-04-24,0.000204,0.000149,0.003865,0.003836,-0.002164,650.17,7313516810.00,8612
1996-04-25,0.004664,0.004645,0.007275,0.007217,0.004153,652.87,7348041310.00,8613
1996-04-26,0.001817,0.001685,0.006483,0.006349,0.000904,653.46,7363736640.00,8617
1996-04-29,0.001040,0.000989,0.003306,0.003234,0.001071,654.16,7385489690.00,8617
1996-04-30,0.000460,0.000399,0.004025,0.004001,0.000015,654.17,7383923170.00,8623
1996-05-01,0.002330,0.002199,0.006463,0.006379,0.000627,654.58,7400753870.00,8624
1996-05-02,-0.015375,-0.015501,-0.005723,-0.005815,-0.017110,643.38,7286071120.00,8627
1996-05-03,-0.000711,-0.000750,0.004976,0.004954,-0.002720,641.63,7282729750.00,8629
1996-05-06,-0.001348,-0.001422,0.002116,0.002079,-0.001278,640.81,7272219630.00,8630
1996-05-07,-0.003479,-0.003500,-0.001380,-0.001398,-0.003979,638.26,7249568670.00,8636
1996-05-08,0.005750,0.005534,-0.000819,-0.000914,0.010200,644.77,7293298080.00,8637
1996-05-09,0.002651,0.002450,0.006562,0.006526,0.001039,645.44,7312253960.00,8644
1996-05-10,0.010629,0.010549,0.008460,0.008430,0.010303,652.09,7394877190.00,8652
1996-05-13,0.012823,0.012633,0.006811,0.006593,0.014446,661.51,7488555940.00,8655
1996-05-14,0.007136,0.006993,0.006730,0.006685,0.006183,665.60,7540928490.00,8658
1996-05-15,-0.000021,-0.000161,0.003384,0.003285,-0.000270,665.42,7540042740.00,8662
1996-05-16,0.000458,0.000298,0.003129,0.002982,-0.000857,664.85,7543845360.00,8668
1996-05-17,0.005479,0.005406,0.006682,0.006612,0.006107,668.91,7585457930.00,8675
1996-05-20,0.005924,0.005854,0.005679,0.005656,0.006339,673.15,7629016890.00,8671
1996-05-21,-0.000341,-0.000352,0.001823,0.001807,-0.000579,672.76,7627738470.00,8674
1996-05-22,0.006079,0.005965,0.005226,0.005171,0.008413,678.42,7676164240.00,8679
1996-05-23,-0.002412,-0.002439,0.001558,0.001528,-0.003567,676.00,7661781240.00,8695
1996-05-24,0.002491,0.002477,0.005933,0.005915,0.003713,678.51,7680993640.00,8696
1996-05-28,-0.008475,-0.008492,-0.004443,-0.004466,-0.009256,672.23,7615883650.00,8696
1996-05-29,-0.006370,-0.006590,-0.003029,-0.003214,-0.006397,667.93,7565584450.00,8699
1996-05-30,0.005152,0.005002,0.004816,0.004747,0.005644,671.70,7605546570.00,8704
1996-05-31,-0.001355,-0.001398,0.005890,0.005875,-0.003841,669.12,7606768280.00,8705
1996-06-03,-0.002304,-0.002322,-0.001910,-0.001942,-0.002152,667.68,7587897210.00,8701
1996-06-04,0.006593,0.006551,0.003629,0.003603,0.007309,672.56,7638556410.00,8706
1996-06-05,0.006874,0.006656,0.004810,0.004707,0.008743,678.44,7690409440.00,8708
1996-06-06,-0.007386,-0.007535,-0.004247,-0.004301,-0.007974,673.03,7633305820.00,8717
1996-06-07,-0.002097,-0.002112,-0.004947,-0.004969,0.000416,673.31,7613662380.00,8720
1996-06-10,-0.000847,-0.000884,0.000564,0.000541,-0.001708,672.16,7610942660.00,8717
1996-06-11,-0.001095,-0.001102,0.000110,0.000089,-0.001770,670.97,7604256840.00,8722
1996-06-12,-0.000606,-0.001056,0.001549,0.001242,-0.002876,669.04,7595983300.00,8725
1996-06-13,-0.002772,-0.002841,-0.002693,-0.002750,-0.001674,667.92,7574817000.00,8730
1996-06-14,-0.004141,-0.004163,-0.002270,-0.002343,-0.003099,665.85,7545115250.00,8737
1996-06-17,-0.001870,-0.001898,-0.002679,-0.002687,-0.001036,665.16,7530759860.00,8735
1996-06-18,-0.007164,-0.007187,-0.009437,-0.009483,-0.004661,662.06,7476851150.00,8737
1996-06-19,-0.001008,-0.001035,-0.004200,-0.004267,-0.000151,661.96,7469079600.00,8739
1996-06-20,-0.003086,-0.003131,-0.007290,-0.007316,0.000211,662.10,7447117400.00,8746
1996-06-21,0.005643,0.005618,0.003169,0.003147,0.007159,666.84,7490703790.00,8757
1996-06-24,0.003633,0.003631,0.002033,0.002025,0.003014,668.85,7517965550.00,8759
1996-06-25,-0.002130,-0.002143,-0.004747,-0.004776,-0.000553,668.48,7502764010.00,8767
1996-06-26,-0.007863,-0.008168,-0.009749,-0.010077,-0.006118,664.39,7441669750.00,8770
1996-06-27,0.005843,0.005815,0.001019,0.000963,0.006261,668.55,7487224640.00,8777
1996-06-28,0.007407,0.007398,0.013954,0.013880,0.003111,670.63,7572826440.00,8783
1996-07-01,0.007609,0.007496,0.003798,0.003771,0.007828,675.88,7628123630.00,8781
1996-07-02,-0.002411,-0.002562,-0.000652,-0.000729,-0.003359,673.61,7609801590.00,8789
1996-07-03,-0.003111,-0.003126,-0.001768,-0.001793,-0.001796,672.40,7586146900.00,8792
1996-07-05,-0.019582,-0.019607,-0.010211,-0.010222,-0.022249,657.44,7437484500.00,8792
1996-07-08,-0.008261,-0.008481,-0.009267,-0.009310,-0.007453,652.54,7374258570.00,8792
1996-07-09,0.003554,0.003479,0.000784,0.000762,0.003387,654.75,7400164240.00,8793
1996-07-10,-0.001906,-0.001971,-0.008431,-0.008493,0.002001,656.06,7380267980.00,8792
1996-07-11,-0.017939,-0.018052,-0.021126,-0.021261,-0.015837,645.67,7246880990.00,8792
1996-07-12,0.000063,0.000061,-0.000831,-0.000841,0.000805,646.19,7247354090.00,8792
1996-07-15,-0.026169,-0.026182,-0.025244,-0.025264,-0.025364,629.80,7057322290.00,8794
1996-07-16,-0.005379,-0.005381,-0.013434,-0.013452,-0.002271,628.37,7019218900.00,8792
1996-07-17,0.014059,0.013986,0.022831,0.022793,0.009071,634.07,7117577000.00,8794
1996-07-18,0.015964,0.015881,0.014436,0.014366,0.014967,643.56,7231154550.00,8796
1996-07-19,-0.007259,-0.007266,-0.000972,-0.000992,-0.007505,638.73,7179742110.00,8804
1996-07-22,-0.009244,-0.009264,-0.010267,-0.010282,-0.007765,633.77,7105431560.00,8802
1996-07-23,-0.014118,-0.014143,-0.015921,-0.015941,-0.010887,626.87,7005934980.00,8810
1996-07-24,-0.002817,-0.002853,-0.016077,-0.016107,-0.000351,626.65,6985934670.00,8807
1996-07-25,0.009209,0.009194,0.010803,0.010780,0.007213,631.17,7045875500.00,8811
1996-07-26,0.009107,0.009101,0.009236,0.009214,0.007494,635.90,7114829220.00,8815
1996-07-29,-0.007401,-0.007546,-0.003718,-0.003825,-0.007847,630.91,7058911940.00,8814
1996-07-30,0.004731,0.004667,-0.000127,-0.000209,0.006895,635.26,7095239910.00,8818
1996-07-31,0.007394,0.007177,0.007411,0.007349,0.007383,639.95,7154150730.00,8818
1996-08-01,0.015414,0.015244,0.007450,0.007369,0.015736,650.02,7264292240.00,8823
1996-08-02,0.018206,0.018157,0.013607,0.013581,0.019184,662.49,7396333010.00,8827
1996-08-05,-0.002568,-0.002631,-0.000305,-0.000318,-0.003411,660.23,7376234860.00,8828
1996-08-06,0.002969,0.002940,0.002336,0.002314,0.003256,662.38,7398108570.00,8830
1996-08-07,0.004062,0.003904,0.005227,0.005124,0.002687,664.16,7427255700.00,8833
1996-08-08,-0.001242,-0.001285,0.001627,0.001566,-0.002364,662.59,7418062320.00,8838
1996-08-09,-0.002370,-0.002548,0.001608,0.001586,-0.000740,662.10,7402318890.00,8848
1996-08-12,0.005302,0.005257,0.000253,0.000210,0.005543,665.77,7438604670.00,8845
1996-08-13,-0.007495,-0.007762,-0.004188,-0.004365,-0.008366,660.20,7380931880.00,8848
1996-08-14,0.003878,0.003736,0.004276,0.004200,0.002802,662.05,7409086080.00,8849
1996-08-15,0.001143,0.001087,0.001980,0.001933,0.000347,662.28,7417860810.00,8855
1996-08-16,0.004323,0.004228,0.004971,0.004851,0.004424,665.21,7449202780.00,8862
1996-08-19,0.001181,0.001154,0.000183,0.000164,0.002060,666.58,7462261590.00,8862
1996-08-20,-0.001032,-0.001102,0.000682,0.000663,-0.001335,665.69,7453994320.00,8863
1996-08-21,-0.000572,-0.000681,0.000710,0.000652,-0.000931,665.07,7449210300.00,8862
1996-08-22,0.008468,0.008443,0.006383,0.006352,0.008435,670.68,7511484280.00,8866
1996-08-23,-0.003311,-0.003343,0.002157,0.002135,-0.005442,667.03,7486506660.00,8865
1996-08-26,-0.003433,-0.003438,-0.001028,-0.001068,-0.004722,663.88,7460718740.00,8863
1996-08-27,0.004133,0.004114,0.004507,0.004487,0.003796,666.40,7491543530.00,8865
1996-08-28,0.000350,0.000116,0.004003,0.003839,-0.002386,664.81,7492571360.00,8868
1996-08-29,-0.008978,-0.009128,-0.001839,-0.001906,-0.011146,657.40,7428519840.00,8865
1996-08-30,-0.005871,-0.005902,0.002127,0.002105,-0.008229,651.99,7393987520.00,8863
1996-09-03,0.001608,0.001590,-0.003744,-0.003777,0.004187,654.72,7404185480.00,8854
1996-09-04,0.001737,0.001456,0.002210,0.002092,0.001359,655.61,7415135660.00,8856
1996-09-05,-0.009316,-0.009396,-0.003963,-0.003982,-0.009411,649.44,7345473300.00,8857
1996-09-06,0.009639,0.009547,0.006740,0.006667,0.009608,655.68,7413742320.00,8855
1996-09-09,0.009556,0.009542,0.003838,0.003831,0.012323,663.76,7485206060.00,8854
1996-09-10,0.000703,0.000605,-0.000100,-0.000119,0.000075,663.81,7489732740.00,8854
1996-09-11,0.004259,0.004025,0.001972,0.001767,0.005227,667.28,7519872700.00,8855
1996-09-12,0.006305,0.006025,0.004639,0.004506,0.005800,671.15,7561401750.00,8859
1996-09-13,0.012654,0.012629,0.007018,0.006944,0.013991,680.54,7656935170.00,8862
1996-09-16,0.004973,0.004954,0.002123,0.002111,0.005055,683.98,7694890170.00,8862
1996-09-17,-0.001055,-0.001064,-0.000430,-0.000447,-0.001521,682.94,7686352990.00,8859
1996-09-18,-0.001504,-0.001553,0.001311,0.001237,-0.002152,681.47,7675527450.00,8863
1996-09-19,0.002012,0.001955,0.001424,0.001372,0.002245,683.00,7689807990.00,8863
1996-09-20,0.005055,0.005047,0.003542,0.003519,0.005886,687.02,7729584740.00,8866
1996-09-23,-0.001752,-0.001777,-0.001840,-0.001856,-0.000786,686.48,7715594850.00,8864
1996-09-24,0.000075,0.000073,0.000975,0.000968,-0.001267,685.61,7716578330.00,8866
1996-09-25,0.001838,0.001791,0.002359,0.002312,0.000321,685.83,7732420930.00,8876
1996-09-26,0.002205,0.001912,0.003720,0.003423,0.000044,685.86,7747583850.00,8882
1996-09-27,0.000805,0.000776,0.003255,0.003210,0.000481,686.19,7759415730.00,8894
1996-09-30,0.002126,0.002114,0.002867,0.002823,0.001632,687.31,7790917040.00,8888
1996-10-01,0.000531,0.000522,-0.001911,-0.001938,0.002575,689.08,7777717530.00,8892
1996-10-02,0.007394,0.007265,0.004802,0.004737,0.007154,694.01,7833873500.00,8896
1996-10-03,-0.001473,-0.001485,-0.000516,-0.000538,-0.001772,692.78,7822804870.00,8905
1996-10-04,0.011026,0.011005,0.004620,0.004611,0.012529,701.46,7908214580.00,8907
1996-10-07,0.001947,0.001891,-0.000973,-0.001046,0.002737,703.38,7922588630.00,8904
1996-10-08,-0.004117,-0.004295,-0.001713,-0.001761,-0.003895,700.64,7887102300.00,8905
1996-10-09,-0.004652,-0.004789,-0.001913,-0.001979,-0.005566,696.74,7849723790.00,8909
1996-10-10,-0.002058,-0.002161,0.000923,0.000788,-0.003057,694.61,7835318800.00,8915
1996-10-11,0.006826,0.006820,0.003215,0.003202,0.008710,700.66,7884455180.00,8924
1996-10-14,0.004418,0.004418,0.001618,0.001618,0.004110,703.54,7918641830.00,8918
1996-10-15,-0.001422,-0.001437,-0.002671,-0.002701,-0.001379,702.57,7907809970.00,8920
1996-10-16,0.000895,0.000831,-0.001441,-0.001481,0.002619,704.41,7908539160.00,8920
1996-10-17,0.002518,0.002453,0.000844,0.000786,0.003663,706.99,7929604210.00,8927
1996-10-18,0.003693,0.003674,0.001880,0.001854,0.005417,710.82,7959457430.00,8933
1996-10-21,-0.002430,-0.002439,-0.003401,-0.003413,-0.001365,709.85,7940173640.00,8935
1996-10-22,-0.006109,-0.006124,-0.006997,-0.007015,-0.004621,706.57,7891235790.00,8932
1996-10-23,0.000264,0.000216,-0.001467,-0.001514,0.000991,707.27,7894086860.00,8934
1996-10-24,-0.004381,-0.004396,0.001514,0.001488,-0.007041,702.29,7859854280.00,8939
1996-10-25,-0.001838,-0.001841,0.000130,0.000119,-0.001951,700.92,7847846620.00,8949
1996-10-28,-0.005610,-0.005616,-0.005333,-0.005352,-0.005222,697.26,7803781830.00,8947
1996-10-29,0.002459,0.002326,-0.005920,-0.006037,0.006081,701.50,7822606180.00,8955
1996-10-30,-0.000005,-0.000228,-0.000311,-0.000446,-0.000855,700.90,7829444090.00,8959
1996-10-31,0.006197,0.006106,0.004866,0.004796,0.006235,705.27,7883935010.00,8960
1996-11-01,-0.001558,-0.001654,-0.000894,-0.000940,-0.002127,703.77,7874427960.00,8972
1996-11-04,0.002856,0.002787,-0.002901,-0.002921,0.004206,706.73,7895447530.00,8975
1996-11-05,0.008581,0.008574,0.000767,0.000752,0.010485,714.14,7963814220.00,8981
1996-11-06,0.013692,0.013473,0.005528,0.005392,0.014633,724.59,8071437080.00,8985
1996-11-07,0.004104,0.003955,0.003061,0.003040,0.004223,727.65,8103345890.00,8984
1996-11-08,0.003755,0.003683,0.002514,0.002484,0.004356,730.82,8133629380.00,8990
1996-11-11,0.002012,0.002012,0.002015,0.002015,0.001437,731.87,8148743770.00,8985
1996-11-12,-0.001739,-0.001845,-0.000288,-0.000331,-0.003156,729.56,8134025560.00,8988
1996-11-13,0.001893,0.001617,0.001728,0.001486,0.002152,731.13,8147428610.00,8994
1996-11-14,0.005906,0.005803,0.002956,0.002898,0.006497,735.88,8194347090.00,8993
1996-11-15,0.000949,0.000901,0.000990,0.000978,0.002365,737.62,8202789560.00,8997
1996-11-18,-0.001414,-0.001479,-0.002073,-0.002145,-0.000813,737.02,8190608950.00,8997
1996-11-19,0.005419,0.005404,0.000118,0.000102,0.006974,742.16,8235690130.00,9005
1996-11-20,0.002527,0.002382,0.001350,0.001302,0.002412,743.95,8255436130.00,9006
1996-11-21,-0.001853,-0.001889,-0.000006,-0.000081,-0.001613,742.75,8240668110.00,9014
1996-11-22,0.007379,0.007363,0.007056,0.007023,0.008051,748.73,8302767860.00,9021
1996-11-25,0.009615,0.009565,0.005449,0.005420,0.011085,757.03,8382209090.00,9021
1996-11-26,-0.001629,-0.001835,-0.002287,-0.002447,-0.001413,755.96,8365528280.00,9029
1996-11-27,0.000395,0.000223,0.003937,0.003830,-0.001270,755.00,8371048620.00,9030
1996-11-29,0.002945,0.002898,0.007463,0.007390,0.002676,757.02,8399969110.00,9030
1996-12-02,0.000523,0.000502,-0.001685,-0.001713,-0.000608,756.56,8404514690.00,9028
1996-12-03,-0.006779,-0.006798,0.003386,0.003362,-0.010944,748.28,8346341660.00,9030
1996-12-04,-0.003173,-0.003396,-0.000221,-0.000372,-0.004250,745.10,8317042320.00,9032
1996-12-05,-0.000593,-0.000680,0.004230,0.004185,-0.000966,744.38,8311710950.00,9033
1996-12-06,-0.007233,-0.007315,-0.008961,-0.009009,-0.006421,739.60,8251175220.00,9034
1996-12-09,0.013901,0.013885,0.009254,0.009202,0.013737,749.76,8351272070.00,9028
1996-12-10,-0.002452,-0.002469,0.001864,0.001816,-0.002961,747.54,8330491190.00,9028
1996-12-11,-0.009267,-0.009460,-0.008223,-0.008398,-0.009110,740.73,8251708520.00,9031
1996-12-12,-0.012178,-0.012436,-0.001601,-0.001769,-0.015431,729.30,8148352540.00,9039
1996-12-13,-0.002678,-0.002687,-0.002239,-0.002267,-0.000905,728.64,8126040360.00,9045
1996-12-16,-0.010525,-0.010558,-0.006447,-0.006461,-0.010513,720.98,8053497100.00,9046
1996-12-17,0.004565,0.004550,-0.002289,-0.002329,0.007018,726.04,8091109730.00,9053
1996-12-18,0.008300,0.008232,0.005742,0.005625,0.007575,731.54,8157220940.00,9059
1996-12-19,0.015757,0.015708,0.005427,0.005360,0.019438,745.76,8284738190.00,9061
1996-12-20,0.003098,0.003072,0.001710,0.001661,0.004170,748.87,8309761250.00,9066
1996-12-23,-0.003179,-0.003186,-0.003998,-0.004022,-0.002604,746.92,8282347480.00,9068
1996-12-24,0.004716,0.004669,0.002249,0.002175,0.005503,751.03,8318361420.00,9059
1996-12-26,0.005695,0.005682,0.001811,0.001763,0.006378,755.82,8365691980.00,9059
1996-12-27,0.001962,0.001553,0.001966,0.001563,0.001283,756.79,8379322750.00,9057
1996-12-30,-0.001949,-0.001977,-0.001632,-0.001661,-0.003885,753.85,8366828800.00,9057
1996-12-31,-0.009417,-0.009500,0.010812,0.010738,-0.017391,740.74,8308315630.00,9054
1997-01-02,-0.007358,-0.007404,0.001329,0.001298,-0.005036,737.01,8220000060.00,9042
1997-01-03,0.013492,0.013452,0.012477,0.012429,0.014952,748.03,8330246050.00,9040
1997-01-06,0.000703,0.000686,0.005098,0.005086,-0.000508,747.65,8334474110.00,9038
1997-01-07,0.007351,0.007298,0.007338,0.007329,0.007463,753.23,8385859940.00,9038
1997-01-08,-0.003752,-0.003969,0.004376,0.004304,-0.006399,748.41,8352575960.00,9038
1997-01-09,0.007499,0.007474,0.006216,0.006191,0.008605,754.85,8415023750.00,9037
1997-01-10,0.005146,0.005144,0.003864,0.003848,0.006160,759.50,8458247650.00,9036
1997-01-13,-0.000108,-0.000182,0.002617,0.002506,0.000013,759.51,8457214420.00,9036
1997-01-14,0.011041,0.011035,0.004805,0.004792,0.012311,768.86,8550689540.00,9037
1997-01-15,-0.001530,-0.001563,0.000330,0.000263,-0.002159,767.20,8537345750.00,9036
1997-01-16,0.002916,0.002890,0.003338,0.003325,0.003324,769.75,8560064040.00,9035
1997-01-17,0.007129,0.007095,0.005518,0.005492,0.008340,776.17,8620748200.00,9034
1997-01-20,0.002394,0.002394,0.004055,0.004055,0.000683,776.70,8641330620.00,9032
1997-01-21,0.005429,0.005420,0.002205,0.002199,0.007751,782.72,8688142210.00,9030
1997-01-22,0.003967,0.003895,0.001402,0.001351,0.004484,786.23,8722095370.00,9035
1997-01-23,-0.008096,-0.008126,0.001722,0.001706,-0.011027,777.56,8650357340.00,9034
1997-01-24,-0.009256,-0.009260,-0.004664,-0.004677,-0.009054,770.52,8570833640.00,9035
1997-01-27,-0.006596,-0.006598,-0.003447,-0.003457,-0.007138,765.02,8513780070.00,9027
1997-01-28,0.000519,0.000459,0.002926,0.002909,0.000000,765.02,8518006490.00,9029
1997-01-29,0.006677,0.006474,0.002299,0.002147,0.009778,772.50,8574352790.00,9034
1997-01-30,0.011775,0.011655,0.004466,0.004391,0.015107,784.17,8673546250.00,9041
1997-01-31,0.003341,0.003329,0.005083,0.005062,0.002538,786.16,8735349150.00,9046
1997-02-03,0.000265,0.000190,0.001608,0.001566,0.000725,786.73,8736155430.00,9042
1997-02-04,0.001369,0.001306,-0.000287,-0.000309,0.003216,789.26,8748501830.00,9049
1997-02-05,-0.012224,-0.012375,-0.004356,-0.004452,-0.013912,778.28,8640871100.00,9050
1997-02-06,0.002128,0.001887,0.000918,0.000865,0.002403,780.15,8657540290.00,9052
1997-02-07,0.009367,0.009356,0.003585,0.003577,0.012062,789.56,8742828440.00,9060
1997-02-10,-0.006290,-0.006327,-0.004757,-0.004781,-0.005231,785.43,8687247120.00,9051
1997-02-11,0.003572,0.003556,-0.001876,-0.001887,0.005296,789.59,8717409340.00,9054
1997-02-12,0.014928,0.014629,0.006792,0.006542,0.016692,802.77,8844949210.00,9055
1997-02-13,0.010211,0.010122,0.004665,0.004635,0.011274,811.82,8934812800.00,9057
1997-02-14,-0.001746,-0.001772,0.002184,0.002166,-0.004114,808.48,8919930480.00,9060
1997-02-18,0.006931,0.006772,0.002545,0.002480,0.009660,816.29,8978911330.00,9062
1997-02-19,-0.002860,-0.002960,0.000242,0.000185,-0.004655,812.49,8952737580.00,9062
1997-02-20,-0.010985,-0.011034,-0.004977,-0.005001,-0.011926,802.80,8853559490.00,9058
1997-02-21,-0.002204,-0.002234,0.000007,-0.000020,-0.001283,801.77,8834925370.00,9062
1997-02-24,0.008246,0.008237,0.001390,0.001381,0.010614,810.28,8907002770.00,9062
1997-02-25,0.002709,0.002698,0.002396,0.002361,0.002246,812.10,8930002390.00,9061
1997-02-26,-0.007353,-0.007519,-0.005031,-0.005181,-0.007905,805.68,8863049170.00,9064
1997-02-27,-0.011942,-0.012102,-0.003553,-0.003622,-0.013169,795.07,8754776360.00,9059
1997-02-28,-0.004613,-0.004638,-0.002290,-0.002400,-0.005345,790.82,8718734980.00,9061
1997-03-03,0.003758,0.003740,-0.001438,-0.001464,0.005678,795.31,8748333190.00,9047
1997-03-04,-0.002236,-0.002343,0.001979,0.001961,-0.005482,790.95,8727836280.00,9047
1997-03-05,0.011550,0.011277,0.005113,0.005014,0.013958,801.99,8825334090.00,9047
1997-03-06,-0.002506,-0.002628,0.000112,0.000058,-0.004277,798.56,8802224900.00,9048
1997-03-07,0.006814,0.006801,0.003272,0.003244,0.008027,804.97,8862274010.00,9051
1997-03-10,0.008570,0.008553,0.003124,0.003116,0.010783,813.65,8937897640.00,9051
1997-03-11,-0.001959,-0.001978,-0.000616,-0.000639,-0.002839,811.34,8919971570.00,9047
1997-03-12,-0.007720,-0.008003,-0.004160,-0.004397,-0.008726,804.26,8848690430.00,9047
1997-03-13,-0.015964,-0.016129,-0.008478,-0.008558,-0.018278,789.56,8706188950.00,9049
1997-03-14,0.003526,0.003513,0.002227,0.002203,0.004572,793.17,8737492530.00,9054
1997-03-17,-0.001184,-0.001244,-0.007434,-0.007472,0.003202,795.71,8726409400.00,9052
1997-03-18,-0.007267,-0.007302,-0.005539,-0.005602,-0.007603,789.66,8662661340.00,9052
1997-03-19,-0.006177,-0.006230,-0.008729,-0.008818,-0.004926,785.77,8609097270.00,9053
1997-03-20,-0.001847,-0.001900,0.000975,0.000929,-0.003971,782.65,8592905340.00,9055
1997-03-21,0.001160,0.001144,0.000822,0.000804,0.001853,784.10,8603029940.00,9056
1997-03-24,0.004840,0.004825,-0.005222,-0.005232,0.008660,790.89,8644169600.00,9054
1997-03-25,-0.000335,-0.000419,0.000418,0.000344,-0.002301,789.07,8640685010.00,9056
1997-03-26,0.002518,0.002270,0.003238,0.002995,0.001812,790.50,8657208800.00,9060
1997-03-27,-0.018549,-0.018569,-0.007486,-0.007522,-0.021025,773.88,8499437480.00,9065
1997-03-31,-0.021989,-0.021994,-0.012760,-0.012777,-0.021657,757.12,8331998030.00,9056
1997-04-01,0.001827,0.001819,-0.005864,-0.005904,0.003328,759.64,8330676130.00,9052
1997-04-02,-0.011310,-0.011452,-0.007738,-0.007799,-0.012545,750.11,8234933760.00,9051
1997-04-03,-0.000273,-0.000293,-0.002740,-0.002765,0.000280,750.32,8232621790.00,9054
1997-04-04,0.011111,0.011091,0.007053,0.007042,0.010102,757.90,8324113150.00,9056
1997-04-07,0.007864,0.007849,0.007041,0.007026,0.005581,762.13,8389240150.00,9056
1997-04-08,0.004192,0.003960,0.001691,0.001643,0.005235,766.12,8422467560.00,9058
1997-04-09,-0.005362,-0.005421,0.002199,0.002131,-0.007205,760.60,8372964480.00,9051
1997-04-10,-0.004026,-0.004050,-0.000768,-0.000786,-0.002971,758.34,8339213970.00,9057
1997-04-11,-0.024128,-0.024218,-0.012616,-0.012762,-0.027283,737.65,8137831520.00,9060
1997-04-14,0.005169,0.005164,-0.002668,-0.002680,0.008242,743.73,8179600580.00,9059
1997-04-15,0.011999,0.011997,0.003961,0.003950,0.014777,754.72,8277452470.00,9059
1997-04-16,0.008122,0.008052,-0.000331,-0.000402,0.011673,763.53,8343771380.00,9056
1997-04-17,-0.000863,-0.000904,0.000351,0.000282,-0.002305,761.77,8336242460.00,9055
1997-04-18,0.004313,0.004304,0.002286,0.002269,0.005999,766.34,8370801990.00,9057
1997-04-21,-0.009271,-0.009275,-0.008516,-0.008528,-0.007790,760.37,8293111890.00,9059
1997-04-22,0.013684,0.013663,-0.000371,-0.000388,0.018728,774.61,8406458190.00,9062
1997-04-23,-0.000012,-0.000065,-0.000579,-0.000619,-0.001252,773.64,8405945280.00,9063
1997-04-24,-0.002017,-0.002036,0.000941,0.000914,-0.003180,771.18,8388801820.00,9062
1997-04-25,-0.009074,-0.009077,-0.001945,-0.001966,-0.007534,765.37,8315151870.00,9059
1997-04-28,0.007791,0.007648,-0.001496,-0.001615,0.009917,772.96,8379227250.00,9061
1997-04-29,0.023649,0.023590,0.008398,0.008332,0.027285,794.05,8578549110.00,9061
1997-04-30,0.009343,0.009174,0.005168,0.005111,0.009181,801.34,8668123870.00,9062
1997-05-01,-0.000316,-0.000440,0.005012,0.004917,-0.003507,798.53,8657486960.00,9058
1997-05-02,0.019174,0.019161,0.015188,0.015149,0.018083,812.97,8823103350.00,9057
1997-05-05,0.021008,0.020943,0.013508,0.013464,0.021243,830.24,9007368940.00,9055
1997-05-06,-0.002737,-0.002803,0.002555,0.002534,-0.002987,827.76,8982267060.00,9053
1997-05-07,-0.011100,-0.011256,-0.000347,-0.000447,-0.014666,815.62,8880863460.00,9054
1997-05-08,0.004450,0.004418,0.002584,0.002535,0.005689,820.26,8920897860.00,9054
1997-05-09,0.005414,0.005210,0.006894,0.006864,0.005510,824.78,8968150700.00,9058
1997-05-12,0.012760,0.012716,0.005105,0.005071,0.015616,837.66,9082207360.00,9058
1997-05-13,-0.004298,-0.004482,0.001095,0.000915,-0.005408,833.13,9041525240.00,9059
1997-05-14,0.003512,0.003362,0.004017,0.003909,0.003493,836.04,9073064890.00,9065
1997-05-15,0.005937,0.005903,0.003071,0.003027,0.006985,841.88,9126895140.00,9064
1997-05-16,-0.010439,-0.010575,0.000702,0.000657,-0.014408,829.75,9032107440.00,9066
1997-05-19,0.002846,0.002830,0.001997,0.001984,0.004242,833.27,9061273480.00,9062
1997-05-20,0.008911,0.008844,0.003919,0.003894,0.010069,841.66,9141423600.00,9064
1997-05-21,-0.000619,-0.000718,0.003638,0.003580,-0.002745,839.35,9134433010.00,9062
1997-05-22,-0.002138,-0.002164,0.002530,0.002505,-0.004396,835.66,9115872430.00,9070
1997-05-23,0.012570,0.012552,0.009008,0.008995,0.013606,847.03,9230567210.00,9071
1997-05-27,0.002988,0.002981,0.002459,0.002450,0.003164,849.71,9258031600.00,9073
1997-05-28,-0.000999,-0.001166,0.003207,0.003068,-0.002942,847.21,9246727610.00,9076
1997-05-29,-0.002346,-0.002484,0.003320,0.003235,-0.003694,844.08,9224567060.00,9078
1997-05-30,0.005416,0.005388,0.004858,0.004843,0.004976,848.28,9280569900.00,9078
1997-06-02,0.000090,0.000078,0.004560,0.004536,-0.002263,846.36,9263322970.00,9072
1997-06-03,-0.001244,-0.001265,0.001951,0.001934,-0.001040,845.48,9241573070.00,9068
1997-06-04,-0.004105,-0.004313,0.001817,0.001713,-0.006351,840.11,9201938200.00,9072
1997-06-05,0.004372,0.004279,0.005524,0.005506,0.003952,843.43,9241665110.00,9076
1997-06-06,0.013499,0.013425,0.006630,0.006581,0.017287,858.01,9366071790.00,9080
1997-06-09,0.004614,0.004587,0.002452,0.002435,0.005711,862.91,9409285350.00,9076
1997-06-10,0.001526,0.001508,-0.000220,-0.000242,0.002735,865.27,9427505210.00,9082
1997-06-11,0.003956,0.003742,0.002208,0.002031,0.004970,869.57,9456772500.00,9082
1997-06-12,0.012720,0.012516,0.003843,0.003714,0.015996,883.48,9576308360.00,9085
1997-06-13,0.009850,0.009840,0.003613,0.003593,0.011081,893.27,9664394900.00,9084
1997-06-16,0.000735,0.000700,0.001740,0.001726,0.000705,893.90,9670235940.00,9079
1997-06-17,0.001477,0.001463,0.000779,0.000743,0.000593,894.43,9685085300.00,9085
1997-06-18,-0.003685,-0.003752,-0.000173,-0.000330,-0.006004,889.06,9647597330.00,9084
1997-06-19,0.009394,0.009362,0.006127,0.006102,0.010044,897.99,9731516650.00,9087
1997-06-20,-0.000193,-0.000199,0.001790,0.001777,0.000791,898.70,9730368750.00,9091
1997-06-23,-0.017584,-0.017600,-0.004049,-0.004064,-0.022343,878.62,9559173090.00,9085
1997-06-24,0.015658,0.015658,0.005429,0.005420,0.020168,896.34,9711968980.00,9088
1997-06-25,-0.006574,-0.006620,-0.000947,-0.001026,-0.008200,888.99,9647579350.00,9086
1997-06-26,-0.004565,-0.004793,-0.000150,-0.000409,-0.005973,883.68,9600936470.00,9088
1997-06-27,0.004278,0.004254,0.005382,0.005345,0.004097,887.30,9642571600.00,9086
1997-06-30,-0.000478,-0.000482,0.006321,0.006310,-0.002434,885.14,9672611030.00,9079
1997-07-01,0.005729,0.005619,0.000771,0.000722,0.006654,891.03,9725243140.00,9085
1997-07-02,0.011721,0.011620,0.003554,0.003521,0.014590,904.03,9826766990.00,9085
1997-07-03,0.011900,0.011880,0.005455,0.005440,0.014258,916.92,9938335370.00,9086
1997-07-07,-0.003372,-0.003383,-0.001896,-0.001907,-0.005148,912.20,9904251660.00,9086
1997-07-08,0.007022,0.006847,0.003297,0.003261,0.007180,918.75,9973922160.00,9086
1997-07-09,-0.008635,-0.008696,-0.000825,-0.000894,-0.012201,907.54,9887708060.00,9089
1997-07-10,0.006042,0.006011,0.005035,0.005020,0.006876,913.78,9945746100.00,9087
1997-07-11,0.004660,0.004529,0.007033,0.006896,0.003174,916.68,9992460260.00,9087
1997-07-14,0.002446,0.002441,0.003191,0.003184,0.001855,918.38,10016695100.00,9082
1997-07-15,0.007385,0.007378,0.004563,0.004536,0.008036,925.76,10090943600.00,9082
1997-07-16,0.011512,0.011451,0.005876,0.005820,0.011699,936.59,10206271900.00,9081
1997-07-17,-0.005121,-0.005154,-0.000941,-0.001015,-0.005317,931.61,10152295100.00,9085
1997-07-18,-0.013530,-0.013540,-0.002572,-0.002584,-0.017507,915.30,10015245900.00,9085
1997-07-21,-0.004248,-0.004250,-0.002705,-0.002709,-0.002578,912.94,9972665620.00,9083
1997-07-22,0.019322,0.019307,0.006418,0.006403,0.023046,933.98,10163838900.00,9085
1997-07-23,0.003260,0.003218,0.003119,0.003084,0.002762,936.56,10196786500.00,9085
1997-07-24,0.003158,0.003144,0.002835,0.002786,0.003972,940.28,10228122500.00,9086
1997-07-25,-0.000930,-0.000933,0.002544,0.002536,-0.001585,938.79,10221986900.00,9084
1997-07-28,-0.001984,-0.001992,0.001826,0.001813,-0.002493,936.45,10201098800.00,9078
1997-07-29,0.005182,0.005071,0.001556,0.001457,0.006236,942.29,10253865600.00,9082
1997-07-30,0.010846,0.010664,0.006550,0.006464,0.010612,952.29,10364074100.00,9091
1997-07-31,0.002239,0.002109,0.003845,0.003784,0.002100,954.29,10414082600.00,9089
1997-08-01,-0.005229,-0.005267,0.000575,0.000529,-0.007492,947.14,10335684200.00,9074
1997-08-04,0.003258,0.003243,0.003045,0.003029,0.003336,950.30,10356229800.00,9070
1997-08-05,0.003583,0.003570,0.005616,0.005602,0.002178,952.37,10393546100.00,9071
1997-08-06,0.007357,0.007247,0.006749,0.006649,0.008348,960.32,10466748300.00,9069
1997-08-07,-0.007024,-0.007084,0.001198,0.001170,-0.009507,951.19,10388864700.00,9067
1997-08-08,-0.017513,-0.017520,-0.007118,-0.007139,-0.018556,933.54,10208563700.00,9079
1997-08-11,0.001308,0.001109,-0.000705,-0.000727,0.003706,937.00,10218947200.00,9077
1997-08-12,-0.008812,-0.008862,-0.000282,-0.000314,-0.011174,926.53,10130664400.00,9082
1997-08-13,-0.002384,-0.002600,0.001493,0.001273,-0.004868,922.02,10104094600.00,9081
1997-08-14,0.002545,0.002499,0.002197,0.002136,0.002983,924.77,10124814600.00,9079
1997-08-15,-0.019865,-0.019901,-0.004925,-0.004929,-0.025909,900.81,9898995070.00,9081
1997-08-18,0.007854,0.007756,-0.000157,-0.000189,0.012966,912.49,9975250410.00,9081
1997-08-19,0.013942,0.013926,0.008118,0.008113,0.014817,926.01,10113908500.00,9080
1997-08-20,0.013519,0.013386,0.008791,0.008728,0.014406,939.35,10249379100.00,9082
1997-08-21,-0.011830,-0.011853,-0.001583,-0.001686,-0.015223,925.05,10127611800.00,9083
1997-08-22,-0.002579,-0.002589,-0.002315,-0.002332,-0.001632,923.54,10101962200.00,9086
1997-08-25,-0.000652,-0.000657,0.004938,0.004875,-0.003660,920.16,10093943200.00,9082
1997-08-26,-0.005629,-0.005649,0.002063,0.002043,-0.007760,913.02,10037188400.00,9084
1997-08-27,0.001911,0.001772,0.004573,0.004451,0.000745,913.70,10052211200.00,9080
1997-08-28,-0.007694,-0.007809,0.001675,0.001631,-0.010977,903.67,9973044630.00,9077
1997-08-29,-0.002003,-0.002031,0.003515,0.003502,-0.004648,899.47,10031915200.00,9075
1997-09-02,0.024141,0.024120,0.010152,0.010129,0.031252,927.58,10263729800.00,9064
1997-09-03,0.001896,0.001664,0.003267,0.003171,0.000291,927.85,10281538100.00,9065
1997-09-04,0.002892,0.002870,0.004079,0.004060,0.003255,930.87,10308865800.00,9064
1997-09-05,0.000611,0.000570,0.006182,0.006166,-0.001955,929.05,10313224300.00,9062
1997-09-08,0.003201,0.003128,0.005512,0.005475,0.002314,931.20,10345134300.00,9060
1997-09-09,0.002930,0.002923,0.005600,0.005592,0.002599,933.62,10375212700.00,9062
1997-09-10,-0.011471,-0.011521,0.000354,0.000279,-0.015627,919.03,10254931200.00,9058
1997-09-11,-0.006090,-0.006401,0.000019,-0.000164,-0.007007,912.59,10188944500.00,9059
1997-09-12,0.011759,0.011731,0.008266,0.008223,0.012404,923.91,10307887700.00,9058
1997-09-15,-0.002483,-0.002502,0.001281,0.001183,-0.004481,919.77,10281778000.00,9055
1997-09-16,0.021915,0.021898,0.007228,0.007189,0.028127,945.64,10507187800.00,9055
1997-09-17,-0.000470,-0.000532,0.002165,0.002108,-0.002792,943.00,10505796800.00,9056
1997-09-18,0.003861,0.003809,0.003924,0.003878,0.004549,947.29,10548510800.00,9059
1997-09-19,0.003052,0.003031,0.004594,0.004560,0.003399,950.51,10579900600.00,9065
1997-09-22,0.005281,0.005265,0.004990,0.004974,0.005176,955.43,10635082800.00,9065
1997-09-23,-0.002470,-0.002479,0.001109,0.001095,-0.003663,951.93,10607237200.00,9065
1997-09-24,-0.005758,-0.005793,0.002019,0.001977,-0.007826,944.48,10552494000.00,9074
1997-09-25,-0.005499,-0.005507,0.002370,0.002349,-0.006956,937.91,10494824300.00,9077
1997-09-26,0.006215,0.005912,0.005245,0.005007,0.007794,945.22,10558960400.00,9079
1997-09-29,0.007381,0.007355,0.003568,0.003541,0.008591,953.34,10634702400.00,9072
1997-09-30,-0.003269,-0.003273,0.004946,0.004900,-0.006357,947.28,10647137300.00,9068
1997-10-01,0.006434,0.006356,0.003545,0.003448,0.008582,955.41,10710063600.00,9072
1997-10-02,0.005408,0.005371,0.004583,0.004563,0.005286,960.46,10767361700.00,9071
1997-10-03,0.005141,0.005125,0.005268,0.005259,0.004758,965.03,10823043000.00,9074
1997-10-06,0.007100,0.007097,0.004714,0.004704,0.007938,972.69,10898951600.00,9073
1997-10-07,0.008874,0.008828,0.004194,0.004178,0.010723,983.12,10996296500.00,9078
1997-10-08,-0.005795,-0.006012,0.000276,0.000192,-0.009439,973.84,10931565800.00,9086
1997-10-09,-0.001887,-0.001909,0.003297,0.003287,-0.003307,970.62,10910095500.00,9085
1997-10-10,-0.002733,-0.002804,0.003440,0.003318,-0.003750,966.98,10880401600.00,9092
1997-10-13,0.001182,0.001182,0.004618,0.004618,0.001158,968.10,10893119400.00,9089
1997-10-14,0.000483,0.000478,-0.001387,-0.001398,0.002252,970.28,10898396600.00,9089
1997-10-15,-0.003303,-0.003330,-0.000331,-0.000376,-0.004700,965.72,10861069700.00,9087
1997-10-16,-0.010226,-0.010257,-0.006019,-0.006081,-0.010842,955.25,10750763500.00,9093
1997-10-17,-0.012783,-0.012785,-0.011994,-0.012007,-0.011610,944.16,10614003600.00,9096
1997-10-20,0.011091,0.011082,0.006480,0.006474,0.012127,955.61,10731360600.00,9095
1997-10-21,0.015927,0.015922,0.009120,0.009110,0.017444,972.28,10902182100.00,9100
1997-10-22,-0.002620,-0.002683,0.000349,0.000313,-0.003898,968.49,10873234800.00,9103
1997-10-23,-0.018019,-0.018052,-0.015983,-0.016003,-0.018379,950.69,10674721000.00,9100
1997-10-24,-0.007926,-0.007929,-0.002015,-0.002026,-0.009519,941.64,10591794100.00,9103
1997-10-27,-0.065250,-0.065251,-0.053333,-0.053336,-0.068667,876.98,9898371700.00,9101
1997-10-28,0.040184,0.040177,0.016064,0.016037,0.051164,921.85,10296055100.00,9099
1997-10-29,0.001265,0.001047,0.011365,0.011213,-0.002918,919.16,10308131500.00,9102
1997-10-30,-0.015518,-0.015676,-0.010951,-0.011018,-0.016842,903.68,10144344900.00,9102
1997-10-31,0.011766,0.011749,0.010958,0.010933,0.012106,914.62,10275497100.00,9108
1997-11-03,0.023026,0.022996,0.012466,0.012415,0.026645,938.99,10511594700.00,9106
1997-11-04,0.002357,0.002344,-0.000174,-0.000187,0.001885,940.76,10538232800.00,9111
1997-11-05,0.003803,0.003654,0.004465,0.004380,0.002126,942.76,10576142300.00,9112
1997-11-06,-0.004868,-0.004948,-0.001748,-0.001791,-0.005017,938.03,10524698600.00,9116
1997-11-07,-0.012737,-0.012896,-0.013150,-0.013215,-0.011215,927.51,10390099100.00,9121
1997-11-10,-0.004944,-0.005022,-0.001192,-0.001230,-0.006879,921.13,10335560400.00,9118
1997-11-11,0.000502,0.000502,-0.001559,-0.001559,0.002877,923.78,10341154400.00,9120
1997-11-12,-0.019461,-0.019683,-0.017490,-0.017674,-0.019290,905.96,10138349300.00,9122
1997-11-13,0.008105,0.008039,-0.000667,-0.000741,0.011811,916.66,10221627300.00,9125
1997-11-14,0.012087,0.012042,0.005600,0.005584,0.012753,928.35,10346857700.00,9133
1997-11-17,0.018269,0.018246,0.009290,0.009277,0.019228,946.20,10535625100.00,9131
1997-11-18,-0.007714,-0.007809,-0.005191,-0.005228,-0.008423,938.23,10453287000.00,9131
1997-11-19,0.004138,0.004004,-0.001764,-0.001814,0.006779,944.59,10495651900.00,9131
1997-11-20,0.013500,0.013484,0.004899,0.004871,0.015234,958.98,10637408700.00,9134
1997-11-21,0.002719,0.002703,0.001651,0.001635,0.004286,963.09,10670378600.00,9145
1997-11-24,-0.016280,-0.016305,-0.013077,-0.013094,-0.017049,946.67,10496380200.00,9141
1997-11-25,0.003213,0.003090,-0.002530,-0.002732,0.004384,950.82,10529682700.00,9152
1997-11-26,0.001533,0.001362,0.001513,0.001419,0.000862,951.64,10533597700.00,9155
1997-11-28,0.003752,0.003715,0.004424,0.004398,0.003951,955.40,10589901200.00,9149
1997-12-01,0.017384,0.017362,0.001838,0.001818,0.020274,974.77,10770374100.00,9148
1997-12-02,-0.002696,-0.002712,-0.004062,-0.004079,-0.003170,971.68,10740133600.00,9146
1997-12-03,0.005364,0.005141,-0.000385,-0.000516,0.005238,976.77,10794877500.00,9140
1997-12-04,-0.001628,-0.001656,0.000602,0.000588,-0.003757,973.10,10775713700.00,9142
1997-12-05,0.009801,0.009786,0.004791,0.004769,0.010986,983.79,10881544100.00,9143
1997-12-08,0.000963,0.000878,0.002470,0.002425,-0.001443,982.37,10890069300.00,9136
1997-12-09,-0.007219,-0.007228,-0.006598,-0.006630,-0.006708,975.78,10810902600.00,9135
1997-12-10,-0.007872,-0.007940,-0.009755,-0.009809,-0.006139,969.79,10725071800.00,9140
1997-12-11,-0.015729,-0.016013,-0.015442,-0.015663,-0.015313,954.94,10553250500.00,9142
1997-12-12,-0.002876,-0.002894,-0.003435,-0.003481,-0.001623,953.39,10523504600.00,9145
1997-12-15,0.006388,0.006359,-0.004750,-0.004807,0.010489,963.39,10589881200.00,9137
1997-12-16,0.006073,0.006063,0.002417,0.002403,0.004827,968.04,10652734600.00,9141
1997-12-17,-0.000969,-0.001037,0.003851,0.003762,-0.002583,965.54,10642159200.00,9139
1997-12-18,-0.010296,-0.010363,-0.007945,-0.008042,-0.010606,955.30,10523597300.00,9141
1997-12-19,-0.006801,-0.006815,-0.004143,-0.004185,-0.008919,946.78,10447508200.00,9138
1997-12-22,0.005839,0.005817,-0.001812,-0.001831,0.007309,953.70,10504969500.00,9130
1997-12-23,-0.011394,-0.011423,-0.002506,-0.002560,-0.015288,939.12,10382079500.00,9125
1997-12-24,-0.005278,-0.005305,0.001085,0.001063,-0.006836,932.70,10325940000.00,9124
1997-12-26,0.003287,0.003261,0.001829,0.001756,0.004031,936.46,10360337500.00,9123
1997-12-29,0.016176,0.015827,0.002153,0.001735,0.018047,953.36,10522873700.00,9122
1997-12-30,0.017562,0.017482,0.010691,0.010557,0.018335,970.84,10706059900.00,9120
1997-12-31,0.002605,0.002580,0.016466,0.016437,-0.000422,970.43,10797480400.00,9113
1998-01-02,0.002498,0.002468,0.010453,0.010442,0.004750,975.04,10818241000.00,9104
1998-01-05,0.002276,0.002257,0.005575,0.005564,0.002082,977.07,10842483100.00,9103
1998-01-06,-0.010232,-0.010273,-0.003519,-0.003533,-0.010736,966.58,10729889300.00,9098
1998-01-07,-0.003519,-0.003710,-0.003507,-0.003572,-0.002669,964.00,10689766500.00,9096
1998-01-08,-0.008325,-0.008369,-0.002990,-0.003067,-0.008257,956.04,10599392700.00,9092
1998-01-09,-0.029333,-0.029338,-0.020594,-0.020644,-0.029654,927.69,10288638500.00,9094
1998-01-12,0.006963,0.006958,-0.007685,-0.007704,0.012418,939.21,10345615500.00,9091
1998-01-13,0.015255,0.015199,0.013825,0.013719,0.013746,952.12,10502736100.00,9089
1998-01-14,0.006376,0.006340,0.006824,0.006781,0.006113,957.94,10569045400.00,9088
1998-01-15,-0.005708,-0.005742,-0.000348,-0.000376,-0.007527,950.73,10507774800.00,9087
1998-01-16,0.011206,0.011197,0.010468,0.010417,0.011339,961.51,10625441400.00,9086
1998-01-20,0.016299,0.016282,0.009423,0.009394,0.017774,978.60,10796796700.00,9079
1998-01-21,-0.006191,-0.006248,-0.002208,-0.002232,-0.007960,970.81,10729300600.00,9076
1998-01-22,-0.008412,-0.008435,-0.004163,-0.004184,-0.008004,963.04,10638674100.00,9077
1998-01-23,-0.004857,-0.004867,-0.000209,-0.000222,-0.005670,957.58,10587497200.00,9075
1998-01-26,-0.002026,-0.002027,-0.004518,-0.004522,-0.000658,956.95,10565361000.00,9073
1998-01-27,0.009813,0.009810,0.002264,0.002259,0.012613,969.02,10669382400.00,9076
1998-01-28,0.010036,0.009822,0.007496,0.007352,0.008710,977.46,10771809100.00,9074
1998-01-29,0.007384,0.007307,0.004728,0.004685,0.008215,985.49,10852741900.00,9081
1998-01-30,-0.003795,-0.003806,0.003733,0.003708,-0.005287,980.28,10835974100.00,9090
1998-02-02,0.018917,0.018905,0.007653,0.007626,0.021412,1001.27,11035710700.00,9076
1998-02-03,0.005193,0.005148,0.002493,0.002467,0.004714,1005.99,11092731100.00,9077
1998-02-04,0.002684,0.002556,0.005778,0.005677,0.000905,1006.90,11121687200.00,9076
1998-02-05,-0.000798,-0.000896,0.004726,0.004682,-0.003337,1003.54,11113591800.00,9080
1998-02-06,0.007615,0.007472,0.005648,0.005617,0.008889,1012.46,11197064700.00,9083
1998-02-09,-0.000656,-0.000713,0.003229,0.003202,-0.001699,1010.74,11188605000.00,9079
1998-02-10,0.008050,0.008030,0.006568,0.006541,0.008182,1019.01,11278647400.00,9084
1998-02-11,0.001574,0.001348,0.002117,0.001917,0.000981,1020.01,11293501900.00,9078
1998-02-12,0.003473,0.003385,0.001435,0.001385,0.004049,1024.14,11332671000.00,9085
1998-02-13,-0.002179,-0.002205,0.003493,0.003476,-0.003955,1020.09,11308667400.00,9089
1998-02-17,0.001661,0.001602,-0.000141,-0.000212,0.002617,1022.76,11325602900.00,9089
1998-02-18,0.007974,0.007779,0.001904,0.001825,0.009113,1032.08,11413686900.00,9089
1998-02-19,-0.001956,-0.001984,0.001636,0.001618,-0.003682,1028.28,11390928700.00,9087
1998-02-20,0.003766,0.003752,0.001723,0.001704,0.005767,1034.21,11434542800.00,9088
1998-02-23,0.004394,0.004371,0.003213,0.003199,0.003800,1038.14,11484319500.00,9088
1998-02-24,-0.006709,-0.006714,-0.001822,-0.001829,-0.007302,1030.56,11397944300.00,9090
1998-02-25,0.011481,0.011350,0.006570,0.006452,0.011974,1042.90,11527436000.00,9089
1998-02-26,0.005983,0.005872,0.006062,0.006000,0.005533,1048.67,11592930800.00,9082
1998-02-27,0.000767,0.000734,0.004760,0.004743,0.000639,1049.34,11613043100.00,9082
1998-03-02,-0.001234,-0.001253,0.001563,0.001500,-0.001563,1047.70,11596584400.00,9073
1998-03-03,0.003597,0.003585,-0.000182,-0.000196,0.004123,1052.02,11636812400.00,9072
1998-03-04,-0.003851,-0.004044,0.000958,0.000854,-0.004458,1047.33,11590711000.00,9073
1998-03-05,-0.010026,-0.010134,-0.007676,-0.007703,-0.011735,1035.04,11474046800.00,9075
1998-03-06,0.018263,0.018172,0.012261,0.012210,0.019951,1055.69,11682551700.00,9074
1998-03-09,-0.002918,-0.002931,-0.002388,-0.002397,-0.003202,1052.31,11647412100.00,9072
1998-03-10,0.010609,0.010594,0.005567,0.005552,0.011347,1064.25,11770003800.00,9072
1998-03-11,0.004919,0.004729,0.004798,0.004652,0.003965,1068.47,11825531100.00,9069
1998-03-12,0.001652,0.001506,0.003768,0.003676,0.001357,1069.92,11843775300.00,9068
1998-03-13,-0.000510,-0.000531,0.003950,0.003916,-0.001224,1068.61,11839976500.00,9073
1998-03-16,0.008695,0.008678,0.004431,0.004407,0.009976,1079.27,11942968700.00,9074
1998-03-17,0.000984,0.000976,-0.000486,-0.000496,0.001093,1080.45,11955601500.00,9065
1998-03-18,0.004672,0.004613,0.002996,0.002925,0.004692,1085.52,12010723100.00,9063
1998-03-19,0.004084,0.004045,0.003967,0.003921,0.003888,1089.74,12059785700.00,9064
1998-03-20,0.005978,0.005968,0.003344,0.003325,0.008644,1099.16,12131670600.00,9063
1998-03-23,-0.002713,-0.002731,0.000659,0.000629,-0.003284,1095.55,12092939400.00,9057
1998-03-24,0.008425,0.008422,0.004875,0.004866,0.009219,1105.65,12198177600.00,9060
1998-03-25,-0.001829,-0.001856,0.000728,0.000679,-0.003374,1101.92,12175785900.00,9063
1998-03-26,-0.000184,-0.000192,0.002983,0.002945,-0.001016,1100.80,12173136600.00,9062
1998-03-27,-0.003694,-0.003901,0.002311,0.002043,-0.004869,1095.44,12132112700.00,9059
1998-03-30,-0.002189,-0.002208,-0.001021,-0.001049,-0.001725,1093.55,12108095700.00,9058
1998-03-31,0.007673,0.007665,0.006591,0.006577,0.007499,1101.75,12274379100.00,9053
1998-04-01,0.006150,0.006087,0.003882,0.003808,0.005809,1108.15,12339905700.00,9044
1998-04-02,0.008177,0.008146,0.003227,0.003204,0.010703,1120.01,12438886500.00,9041
1998-04-03,0.001943,0.001921,0.002077,0.002060,0.002402,1122.70,12465392600.00,9044
1998-04-06,-0.002448,-0.002454,-0.002702,-0.002710,-0.001167,1121.39,12435130600.00,9045
1998-04-07,-0.010432,-0.010674,-0.009936,-0.010047,-0.010558,1109.55,12301894600.00,9048
1998-04-08,-0.004353,-0.004378,0.003284,0.003264,-0.007120,1101.65,12229202500.00,9051
1998-04-09,0.007809,0.007798,0.007493,0.007480,0.008188,1110.67,12325628500.00,9055
1998-04-13,-0.000311,-0.000377,0.000003,-0.000131,-0.000882,1109.69,12320163700.00,9052
1998-04-14,0.007068,0.007060,0.006369,0.006353,0.005461,1115.75,12407861300.00,9052
1998-04-15,0.004031,0.004017,0.005110,0.005022,0.003200,1119.32,12457935600.00,9053
1998-04-16,-0.008238,-0.008264,-0.001323,-0.001355,-0.009961,1108.17,12354759600.00,9048
1998-04-17,0.010681,0.010669,0.005852,0.005832,0.013130,1122.72,12486789700.00,9047
1998-04-20,0.001873,0.001866,0.004309,0.004260,0.000828,1123.65,12509004100.00,9043
1998-04-21,0.002598,0.002592,0.007288,0.007271,0.002688,1126.67,12539551700.00,9042
1998-04-22,0.002798,0.002710,0.002936,0.002912,0.003435,1130.54,12573005400.00,9041
1998-04-23,-0.010750,-0.010769,-0.006290,-0.006344,-0.009694,1119.58,12437644700.00,9042
1998-04-24,-0.009536,-0.009539,-0.003394,-0.003401,-0.010433,1107.90,12322045600.00,9047
1998-04-27,-0.021239,-0.021241,-0.019594,-0.019607,-0.019280,1086.54,12058097200.00,9045
1998-04-28,0.002042,0.001934,0.007348,0.007252,-0.001316,1085.11,12062469300.00,9047
1998-04-29,0.009058,0.008912,0.006774,0.006694,0.008764,1094.62,12171781500.00,9047
1998-04-30,0.014625,0.014554,0.010241,0.010166,0.015649,1111.75,12408129300.00,9048
1998-05-01,0.006414,0.006402,0.002561,0.002500,0.008320,1121.00,12487290700.00,9050
1998-05-04,0.001749,0.001742,0.003932,0.003912,0.000955,1122.07,12505867300.00,9044
1998-05-05,-0.005628,-0.005653,-0.003127,-0.003157,-0.005855,1115.50,12435751900.00,9045
1998-05-06,-0.007841,-0.008053,-0.002237,-0.002327,-0.009485,1104.92,12335613700.00,9047
1998-05-07,-0.008103,-0.008138,-0.003143,-0.003181,-0.008851,1095.14,12235073900.00,9050
1998-05-08,0.010660,0.010648,0.005458,0.005429,0.011871,1108.14,12366331700.00,9053
1998-05-11,-0.002003,-0.002210,-0.002930,-0.002959,-0.001354,1106.64,12338695900.00,9050
1998-05-12,0.005204,0.005166,-0.001474,-0.001505,0.008268,1115.79,12407455300.00,9053
1998-05-13,0.002481,0.002290,0.001163,0.000947,0.002751,1118.86,12436310300.00,9056
1998-05-14,-0.001594,-0.001614,-0.001130,-0.001158,-0.001332,1117.37,12417877000.00,9058
1998-05-15,-0.007218,-0.007249,-0.003006,-0.003019,-0.007732,1108.73,12329486100.00,9063
1998-05-18,-0.004329,-0.004420,-0.008772,-0.008810,-0.002625,1105.82,12274776700.00,9059
1998-05-19,0.004016,0.004003,0.002214,0.002164,0.003346,1109.52,12325155700.00,9063
1998-05-20,0.004906,0.004791,-0.002380,-0.002442,0.008598,1119.06,12384610800.00,9063
1998-05-21,-0.003107,-0.003116,-0.001683,-0.001710,-0.003950,1114.64,12339439000.00,9054
1998-05-22,-0.004931,-0.004938,-0.003594,-0.003614,-0.003741,1110.47,12279091200.00,9056
1998-05-26,-0.014829,-0.014839,-0.013609,-0.013620,-0.014814,1094.02,12096337500.00,9053
1998-05-27,-0.003928,-0.004040,-0.013509,-0.013610,-0.001636,1092.23,12048189300.00,9055
1998-05-28,0.005968,0.005842,0.007385,0.007281,0.004907,1097.59,12115467000.00,9057
1998-05-29,-0.003673,-0.003698,0.002674,0.002661,-0.006168,1090.82,12113303600.00,9052
1998-06-01,-0.003557,-0.003590,-0.011021,-0.011047,0.000147,1090.98,12065198500.00,9038
1998-06-02,0.002243,0.002238,-0.001983,-0.001998,0.002053,1093.22,12090343900.00,9033
1998-06-03,-0.007366,-0.007559,-0.002182,-0.002263,-0.009596,1082.73,11999128400.00,9032
1998-06-04,0.009505,0.009497,0.002480,0.002462,0.011175,1094.83,12113664400.00,9032
1998-06-05,0.013883,0.013852,0.004866,0.004846,0.017382,1113.86,12276904800.00,9031
1998-06-08,0.002800,0.002741,0.000505,0.000462,0.001670,1115.72,12306698400.00,9029
1998-06-09,0.002433,0.002412,-0.000348,-0.000386,0.002411,1118.41,12339013100.00,9023
1998-06-10,-0.007170,-0.007225,-0.008557,-0.008620,-0.005481,1112.28,12250375200.00,9024
1998-06-11,-0.014528,-0.014796,-0.012090,-0.012290,-0.015913,1094.58,12069793800.00,9028
1998-06-12,0.000820,0.000798,-0.006332,-0.006381,0.003892,1098.84,12070684300.00,9031
1998-06-15,-0.019643,-0.019655,-0.017514,-0.017543,-0.019866,1077.01,11830251000.00,9028
1998-06-16,0.010020,0.010003,0.006332,0.006303,0.009823,1087.59,11946915500.00,9027
1998-06-17,0.016311,0.016267,0.010079,0.010025,0.017939,1107.10,12142004600.00,9027
1998-06-18,-0.001685,-0.001737,-0.003546,-0.003640,-0.000659,1106.37,12120587100.00,9028
1998-06-19,-0.003940,-0.003951,-0.001100,-0.001124,-0.005170,1100.65,12076646200.00,9037
1998-06-22,0.003479,0.003463,-0.000295,-0.000345,0.002326,1103.21,12117922400.00,9037
1998-06-23,0.013154,0.013150,0.004856,0.004842,0.014757,1119.49,12278609500.00,9042
1998-06-24,0.011201,0.011160,0.005245,0.005210,0.011961,1132.88,12416734000.00,9047
1998-06-25,-0.002646,-0.002662,-0.000174,-0.000187,-0.003178,1129.28,12383676600.00,9044
1998-06-26,0.003007,0.002806,0.001881,0.001592,0.003471,1133.20,12418166700.00,9043
1998-06-29,0.005640,0.005618,0.003321,0.003270,0.004668,1138.49,12488367700.00,9037
1998-06-30,-0.001381,-0.001453,0.005277,0.005235,-0.004084,1133.84,12566424500.00,9035
1998-07-01,0.010824,0.010787,0.004293,0.004248,0.012982,1148.56,12684154600.00,9028
1998-07-02,-0.001670,-0.001672,-0.000597,-0.000609,-0.001863,1146.42,12660759900.00,9022
1998-07-06,0.008520,0.008411,0.001749,0.001740,0.009499,1157.31,12761944200.00,9020
1998-07-07,-0.001401,-0.001413,-0.000681,-0.000697,-0.002290,1154.66,12742765600.00,9020
1998-07-08,0.008746,0.008534,0.002922,0.002843,0.010142,1166.37,12852481100.00,9020
1998-07-09,-0.004986,-0.004995,0.000820,0.000805,-0.006696,1158.56,12788740100.00,9020
1998-07-10,0.003026,0.003016,0.000212,0.000203,0.004980,1164.33,12823993500.00,9021
1998-07-13,0.000947,0.000884,-0.001357,-0.001470,0.000739,1165.19,12834814600.00,9019
1998-07-14,0.008412,0.008394,0.002841,0.002833,0.010634,1177.58,12942966800.00,9019
1998-07-15,-0.000678,-0.000692,0.002557,0.002477,-0.002352,1174.81,12934108100.00,9017
1998-07-16,0.006445,0.006421,0.003699,0.003661,0.007814,1183.99,13017318700.00,9019
1998-07-17,0.001777,0.001773,0.002313,0.002302,0.002331,1186.75,13022221600.00,9020
1998-07-20,-0.001093,-0.001099,0.000428,0.000419,-0.002233,1184.10,13006254700.00,9015
1998-07-21,-0.015120,-0.015130,-0.008065,-0.008099,-0.016071,1165.07,12810078100.00,9006
1998-07-22,-0.003009,-0.003081,-0.005939,-0.005969,-0.000850,1164.08,12771023100.00,9008
1998-07-23,-0.019970,-0.019994,-0.014034,-0.014052,-0.020901,1139.75,12516003400.00,9009
1998-07-24,-0.001750,-0.001753,-0.003115,-0.003126,0.000921,1140.80,12489771900.00,9007
1998-07-27,0.001435,0.001434,-0.009906,-0.009908,0.005671,1147.27,12507433600.00,9006
1998-07-28,-0.014392,-0.014396,-0.010263,-0.010281,-0.014844,1130.24,12328594400.00,9011
1998-07-29,-0.004694,-0.004883,-0.002701,-0.002829,-0.004450,1125.21,12262951000.00,9008
1998-07-30,0.014275,0.014135,0.005252,0.005191,0.015766,1142.95,12436865000.00,9012
1998-07-31,-0.018214,-0.018220,-0.010296,-0.010319,-0.019493,1120.67,12282690700.00,9017
1998-08-03,-0.008598,-0.008630,-0.012928,-0.012963,-0.007344,1112.44,12168996200.00,9004
1998-08-04,-0.034757,-0.034789,-0.025919,-0.025944,-0.036245,1072.12,11745309500.00,9006
1998-08-05,0.004459,0.004324,-0.008199,-0.008305,0.008684,1081.43,11796098000.00,9007
1998-08-06,0.010227,0.010123,0.009741,0.009685,0.007583,1089.63,11914073800.00,9004
1998-08-07,0.004210,0.004200,0.013576,0.013556,-0.000165,1089.45,11964113000.00,9005
1998-08-10,-0.005857,-0.005912,-0.005382,-0.005451,-0.005792,1083.14,11882720100.00,9002
1998-08-11,-0.016917,-0.017064,-0.022921,-0.022957,-0.013073,1068.98,11677786500.00,9004
1998-08-12,0.015636,0.015440,0.012088,0.011883,0.014257,1084.22,11857565800.00,8999
1998-08-13,-0.008869,-0.008894,-0.006856,-0.006898,-0.008587,1074.91,11754843500.00,8999
1998-08-14,-0.009413,-0.009456,-0.002044,-0.002069,-0.011313,1062.75,11648315600.00,9001
1998-08-17,0.014931,0.014908,-0.002219,-0.002236,0.019685,1083.67,11820537500.00,8998
1998-08-18,0.016335,0.016246,0.007178,0.007142,0.016177,1101.20,12020264000.00,8995
1998-08-19,-0.004254,-0.004325,-0.003874,-0.003957,-0.002851,1098.06,11965376200.00,8995
1998-08-20,-0.006480,-0.006528,-0.006842,-0.006861,-0.005883,1091.60,11887245900.00,8992
1998-08-21,-0.011825,-0.011844,-0.014519,-0.014544,-0.009546,1081.18,11746458900.00,8991
1998-08-24,0.003383,0.003378,-0.005474,-0.005481,0.006437,1088.14,11785217800.00,8984
1998-08-25,0.002485,0.002479,-0.005698,-0.005741,0.004338,1092.86,11813302900.00,8979
1998-08-26,-0.010921,-0.011002,-0.020449,-0.020506,-0.007933,1084.19,11682982100.00,8977
1998-08-27,-0.039433,-0.039520,-0.037440,-0.037509,-0.038370,1042.59,11219097400.00,8974
1998-08-28,-0.016001,-0.016140,-0.014324,-0.014410,-0.014819,1027.14,11038121600.00,8971
1998-08-31,-0.065905,-0.065920,-0.054321,-0.054332,-0.068014,957.28,10331283400.00,8964
1998-09-01,0.034987,0.034943,0.017535,0.017504,0.038609,994.24,10689339800.00,8959
1998-09-02,0.000744,0.000537,0.012281,0.012152,-0.003782,990.48,10694493500.00,8954
1998-09-03,-0.010336,-0.010358,-0.011738,-0.011787,-0.008299,982.26,10583572700.00,8955
1998-09-04,-0.006699,-0.006739,0.002100,0.002089,-0.008521,973.89,10512184500.00,8954
1998-09-08,0.048350,0.048283,0.027976,0.027924,0.050899,1023.46,11016428400.00,8951
1998-09-09,-0.017532,-0.017597,-0.012021,-0.012090,-0.016864,1006.20,10822569800.00,8949
1998-09-10,-0.024597,-0.024619,-0.018786,-0.018817,-0.025850,980.19,10556170100.00,8949
1998-09-11,0.026080,0.025788,0.015614,0.015419,0.029454,1009.06,10828246200.00,8947
1998-09-14,0.020014,0.019987,0.011323,0.011283,0.020475,1029.72,11044418700.00,8945
1998-09-15,0.006943,0.006930,0.002410,0.002385,0.007730,1037.68,11109984100.00,8942
1998-09-16,0.008548,0.008482,0.008757,0.008684,0.007517,1045.48,11203732600.00,8942
1998-09-17,-0.023568,-0.023627,-0.011875,-0.011921,-0.025452,1018.87,10938896700.00,8937
1998-09-18,0.004216,0.004202,0.009965,0.009915,0.001197,1020.09,10983064300.00,8929
1998-09-21,0.002050,0.002032,-0.003714,-0.003730,0.003725,1023.89,11005135000.00,8927
1998-09-22,0.007646,0.007643,0.009000,0.008991,0.005606,1029.63,11089391800.00,8922
1998-09-23,0.032437,0.032397,0.019180,0.019132,0.035411,1066.09,11448557400.00,8919
1998-09-24,-0.019815,-0.019838,-0.006513,-0.006531,-0.021921,1042.72,11223284200.00,8921
1998-09-25,0.000726,0.000724,0.000165,0.000149,0.001947,1044.75,11229261100.00,8916
1998-09-28,0.003589,0.003261,0.001453,0.001119,0.003771,1048.69,11262821900.00,8911
1998-09-29,-0.001598,-0.001624,-0.003653,-0.003709,0.000315,1049.02,11243210700.00,8905
1998-09-30,-0.025481,-0.025535,-0.005814,-0.005860,-0.030514,1017.01,10991051600.00,8893
1998-10-01,-0.032744,-0.032767,-0.028105,-0.028144,-0.030108,986.39,10588257000.00,8884
1998-10-02,0.013262,0.013215,0.002235,0.002216,0.016434,1002.60,10700399100.00,8879
1998-10-05,-0.019592,-0.019595,-0.028181,-0.028188,-0.014004,988.56,10489033700.00,8872
1998-10-06,-0.004990,-0.005031,-0.009736,-0.009765,-0.004016,984.59,10436557400.00,8876
1998-10-07,-0.016961,-0.017233,-0.026526,-0.026657,-0.014128,970.68,10256699100.00,8876
1998-10-08,-0.017343,-0.017370,-0.037639,-0.037659,-0.011580,959.44,10037963500.00,8862
1998-10-09,0.026219,0.026209,0.023122,0.023104,0.026005,984.39,10300486100.00,8858
1998-10-12,0.016781,0.016781,0.019356,0.019356,0.013531,997.71,10471905000.00,8853
1998-10-13,-0.006285,-0.006374,-0.007987,-0.008110,-0.002917,994.80,10405007700.00,8852
1998-10-14,0.013511,0.013487,0.007710,0.007667,0.010786,1005.53,10545207400.00,8849
1998-10-15,0.040646,0.040635,0.025737,0.025709,0.041739,1047.50,10973659100.00,8843
1998-10-16,0.010577,0.010564,0.016506,0.016468,0.008516,1056.42,11085731100.00,8833
1998-10-19,0.008334,0.008333,0.018020,0.018014,0.005651,1062.39,11176882300.00,8830
1998-10-20,0.003375,0.003364,0.016523,0.016482,0.001450,1063.93,11212637800.00,8825
1998-10-21,0.005547,0.005476,0.009028,0.008996,0.005630,1069.92,11274348300.00,8824
1998-10-22,0.008724,0.008684,0.014072,0.014047,0.008001,1078.48,11377044200.00,8819
1998-10-23,-0.005939,-0.005948,0.008595,0.008577,-0.007242,1070.67,11310282100.00,8815
1998-10-26,0.004563,0.004562,0.012486,0.012483,0.001541,1072.32,11361238000.00,8807
1998-10-27,-0.004126,-0.004127,0.004877,0.004870,-0.006509,1065.34,11309124400.00,8805
1998-10-28,0.002622,0.002415,0.003800,0.003634,0.002581,1068.09,11336721400.00,8802
1998-10-29,0.015511,0.015404,0.012353,0.012293,0.016703,1085.93,11510958000.00,8794
1998-10-30,0.012714,0.012699,0.014811,0.014774,0.011732,1098.67,11789187100.00,8788
1998-11-02,0.014396,0.014387,0.018732,0.018703,0.011769,1111.60,11954687700.00,8779
1998-11-03,-0.000870,-0.000897,0.004849,0.004800,-0.000684,1110.84,11911902500.00,8776
1998-11-04,0.009087,0.008945,0.013189,0.013107,0.007049,1118.67,12018825600.00,8777
1998-11-05,0.012169,0.012095,0.008808,0.008773,0.013570,1133.85,12164303800.00,8779
1998-11-06,0.006630,0.006531,0.010636,0.010568,0.006315,1141.01,12243588400.00,8776
1998-11-09,-0.008214,-0.008342,-0.001040,-0.001059,-0.009474,1130.20,12141147500.00,8773
1998-11-10,-0.001764,-0.001933,-0.002224,-0.002401,-0.001717,1128.26,12117425400.00,8765
1998-11-11,-0.006358,-0.006358,-0.000756,-0.000756,-0.006461,1120.97,12042026500.00,8767
1998-11-12,-0.002690,-0.002796,0.000695,0.000591,-0.002926,1117.69,12008318200.00,8767
1998-11-13,0.005268,0.005225,0.003099,0.003066,0.007184,1125.72,12039489500.00,8764
1998-11-16,0.007449,0.007431,0.002173,0.002157,0.009008,1135.86,12128940000.00,8761
1998-11-17,0.003120,0.003102,-0.001663,-0.001683,0.003046,1139.32,12250240100.00,8763
1998-11-18,0.005065,0.004939,0.003209,0.003104,0.004529,1144.48,12311047500.00,8761
1998-11-19,0.007290,0.007238,0.005304,0.005276,0.007104,1152.61,12398790800.00,8760
1998-11-20,0.008438,0.008428,0.005409,0.005387,0.009492,1163.55,12494445000.00,8761
1998-11-23,0.019846,0.019825,0.005599,0.005576,0.021194,1188.21,12741343100.00,8759
1998-11-24,-0.004701,-0.004760,-0.003271,-0.003322,-0.004393,1182.99,12683099500.00,8762
1998-11-25,0.003951,0.003863,0.007879,0.007803,0.003280,1186.87,12731737200.00,8759
1998-11-27,0.005685,0.005534,0.011344,0.011247,0.004567,1192.29,12801800900.00,8757
1998-11-30,-0.022479,-0.022485,-0.007806,-0.007819,-0.024038,1163.63,12533926700.00,8757
1998-12-01,0.008103,0.008076,-0.000938,-0.000962,0.010012,1175.28,12633186700.00,8748
1998-12-02,-0.002470,-0.002676,-0.000911,-0.001004,-0.003429,1171.25,12599394600.00,8743
1998-12-03,-0.015497,-0.015519,-0.006618,-0.006660,-0.018024,1150.14,12402919700.00,8734
1998-12-04,0.019707,0.019702,0.006361,0.006348,0.023128,1176.74,12636918900.00,8733
1998-12-07,0.008839,0.008818,0.002415,0.002404,0.009314,1187.70,12745288500.00,8732
1998-12-08,-0.004006,-0.004069,-0.003366,-0.003408,-0.005321,1181.38,12692827500.00,8730
1998-12-09,0.001339,0.001259,0.001406,0.001338,0.001786,1183.49,12708780700.00,8730
1998-12-10,-0.015147,-0.015176,-0.006028,-0.006056,-0.015606,1165.02,12519569900.00,8733
1998-12-11,-0.000605,-0.000821,-0.002458,-0.002642,0.001236,1166.46,12507257300.00,8727
1998-12-14,-0.020549,-0.020562,-0.014881,-0.014962,-0.021655,1141.20,12250058600.00,8723
1998-12-15,0.016239,0.016220,0.002611,0.002567,0.018954,1162.83,12449115700.00,8722
1998-12-16,-0.000463,-0.000509,0.000243,0.000172,-0.000765,1161.94,12442948300.00,8724
1998-12-17,0.014666,0.014601,0.005124,0.005038,0.015526,1179.98,12624223600.00,8719
1998-12-18,0.006689,0.006678,0.004822,0.004797,0.006822,1188.03,12708284800.00,8716
1998-12-21,0.013469,0.013441,0.000857,0.000741,0.012466,1202.84,12878563300.00,8712
1998-12-22,0.000029,0.000005,-0.002715,-0.002767,0.000607,1203.57,12879759300.00,8720
1998-12-23,0.019196,0.019169,0.007464,0.007409,0.020747,1228.54,13111239900.00,8718
1998-12-24,-0.000177,-0.000199,0.007123,0.007105,-0.001848,1226.27,13109658100.00,8717
1998-12-28,0.001700,0.001687,-0.000702,-0.000738,-0.000636,1225.49,13131137500.00,8714
1998-12-29,0.011206,0.010884,0.008236,0.007768,0.013317,1241.81,13273865400.00,8714
1998-12-30,-0.004896,-0.004927,0.005512,0.005460,-0.007956,1231.93,13208596200.00,8718
1998-12-31,0.005046,0.005036,0.025986,0.025975,-0.002192,1229.23,13299690900.00,8710
1999-01-04,-0.000831,-0.000865,0.011409,0.011342,-0.000919,1228.10,13199160700.00,8696
1999-01-05,0.011888,0.011854,0.009512,0.009495,0.013582,1244.78,13355465700.00,8693
1999-01-06,0.021143,0.020955,0.014866,0.014791,0.022141,1272.34,13635141200.00,8692
1999-01-07,-0.000799,-0.000856,0.003560,0.003531,-0.002051,1269.73,13622517700.00,8681
1999-01-08,0.004604,0.004601,0.009410,0.009386,0.004221,1275.09,13685223700.00,8679
1999-01-11,-0.004982,-0.004988,0.006378,0.006371,-0.008792,1263.88,13616961100.00,8679
1999-01-12,-0.018197,-0.018200,-0.006131,-0.006146,-0.019282,1239.51,13368254200.00,8675
1999-01-13,-0.005760,-0.005840,-0.006715,-0.006881,-0.004123,1234.40,13290207300.00,8675
1999-01-14,-0.015793,-0.015806,-0.001111,-0.001138,-0.017993,1212.19,13066865300.00,8665
1999-01-15,0.023001,0.022987,0.014609,0.014587,0.025631,1243.26,13367435600.00,8662
1999-01-19,0.007600,0.007593,0.007704,0.007696,0.007030,1252.00,13468482100.00,8660
1999-01-20,0.002364,0.002309,0.001375,0.001323,0.003690,1256.62,13498931800.00,8658
1999-01-21,-0.017356,-0.017378,-0.005434,-0.005452,-0.017078,1235.16,13264362900.00,8654
1999-01-22,-0.006415,-0.006423,-0.001283,-0.001295,-0.008072,1225.19,13184569900.00,8653
1999-01-25,0.006536,0.006528,0.001815,0.001805,0.007174,1233.98,13270010900.00,8647
1999-01-26,0.013889,0.013885,0.005311,0.005302,0.014854,1252.31,13454391700.00,8648
1999-01-27,-0.007022,-0.007161,-0.005680,-0.005819,-0.007299,1243.17,13358965400.00,8655
1999-01-28,0.015966,0.015858,0.003250,0.003160,0.017858,1265.37,13567426700.00,8651
1999-01-29,0.009339,0.009333,0.007896,0.007875,0.011277,1279.64,13752730000.00,8656
1999-02-01,-0.003402,-0.003407,-0.001705,-0.001733,-0.005189,1273.00,13705868300.00,8649
1999-02-02,-0.008696,-0.008733,-0.005120,-0.005140,-0.008649,1261.99,13587581300.00,8649
1999-02-03,0.009073,0.008934,0.007191,0.007049,0.007987,1272.07,13708653200.00,8643
1999-02-04,-0.018078,-0.018149,-0.001813,-0.001853,-0.018537,1248.49,13455318000.00,8641
1999-02-05,-0.008764,-0.008784,-0.003481,-0.003496,-0.007281,1239.40,13350115300.00,8646
1999-02-08,0.002013,0.001877,0.000908,0.000852,0.003526,1243.77,13375721900.00,8650
1999-02-09,-0.022437,-0.022454,-0.012225,-0.012244,-0.022215,1216.14,13075307500.00,8649
1999-02-10,0.002821,0.002614,-0.004918,-0.005144,0.006093,1223.55,13109423400.00,8644
1999-02-11,0.024302,0.024219,0.009234,0.009165,0.024919,1254.04,13432152700.00,8645
1999-02-12,-0.018543,-0.018570,-0.007622,-0.007643,-0.019066,1230.13,13183034600.00,8646
1999-02-16,0.006144,0.006133,-0.003453,-0.003477,0.009544,1241.87,13264103000.00,8645
1999-02-17,-0.013809,-0.013924,-0.012271,-0.012387,-0.014365,1224.03,13078542100.00,8641
1999-02-18,0.009466,0.009397,0.000937,0.000894,0.010825,1237.28,13200852600.00,8635
1999-02-19,0.002409,0.002403,0.003248,0.003228,0.001568,1239.22,13234306400.00,8630
1999-02-22,0.023701,0.023682,0.006617,0.006600,0.026565,1272.14,13547299500.00,8628
1999-02-23,0.000693,0.000677,-0.000790,-0.000814,-0.000755,1271.18,13556690100.00,8625
1999-02-24,-0.012177,-0.012278,-0.004007,-0.004110,-0.013979,1253.41,13390216600.00,8621
1999-02-25,-0.007097,-0.007218,-0.003000,-0.003108,-0.006694,1245.02,13293509000.00,8619
1999-02-26,-0.004880,-0.004901,0.000586,0.000579,-0.005373,1238.33,13246065100.00,8619
1999-03-01,-0.000384,-0.000411,-0.000627,-0.000645,-0.001752,1236.16,13239968600.00,8615
1999-03-02,-0.006472,-0.006485,-0.002442,-0.002452,-0.008623,1225.50,13153103200.00,8609
1999-03-03,-0.000296,-0.000497,-0.004806,-0.004909,0.001795,1227.70,13146500000.00,8605
1999-03-04,0.013488,0.013374,0.003216,0.003176,0.015427,1246.64,13322342200.00,8605
1999-03-05,0.020411,0.020392,0.005860,0.005844,0.023126,1275.47,13595454000.00,8607
1999-03-08,0.006597,0.006534,0.001917,0.001868,0.005692,1282.73,13683839600.00,8605
1999-03-09,-0.002177,-0.002183,-0.003047,-0.003077,-0.002253,1279.84,13654382400.00,8603
1999-03-10,0.005639,0.005578,0.006617,0.006475,0.005469,1286.84,13701827400.00,8599
1999-03-11,0.007633,0.007394,0.002786,0.002583,0.008424,1297.68,13802831000.00,8597
1999-03-12,-0.002965,-0.002979,-0.000839,-0.000937,-0.002381,1294.59,13761463000.00,8592
1999-03-15,0.009283,0.009268,0.001092,0.001066,0.009787,1307.26,13886535800.00,8587
1999-03-16,-0.001263,-0.001276,-0.001803,-0.001829,-0.000673,1306.38,13869256000.00,8586
1999-03-17,-0.005089,-0.005153,0.000449,0.000356,-0.006552,1297.82,13796263000.00,8581
1999-03-18,0.012180,0.012145,0.003852,0.003805,0.014432,1316.55,13953124600.00,8572
1999-03-19,-0.012261,-0.012267,-0.004012,-0.004033,-0.013110,1299.29,13784877500.00,8572
1999-03-22,-0.002787,-0.002806,-0.002604,-0.002658,-0.001755,1297.01,13745842400.00,8565
1999-03-23,-0.026062,-0.026073,-0.014168,-0.014184,-0.026885,1262.14,13386688700.00,8558
1999-03-24,0.005006,0.004986,0.001842,0.001801,0.005110,1268.59,13454160500.00,8554
1999-03-25,0.017790,0.017770,0.010954,0.010910,0.016869,1289.99,13688114700.00,8552
1999-03-26,-0.004610,-0.004615,0.002874,0.002831,-0.005574,1282.80,13624571800.00,8550
1999-03-29,0.019376,0.019192,0.007189,0.006865,0.021336,1310.17,13888207900.00,8548
1999-03-30,-0.006279,-0.006350,-0.003471,-0.003539,-0.007190,1300.75,13809940700.00,8545
1999-03-31,-0.007844,-0.007861,-0.001825,-0.001879,-0.011055,1286.37,13756388100.00,8541
1999-04-01,0.005663,0.005618,0.001725,0.001673,0.005714,1293.72,13833371100.00,8535
1999-04-05,0.018325,0.018319,0.000942,0.000920,0.021179,1321.12,14073643200.00,8532
1999-04-06,-0.002196,-0.002228,-0.004544,-0.004561,-0.002445,1317.89,14042981300.00,8533
1999-04-07,0.004102,0.003927,0.000051,-0.000041,0.006829,1326.89,14102898500.00,8536
1999-04-08,0.013218,0.013175,0.005340,0.005301,0.012880,1343.98,14291066000.00,8532
1999-04-09,0.004653,0.004652,0.008913,0.008900,0.003252,1348.35,14360730300.00,8531
1999-04-12,0.008995,0.008980,0.005577,0.005569,0.007632,1358.64,14487930100.00,8528
1999-04-13,-0.002763,-0.002821,0.008961,0.008820,-0.006492,1349.82,14447001000.00,8527
1999-04-14,-0.013497,-0.013522,0.006137,0.006090,-0.015839,1328.44,14251138300.00,8521
1999-04-15,-0.003236,-0.003243,0.006424,0.006400,-0.004200,1322.86,14205648800.00,8516
1999-04-16,-0.001426,-0.001433,0.011929,0.011897,-0.002918,1319.00,14186345600.00,8516
1999-04-19,-0.023432,-0.023440,-0.005385,-0.005408,-0.022381,1289.48,13853667800.00,8508
1999-04-20,0.012929,0.012923,0.001660,0.001611,0.012943,1306.17,14034290500.00,8510
1999-04-21,0.024557,0.024497,0.013823,0.013779,0.022930,1336.12,14378107700.00,8507
1999-04-22,0.013391,0.013361,0.006109,0.006076,0.016990,1358.82,14571034200.00,8508
1999-04-23,0.001090,0.001083,0.007103,0.007087,-0.001450,1356.85,14588871700.00,8511
1999-04-26,0.004594,0.004594,0.005047,0.005042,0.002351,1360.04,14655799100.00,8507
1999-04-27,0.001117,0.001117,0.005040,0.005015,0.002029,1362.80,14672872600.00,8504
1999-04-28,-0.008105,-0.008209,0.004983,0.004802,-0.008725,1350.91,14551052400.00,8501
1999-04-29,-0.004461,-0.004616,0.003546,0.003441,-0.005981,1342.83,14485116500.00,8499
1999-04-30,-0.004383,-0.004393,0.002329,0.002290,-0.005697,1335.18,14477596400.00,8503
1999-05-03,0.011799,0.011790,0.006624,0.006534,0.014567,1354.63,14643653800.00,8496
1999-05-04,-0.014288,-0.014305,-0.001981,-0.002054,-0.016706,1332.00,14465264400.00,8498
1999-05-05,0.009909,0.009707,0.001191,0.001088,0.011494,1347.31,14607333400.00,8499
1999-05-06,-0.010719,-0.010785,0.002411,0.002345,-0.011326,1332.05,14451724300.00,8495
1999-05-07,0.008531,0.008527,0.004297,0.004265,0.009722,1345.00,14577265200.00,8499
1999-05-10,0.000161,-0.000232,0.005890,0.005829,-0.003494,1340.30,14574425400.00,8494
1999-05-11,0.011791,0.011758,0.006321,0.006240,0.011423,1355.61,14747665700.00,8493
1999-05-12,0.006234,0.006037,0.005721,0.005497,0.006189,1364.00,14838363900.00,8493
1999-05-13,0.002787,0.002756,0.006613,0.006565,0.002610,1367.56,14882568300.00,8492
1999-05-14,-0.021040,-0.021073,-0.006146,-0.006182,-0.021761,1337.80,14568807000.00,8492
1999-05-17,0.000953,0.000930,-0.002327,-0.002380,0.001263,1339.49,14583217400.00,8489
1999-05-18,-0.003216,-0.003279,0.001745,0.001697,-0.004606,1333.32,14535295600.00,8486
1999-05-19,0.008449,0.008236,0.005188,0.005088,0.008183,1344.23,14655152500.00,8487
1999-05-20,-0.003340,-0.003380,0.007334,0.007309,-0.004017,1338.83,14613230400.00,8486
1999-05-21,-0.005350,-0.005361,0.004054,0.004029,-0.006379,1330.29,14535826200.00,8487
1999-05-24,-0.018918,-0.018974,-0.010205,-0.010255,-0.017771,1306.65,14259696600.00,8480
1999-05-25,-0.017344,-0.017361,-0.009309,-0.009330,-0.017028,1284.40,14014028800.00,8481
1999-05-26,0.013231,0.013099,-0.000131,-0.000255,0.015852,1304.76,14201212600.00,8490
1999-05-27,-0.013938,-0.014060,-0.003715,-0.003855,-0.017896,1281.41,14003272500.00,8489
1999-05-28,0.014876,0.014868,0.009750,0.009724,0.015943,1301.84,14223575600.00,8487
1999-06-01,-0.007232,-0.007262,-0.002463,-0.002487,-0.005823,1294.26,14109591900.00,8478
1999-06-02,0.001216,0.001032,-0.003758,-0.003849,0.000425,1294.81,14129435500.00,8477
1999-06-03,0.001975,0.001962,0.002388,0.002350,0.003653,1299.54,14158602100.00,8479
1999-06-04,0.019623,0.019608,0.006824,0.006809,0.021708,1327.75,14430004400.00,8482
1999-06-07,0.007281,0.007245,0.007205,0.007186,0.005099,1334.52,14535009300.00,8481
1999-06-08,-0.011830,-0.011872,-0.003323,-0.003373,-0.012881,1317.33,14362234200.00,8476
1999-06-09,0.002111,0.002041,0.002573,0.002403,0.000994,1318.64,14392311800.00,8482
1999-06-10,-0.011097,-0.011114,-0.002141,-0.002174,-0.011997,1302.82,14233665300.00,8480
1999-06-11,-0.007245,-0.007466,-0.001230,-0.001442,-0.007046,1293.64,14123028900.00,8477
1999-06-14,-0.004427,-0.004449,-0.007929,-0.008022,0.000278,1294.00,14060104900.00,8476
1999-06-15,0.004864,0.004857,-0.001653,-0.001669,0.005533,1301.16,14124562100.00,8478
1999-06-16,0.021943,0.021894,0.008698,0.008631,0.022480,1330.41,14434091700.00,8477
1999-06-17,0.007096,0.007052,0.005546,0.005489,0.007133,1339.90,14531742200.00,8475
1999-06-18,0.002578,0.002573,0.004990,0.004973,0.002194,1342.84,14571544100.00,8480
1999-06-21,0.005859,0.005837,0.004624,0.004566,0.004587,1349.00,14655502400.00,8474
1999-06-22,-0.008868,-0.008871,-0.001889,-0.001903,-0.009726,1335.88,14520926900.00,8475
1999-06-23,-0.001549,-0.001568,-0.000424,-0.000461,-0.002111,1333.06,14511556200.00,8474
1999-06-24,-0.012497,-0.012506,-0.002540,-0.002555,-0.012963,1315.78,14319516800.00,8468
1999-06-25,-0.000241,-0.000246,0.002495,0.002474,-0.000357,1315.31,14295641400.00,8468
1999-06-28,0.011682,0.011494,0.006292,0.005919,0.012195,1331.35,14459964900.00,8468
1999-06-29,0.014269,0.014251,0.007706,0.007640,0.015098,1351.45,14668392800.00,8472
1999-06-30,0.016033,0.015969,0.013642,0.013596,0.015731,1372.71,14905813000.00,8474
1999-07-01,0.005640,0.005595,0.003088,0.003050,0.006010,1380.96,14986433300.00,8470
1999-07-02,0.007484,0.007482,0.008048,0.008028,0.007430,1391.22,15097015600.00,8470
1999-07-06,-0.000238,-0.000330,0.003267,0.003247,-0.002228,1388.12,15091442400.00,8465
1999-07-07,0.002208,0.002026,0.000008,-0.000072,0.005576,1395.86,15121275900.00,8464
1999-07-08,0.000070,0.000009,0.002422,0.002369,-0.001032,1394.42,15122047000.00,8459
1999-07-09,0.005734,0.005733,0.006606,0.006596,0.006354,1403.28,15208553200.00,8460
1999-07-12,-0.002063,-0.002070,0.002673,0.002666,-0.002979,1399.10,15172982600.00,8459
1999-07-13,-0.003820,-0.003876,-0.000466,-0.000669,-0.003960,1393.56,15117822300.00,8459
1999-07-14,0.004844,0.004816,0.005844,0.005790,0.003308,1398.17,15195076900.00,8459
1999-07-15,0.008301,0.008291,0.006889,0.006871,0.008189,1409.62,15323421000.00,8454
1999-07-16,0.004596,0.004585,0.002708,0.002669,0.006498,1418.78,15394832700.00,8452
1999-07-19,-0.007754,-0.007769,-0.001196,-0.001214,-0.007845,1407.65,15275277100.00,8452
1999-07-20,-0.021588,-0.021590,-0.011475,-0.011482,-0.021703,1377.10,14965228800.00,8455
1999-07-21,0.002601,0.002547,0.003005,0.002939,0.001590,1379.29,15004768500.00,8454
1999-07-22,-0.012949,-0.012976,-0.004801,-0.004819,-0.013282,1360.97,14801111400.00,8454
1999-07-23,-0.003256,-0.003265,-0.003379,-0.003403,-0.002961,1356.94,14754320100.00,8459
1999-07-26,-0.009941,-0.009942,-0.010428,-0.010441,-0.006765,1347.76,14604844500.00,8452
1999-07-27,0.011276,0.011276,0.003600,0.003592,0.011189,1362.84,14768676400.00,8452
1999-07-28,0.002207,0.002096,0.000978,0.000815,0.001878,1365.40,14802794000.00,8454
1999-07-29,-0.017433,-0.017580,-0.007629,-0.007709,-0.017848,1341.03,14543441400.00,8459
1999-07-30,-0.006751,-0.006759,0.003949,0.003922,-0.009180,1328.72,14475119200.00,8462
1999-08-02,-0.002197,-0.002205,-0.004401,-0.004430,-0.000504,1328.05,14431244000.00,8459
1999-08-03,-0.007221,-0.007254,-0.010620,-0.010689,-0.004420,1322.18,14327616800.00,8460
1999-08-04,-0.014131,-0.014279,-0.012406,-0.012508,-0.012744,1305.33,14123981600.00,8461
1999-08-05,0.005711,0.005638,-0.003646,-0.003681,0.006420,1313.71,14209031400.00,8464
1999-08-06,-0.009767,-0.009809,-0.001697,-0.001745,-0.010215,1300.29,14070548900.00,8467
1999-08-09,-0.003409,-0.003426,-0.003693,-0.003728,-0.001915,1297.80,14022576200.00,8462
1999-08-10,-0.011303,-0.011343,-0.011300,-0.011321,-0.012614,1281.43,13860510200.00,8460
1999-08-11,0.016390,0.016143,0.008748,0.008579,0.015998,1301.93,14089362800.00,8459
1999-08-12,-0.001113,-0.001157,0.003088,0.003009,-0.002896,1298.16,14075205200.00,8459
1999-08-13,0.021934,0.021898,0.009553,0.009526,0.022740,1327.68,14379836400.00,8459
1999-08-16,0.002624,0.002600,0.000883,0.000861,0.002327,1330.77,14427828800.00,8454
1999-08-17,0.009594,0.009582,0.004493,0.004478,0.010062,1344.16,14566706100.00,8455
1999-08-18,-0.007271,-0.007366,-0.001106,-0.001197,-0.008422,1332.84,14459124000.00,8447
1999-08-19,-0.007277,-0.007321,-0.000500,-0.000567,-0.006940,1323.59,14353484700.00,8447
1999-08-20,0.008798,0.008793,0.005398,0.005378,0.009837,1336.61,14481895000.00,8447
1999-08-23,0.017091,0.017079,0.004401,0.004381,0.017664,1360.22,14728624200.00,8446
1999-08-24,0.001877,0.001872,-0.001846,-0.001852,0.002411,1363.50,14755407900.00,8444
1999-08-25,0.011669,0.011604,0.002795,0.002715,0.013414,1381.79,14923470400.00,8442
1999-08-26,-0.011717,-0.011728,-0.001596,-0.001614,-0.014315,1362.01,14748550200.00,8440
1999-08-27,-0.009218,-0.009294,-0.001157,-0.001234,-0.010088,1348.27,14614264100.00,8439
1999-08-30,-0.017294,-0.017403,-0.007599,-0.007677,-0.017986,1324.02,14359515800.00,8435
1999-08-31,-0.001395,-0.001406,0.000720,0.000645,-0.002727,1320.41,14344211900.00,8434
1999-09-01,0.007404,0.007209,0.004410,0.004294,0.008073,1331.07,14444803100.00,8428
1999-09-02,-0.008618,-0.008633,-0.004114,-0.004143,-0.008985,1319.11,14317937800.00,8420
1999-09-03,0.027667,0.027641,0.012706,0.012694,0.028906,1357.24,14713670500.00,8412
1999-09-07,-0.002650,-0.002723,0.001397,0.001378,-0.005003,1350.45,14673472700.00,8409
1999-09-08,-0.004867,-0.004973,-0.001955,-0.002057,-0.004665,1344.15,14600575200.00,8409
1999-09-09,0.003614,0.003605,0.005568,0.005551,0.002611,1347.66,14651454800.00,8404
1999-09-10,0.004422,0.004419,0.006771,0.006744,0.002968,1351.66,14719434300.00,8402
1999-09-13,-0.006065,-0.006289,-0.001343,-0.001543,-0.005571,1344.13,14626683100.00,8400
1999-09-14,-0.005037,-0.005055,-0.002797,-0.002881,-0.005833,1336.29,14553365900.00,8402
1999-09-15,-0.012358,-0.012400,-0.001742,-0.001812,-0.013710,1317.97,14373112800.00,8399
1999-09-16,-0.001897,-0.001954,-0.006423,-0.006484,0.000387,1318.48,14346088900.00,8402
1999-09-17,0.012215,0.012199,0.006227,0.006196,0.012848,1335.42,14522531300.00,8402
1999-09-20,0.000062,0.000042,-0.002586,-0.002643,0.000082,1335.53,14514959700.00,8397
1999-09-21,-0.018888,-0.018891,-0.009968,-0.009984,-0.020928,1307.58,14240458900.00,8392
1999-09-22,0.002863,0.002831,0.001607,0.001556,0.002241,1310.51,14283857700.00,8395
1999-09-23,-0.022383,-0.022389,-0.010753,-0.010766,-0.022968,1280.41,13965639700.00,8393
1999-09-24,-0.002169,-0.002177,-0.005129,-0.005149,-0.002382,1277.36,13944340100.00,8397
1999-09-27,0.004697,0.004692,0.004928,0.004899,0.004658,1283.31,14018060300.00,8396
1999-09-28,-0.002127,-0.002397,-0.006185,-0.006532,-0.000865,1282.20,13994679000.00,8400
1999-09-29,-0.007138,-0.007204,-0.001457,-0.001534,-0.010786,1268.37,13888509500.00,8405
1999-09-30,0.009445,0.009440,0.005630,0.005599,0.011306,1282.71,14060520700.00,8408
1999-10-01,-0.001618,-0.001647,-0.000319,-0.000362,0.000078,1282.81,14024950100.00,8403
1999-10-04,0.016671,0.016643,0.004449,0.004427,0.016986,1304.60,14241162100.00,8397
1999-10-05,-0.000862,-0.000894,-0.002744,-0.002760,-0.002491,1301.35,14229086200.00,8398
1999-10-06,0.017703,0.017556,0.004503,0.004398,0.018481,1325.40,14481174300.00,8403
1999-10-07,-0.004065,-0.004084,0.000113,0.000081,-0.005855,1317.64,14422214100.00,8403
1999-10-08,0.010614,0.010611,0.003077,0.003054,0.013949,1336.02,14577974800.00,8407
1999-10-11,0.002385,0.002385,0.002780,0.002780,-0.000606,1335.21,14536076600.00,8405
1999-10-12,-0.016319,-0.016328,-0.006387,-0.006414,-0.016604,1313.04,14298893700.00,8402
1999-10-13,-0.020044,-0.020135,-0.009734,-0.009923,-0.020936,1285.55,14010018900.00,8400
1999-10-14,-0.000716,-0.000724,-0.001013,-0.001036,-0.001657,1283.42,14000678100.00,8402
1999-10-15,-0.025649,-0.025650,-0.013602,-0.013616,-0.028058,1247.41,13644740800.00,8407
1999-10-18,0.000193,0.000177,-0.009485,-0.009519,0.005387,1254.13,13642389600.00,8401
1999-10-19,0.007499,0.007495,0.004566,0.004547,0.005733,1261.32,13745504900.00,8407
1999-10-20,0.018696,0.018638,0.006740,0.006662,0.022286,1289.43,14004673000.00,8409
1999-10-21,-0.001277,-0.001304,-0.003532,-0.003554,-0.004514,1283.61,13987209700.00,8408
1999-10-22,0.013604,0.013591,0.008330,0.008313,0.014054,1301.65,14192958900.00,8408
1999-10-25,-0.003904,-0.003906,-0.001813,-0.001823,-0.006161,1293.63,14137317200.00,8405
1999-10-26,-0.008070,-0.008077,-0.000308,-0.000322,-0.009060,1281.91,14020157900.00,8408
1999-10-27,0.008210,0.008095,0.001862,0.001585,0.011545,1296.71,14137187900.00,8412
1999-10-28,0.032519,0.032357,0.010170,0.010063,0.035266,1342.44,14594521100.00,8411
1999-10-29,0.017001,0.016993,0.010010,0.009993,0.015263,1362.93,15001763900.00,8414
1999-11-01,-0.003595,-0.003605,0.002797,0.002774,-0.006464,1354.12,14946092500.00,8406
1999-11-02,-0.002780,-0.002793,0.004907,0.004877,-0.004712,1347.74,14904917800.00,8402
1999-11-03,0.007196,0.007054,0.008963,0.008816,0.005335,1354.93,15007988700.00,8401
1999-11-04,0.006528,0.006508,0.004602,0.004565,0.005690,1362.64,15105891300.00,8400
1999-11-05,0.007391,0.007376,0.004939,0.004914,0.005570,1370.23,15234441700.00,8402
1999-11-08,0.006052,0.005963,0.005562,0.005494,0.004948,1377.01,15339448300.00,8397
1999-11-09,-0.007049,-0.007217,0.002203,0.002128,-0.008518,1365.28,15236327200.00,8398
1999-11-10,0.005549,0.005438,0.006086,0.005905,0.005991,1373.46,15339057600.00,8402
1999-11-11,0.004386,0.004386,0.004146,0.004146,0.005825,1381.46,15410192200.00,8402
1999-11-12,0.010538,0.010462,0.006686,0.006644,0.010569,1396.06,15578613000.00,8405
1999-11-15,0.001310,0.001290,0.008944,0.008917,-0.001196,1394.39,15594825500.00,8395
1999-11-16,0.018093,0.018055,0.009967,0.009947,0.018417,1420.07,15871599800.00,8394
1999-11-17,-0.006000,-0.006120,0.003994,0.003907,-0.006591,1410.71,15782402300.00,8394
1999-11-18,0.011246,0.011193,0.009888,0.009723,0.010087,1424.94,15983851100.00,8397
1999-11-19,-0.000821,-0.000823,0.002456,0.002436,-0.002063,1422.00,15976619400.00,8403
1999-11-22,-0.000096,-0.000109,0.001712,0.001682,-0.000745,1420.94,15971487000.00,8397
1999-11-23,-0.012340,-0.012380,-0.007774,-0.007833,-0.011471,1404.64,15780536600.00,8405
1999-11-24,0.008769,0.008761,0.005867,0.005847,0.008856,1417.08,15912102200.00,8398
1999-11-26,0.002840,0.002767,0.010904,0.010778,-0.000325,1416.62,15954843800.00,8395
1999-11-29,-0.006324,-0.006461,-0.000637,-0.000739,-0.006205,1407.83,15852559800.00,8395
1999-11-30,-0.013074,-0.013090,-0.000749,-0.000872,-0.013439,1388.91,15657011900.00,8392
1999-12-01,0.005045,0.004860,0.002382,0.002219,0.006343,1397.72,15646545400.00,8384
1999-12-02,0.011141,0.011131,0.006954,0.006918,0.008099,1409.04,15807520600.00,8384
1999-12-03,0.015814,0.015812,0.005111,0.005088,0.017217,1433.30,16055364400.00,8380
1999-12-06,-0.003118,-0.003135,-0.000071,-0.000082,-0.006956,1423.33,16006410600.00,8378
1999-12-07,-0.003852,-0.003875,0.000710,0.000690,-0.009949,1409.17,15945995200.00,8380
1999-12-08,-0.000920,-0.001021,0.004663,0.004559,-0.003754,1403.88,15926116400.00,8384
1999-12-09,0.001666,0.001647,-0.000433,-0.000463,0.003013,1408.11,15961030400.00,8382
1999-12-10,0.005711,0.005701,0.008035,0.007979,0.006342,1417.04,16066710400.00,8391
1999-12-13,0.000994,0.000808,0.005208,0.004971,-0.001284,1415.22,16078458300.00,8389
1999-12-14,-0.012647,-0.012667,-0.007070,-0.007166,-0.008515,1403.17,15877790600.00,8389
1999-12-15,0.005367,0.005320,-0.001476,-0.001593,0.007234,1413.32,15964188300.00,8390
1999-12-16,0.006939,0.006887,0.005041,0.004961,0.003863,1418.78,16084482900.00,8388
1999-12-17,0.003046,0.003028,0.002892,0.002834,0.001586,1421.03,16135458600.00,8392
1999-12-20,-0.000494,-0.000520,-0.001274,-0.001330,-0.002069,1418.09,16127077900.00,8387
1999-12-21,0.015016,0.014994,0.005575,0.005469,0.010817,1433.43,16365258200.00,8383
1999-12-22,0.003220,0.003124,0.002591,0.002546,0.001884,1436.13,16415764400.00,8373
1999-12-23,0.013459,0.013450,0.009816,0.009792,0.015465,1458.34,16635021200.00,8370
1999-12-27,-0.000479,-0.000491,-0.002166,-0.002251,-0.000850,1457.10,16627137900.00,8368
1999-12-28,0.001559,0.001538,0.004906,0.004788,0.000384,1457.66,16652568400.00,8367
1999-12-29,0.006572,0.006405,0.014143,0.013706,0.003979,1463.46,16759202900.00,8368
1999-12-30,0.000829,0.000807,0.005270,0.005220,0.000690,1464.47,16772582600.00,8366
1999-12-31,0.006200,0.006190,0.016778,0.016736,0.003264,1469.25,17021360300.00,8361
2000-01-03,-0.006803,-0.006810,0.002878,0.002860,-0.009549,1455.22,16897673600.00,8358
2000-01-04,-0.039652,-0.039679,-0.017465,-0.017486,-0.038345,1399.42,16228867700.00,8359
2000-01-05,-0.000935,-0.001009,0.007821,0.007743,0.001922,1402.11,16212787400.00,8360
2000-01-06,-0.007391,-0.007547,0.004504,0.004453,0.000956,1403.45,16089055800.00,8358
2000-01-07,0.032516,0.032514,0.017008,0.016991,0.027090,1441.47,16610768100.00,8353
2000-01-10,0.018608,0.018588,0.015333,0.015316,0.011190,1457.60,16916973800.00,8348
2000-01-11,-0.016941,-0.016963,-0.006079,-0.006089,-0.013063,1438.56,16630339800.00,8348
2000-01-12,-0.006922,-0.006989,-0.002505,-0.002685,-0.004386,1432.25,16508954200.00,8343
2000-01-13,0.016265,0.016254,0.013063,0.012991,0.012170,1449.68,16775841600.00,8340
2000-01-14,0.011137,0.011135,0.009119,0.009105,0.010671,1465.15,16961454700.00,8339
2000-01-18,-0.000860,-0.000872,0.012040,0.012003,-0.006832,1455.14,16943212600.00,8335
2000-01-19,0.004631,0.004597,0.008125,0.008104,0.000522,1455.90,17021064100.00,8333
2000-01-20,-0.002801,-0.002810,0.003468,0.003447,-0.007095,1445.57,16977549700.00,8328
2000-01-21,0.002655,0.002643,0.008277,0.008257,-0.002912,1441.36,17021773400.00,8325
2000-01-24,-0.025311,-0.025318,-0.002527,-0.002542,-0.027634,1401.53,16592427200.00,8323
2000-01-25,0.005547,0.005546,0.000870,0.000862,0.006065,1410.03,16685399900.00,8324
2000-01-26,-0.004530,-0.004563,0.003851,0.003789,-0.004213,1404.09,16609942300.00,8326
2000-01-27,-0.003521,-0.003599,-0.002202,-0.002345,-0.003938,1398.56,16557657200.00,8328
2000-01-28,-0.028051,-0.028136,-0.015015,-0.015087,-0.027457,1360.16,16100778500.00,8329
2000-01-31,0.014744,0.014739,-0.005371,-0.005389,0.025218,1394.46,16340205000.00,8323
2000-02-01,0.012300,0.012295,0.008028,0.007982,0.010628,1409.28,16548829200.00,8324
2000-02-02,0.003106,0.003003,0.008154,0.007989,-0.000114,1409.12,16595590100.00,8316
2000-02-03,0.015598,0.015524,0.013512,0.013458,0.011248,1424.97,16855527400.00,8318
2000-02-04,0.001022,0.000995,0.006727,0.006689,-0.000421,1424.37,16891709100.00,8325
2000-02-07,0.003075,0.003055,0.009064,0.009037,-0.000091,1424.24,16937609100.00,8310
2000-02-08,0.012724,0.012667,0.009960,0.009903,0.012273,1441.72,17155908400.00,8314
2000-02-09,-0.017185,-0.017356,-0.001750,-0.001833,-0.020822,1411.70,16861021000.00,8312
2000-02-10,0.006488,0.006473,0.007364,0.007310,0.003634,1416.83,16977584100.00,8318
2000-02-11,-0.017335,-0.017434,-0.001085,-0.001261,-0.020969,1387.12,16697407400.00,8322
2000-02-14,0.002672,0.002639,0.007272,0.007237,0.002033,1389.94,16743684700.00,8321
2000-02-15,0.007370,0.007358,0.001399,0.001347,0.008713,1402.05,16868718900.00,8326
2000-02-16,-0.005260,-0.005403,0.004001,0.003929,-0.010256,1387.67,16778233000.00,8324
2000-02-17,0.005036,0.005021,0.010399,0.010349,0.000425,1388.26,16865246800.00,8328
2000-02-18,-0.026050,-0.026051,-0.006761,-0.006770,-0.030376,1346.09,16431783600.00,8327
2000-02-22,0.000556,0.000536,-0.000437,-0.000464,0.004517,1352.17,16440311300.00,8325
2000-02-23,0.012353,0.012283,0.005510,0.005437,0.006301,1360.69,16646701500.00,8323
2000-02-24,-0.000378,-0.000402,-0.001434,-0.001465,-0.005336,1353.43,16640271200.00,8323
2000-02-25,-0.009546,-0.009615,0.000961,0.000864,-0.014829,1333.36,16491155600.00,8329
2000-02-28,0.007756,0.007648,0.006148,0.006051,0.011017,1348.05,16610628900.00,8324
2000-02-29,0.019138,0.019133,0.018831,0.018815,0.013627,1366.42,17004680400.00,8327
2000-03-01,0.014596,0.014429,0.014015,0.013890,0.009346,1379.19,17260559500.00,8320
2000-03-02,-0.000614,-0.000632,0.004548,0.004510,0.001863,1381.76,17276202200.00,8320
2000-03-03,0.022590,0.022585,0.014351,0.014340,0.019837,1409.17,17691607600.00,8320
2000-03-06,-0.006612,-0.006690,0.004817,0.004797,-0.012695,1391.28,17575912900.00,8308
2000-03-07,-0.021824,-0.021848,-0.005020,-0.005046,-0.025631,1355.62,17193192500.00,8306
2000-03-08,0.006478,0.006372,0.001191,0.001039,0.008173,1366.70,17304220400.00,8303
2000-03-09,0.023977,0.023957,0.013048,0.013015,0.025602,1401.69,17719384100.00,8303
2000-03-10,-0.002837,-0.002841,0.000308,0.000278,-0.004723,1395.07,17679994000.00,8306
2000-03-13,-0.014556,-0.014676,-0.008059,-0.008326,-0.008207,1383.62,17435538000.00,8305
2000-03-14,-0.022405,-0.022420,-0.012365,-0.012394,-0.017686,1359.15,17048650800.00,8305
2000-03-15,0.006799,0.006755,-0.005430,-0.005586,0.024280,1392.15,17168299300.00,8309
2000-03-16,0.041149,0.041039,0.015255,0.015190,0.047639,1458.47,17869831000.00,8311
2000-03-17,0.006478,0.006472,0.003703,0.003685,0.004114,1464.47,17998267200.00,8310
2000-03-20,-0.016474,-0.016488,-0.014640,-0.014664,-0.005353,1456.63,17703667700.00,8309
2000-03-21,0.019027,0.019026,-0.004312,-0.004323,0.025566,1493.87,18043794200.00,8309
2000-03-22,0.013567,0.013549,0.012681,0.012625,0.004532,1500.64,18292896100.00,8308
2000-03-23,0.014405,0.014400,0.006424,0.006406,0.017799,1527.35,18554753000.00,8306
2000-03-24,0.002147,0.002141,0.001122,0.001094,0.000072,1527.46,18634251200.00,8310
2000-03-27,-0.003358,-0.003359,-0.002379,-0.002392,-0.002357,1523.86,18578249600.00,8306
2000-03-28,-0.013168,-0.013177,-0.008854,-0.008891,-0.010585,1507.73,18339530900.00,8312
2000-03-29,-0.010693,-0.010854,-0.013118,-0.013530,0.000524,1508.52,18144267700.00,8313
2000-03-30,-0.018181,-0.018199,-0.017729,-0.017784,-0.013656,1487.92,17814439100.00,8309
2000-03-31,0.012111,0.012109,0.013089,0.013071,0.007164,1498.58,18167521500.00,8309
2000-04-03,-0.017206,-0.017221,-0.023610,-0.023665,0.004931,1505.97,17859370200.00,8305
2000-04-04,-0.012824,-0.012849,-0.028033,-0.028052,-0.007464,1494.73,17627663800.00,8301
2000-04-05,0.001060,0.001002,0.008262,0.008175,-0.004924,1487.37,17661161000.00,8307
2000-04-06,0.015859,0.015722,0.019032,0.018964,0.009392,1501.34,17940080600.00,8310
2000-04-07,0.014535,0.014533,0.013005,0.012985,0.009998,1516.35,18209646100.00,8319
2000-04-10,-0.019337,-0.019338,-0.016988,-0.016996,-0.007841,1504.46,17856824900.00,8316
2000-04-11,-0.010238,-0.010277,-0.015836,-0.015869,-0.002572,1500.59,17674613000.00,8316
2000-04-12,-0.029996,-0.030076,-0.027053,-0.027253,-0.022271,1467.17,17143844700.00,8316
2000-04-13,-0.017135,-0.017142,-0.015751,-0.015829,-0.018171,1440.51,16849143800.00,8315
2000-04-14,-0.066175,-0.066176,-0.063522,-0.063568,-0.058278,1356.56,15734323200.00,8315
2000-04-17,0.029299,0.029297,-0.009437,-0.009465,0.033084,1401.44,16195599600.00,8315
2000-04-18,0.038392,0.038346,0.048394,0.048331,0.028663,1441.61,16790077600.00,8315
2000-04-19,-0.007378,-0.007418,0.011476,0.011437,-0.009808,1427.47,16667029800.00,8317
2000-04-20,0.000561,0.000417,0.003050,0.003022,0.004953,1434.54,16687299200.00,8320
2000-04-24,-0.010579,-0.010585,-0.017588,-0.017603,-0.003262,1429.86,16508743400.00,8317
2000-04-25,0.038638,0.038637,0.023633,0.023617,0.033276,1477.44,17176875300.00,8320
2000-04-26,-0.011333,-0.011418,-0.002105,-0.002333,-0.011134,1460.99,16981508300.00,8323
2000-04-27,0.007165,0.007071,0.004455,0.004361,0.002690,1464.92,17112448800.00,8325
2000-04-28,0.000973,0.000928,0.014912,0.014863,-0.008526,1452.43,17157422400.00,8326
2000-05-01,0.015141,0.015136,0.018069,0.018021,0.010892,1468.25,17420188300.00,8324
2000-05-02,-0.019366,-0.019378,-0.008385,-0.008446,-0.014957,1446.29,17084793100.00,8325
2000-05-03,-0.021067,-0.021171,-0.014453,-0.014577,-0.021566,1415.10,16721159300.00,8323
2000-05-04,0.000882,0.000845,0.006214,0.006134,-0.003908,1409.57,16736693600.00,8317
2000-05-05,0.015485,0.015475,0.008431,0.008391,0.016360,1432.63,17001258900.00,8322
2000-05-08,-0.010190,-0.010269,-0.006955,-0.007025,-0.005905,1424.17,16828639700.00,8318
2000-05-09,-0.011781,-0.011824,-0.010127,-0.010152,-0.008447,1412.14,16577359800.00,8316
2000-05-10,-0.026778,-0.026885,-0.023453,-0.023574,-0.020600,1383.05,16135738300.00,8321
2000-05-11,0.020429,0.020251,0.013091,0.012885,0.017903,1407.81,16462397800.00,8319
2000-05-12,0.008521,0.008497,0.004587,0.004510,0.009341,1420.96,16602483000.00,8318
2000-05-15,0.020691,0.020667,0.004772,0.004739,0.022098,1452.36,16944943300.00,8314
2000-05-16,0.013807,0.013793,0.008270,0.008243,0.009419,1466.04,17232011800.00,8315
2000-05-17,-0.013413,-0.013492,-0.006210,-0.006278,-0.012442,1447.80,16999649500.00,8310
2000-05-18,-0.010467,-0.010508,-0.005720,-0.005766,-0.007315,1437.21,16825794200.00,8313
2000-05-19,-0.024081,-0.024109,-0.015357,-0.015384,-0.021055,1406.95,16421783000.00,8315
2000-05-22,-0.007917,-0.007920,-0.015313,-0.015344,-0.004428,1400.72,16291585500.00,8313
2000-05-23,-0.023379,-0.023394,-0.014364,-0.014403,-0.019176,1373.86,15911778300.00,8317
2000-05-24,0.015412,0.015360,-0.008830,-0.008955,0.018335,1399.05,16157399700.00,8321
2000-05-25,-0.011616,-0.011642,-0.005172,-0.005231,-0.012530,1381.52,15963558100.00,8322
2000-05-26,-0.001787,-0.001861,-0.002730,-0.002836,-0.002533,1378.02,15937574100.00,8330
2000-05-30,0.037875,0.037791,0.021615,0.021529,0.032242,1422.45,16540333400.00,8332
2000-05-31,-0.001740,-0.001893,0.002846,0.002774,-0.001301,1420.60,16506658600.00,8331
2000-06-01,0.025195,0.025170,0.019431,0.019359,0.019858,1448.81,16929404300.00,8332
2000-06-02,0.029096,0.029094,0.030798,0.030783,0.019637,1477.26,17424725000.00,8332
2000-06-05,-0.003705,-0.003717,0.007911,0.007895,-0.006519,1467.63,17330867100.00,8326
2000-06-06,-0.007927,-0.007937,0.002692,0.002675,-0.006671,1457.84,17194860200.00,8328
2000-06-07,0.011114,0.011005,0.008724,0.008587,0.009274,1471.36,17387149300.00,8331
2000-06-08,-0.005120,-0.005147,0.001024,0.000979,-0.006586,1461.67,17298290000.00,8328
2000-06-09,0.001025,0.001023,0.010069,0.010046,-0.003229,1456.95,17316995000.00,8326
2000-06-12,-0.011024,-0.011039,-0.006039,-0.006068,-0.007516,1446.00,17125667100.00,8320
2000-06-13,0.014502,0.014366,0.002502,0.002268,0.016210,1469.44,17371690100.00,8321
2000-06-14,-0.000844,-0.000888,0.000553,0.000446,0.000749,1470.54,17357206200.00,8322
2000-06-15,0.004970,0.004962,-0.002757,-0.002815,0.005569,1478.73,17399019900.00,8316
2000-06-16,-0.006716,-0.006803,-0.001281,-0.001343,-0.009650,1464.46,17278041000.00,8323
2000-06-19,0.016156,0.016139,0.003178,0.003131,0.014709,1486.00,17554523800.00,8314
2000-06-20,-0.002430,-0.002434,-0.000029,-0.000050,-0.006763,1475.95,17502864600.00,8306
2000-06-21,0.003636,0.003624,0.003102,0.003060,0.002155,1479.13,17565092100.00,8309
2000-06-22,-0.018904,-0.018932,-0.006828,-0.006858,-0.018220,1452.18,17232956600.00,8308
2000-06-23,-0.009194,-0.009197,-0.002647,-0.002660,-0.007368,1441.48,17080878900.00,8315
2000-06-26,0.009773,0.009766,0.003297,0.003285,0.009594,1455.31,17263391000.00,8313
2000-06-27,-0.005300,-0.005301,-0.002669,-0.002689,-0.003271,1450.55,17178160800.00,8319
2000-06-28,0.007521,0.007349,0.009500,0.009075,0.002944,1454.82,17302645100.00,8320
2000-06-29,-0.006933,-0.006942,-0.001189,-0.001233,-0.008544,1442.39,17193783900.00,8323
2000-06-30,0.007400,0.007380,0.003372,0.003330,0.008465,1454.60,17407069100.00,8328
2000-07-03,0.010019,0.009980,0.009012,0.008857,0.010271,1469.54,17565567600.00,8317
2000-07-05,-0.015790,-0.015988,-0.006561,-0.006642,-0.015862,1446.23,17285577700.00,8317
2000-07-06,0.008412,0.008317,0.004416,0.004349,0.007219,1456.67,17423173600.00,8316
2000-07-07,0.014433,0.014421,0.005068,0.005057,0.015261,1478.90,17673485600.00,8314
2000-07-10,-0.001199,-0.001201,0.002205,0.002189,-0.002218,1475.62,17652751200.00,8315
2000-07-11,0.002003,0.001978,0.000474,0.000465,0.003565,1480.88,17688580400.00,8318
2000-07-12,0.013264,0.013195,0.011108,0.010830,0.008130,1492.92,17922787100.00,8319
2000-07-13,0.005768,0.005744,0.004407,0.004301,0.001956,1495.84,18021437400.00,8325
2000-07-14,0.009675,0.009673,0.006723,0.006707,0.009453,1509.98,18196784300.00,8324
2000-07-17,0.001402,0.001401,0.005166,0.005161,0.000338,1510.49,18217920000.00,8319
2000-07-18,-0.012818,-0.012829,-0.004605,-0.004640,-0.011089,1493.74,17987245300.00,8319
2000-07-19,-0.011338,-0.011378,-0.006790,-0.006847,-0.007886,1481.96,17783635800.00,8318
2000-07-20,0.013250,0.013240,0.004779,0.004743,0.009184,1495.57,18020893300.00,8320
2000-07-21,-0.011642,-0.011651,-0.008244,-0.008264,-0.010284,1480.19,17812482900.00,8322
2000-07-24,-0.013586,-0.013625,-0.009734,-0.009746,-0.010742,1464.29,17570941200.00,8323
2000-07-25,0.005435,0.005430,-0.001802,-0.001815,0.006952,1474.47,17671499100.00,8325
2000-07-26,-0.011710,-0.011726,-0.004929,-0.004972,-0.014955,1452.42,17464914600.00,8324
2000-07-27,-0.009848,-0.009935,-0.013482,-0.013647,-0.001928,1449.62,17311541900.00,8328
2000-07-28,-0.023334,-0.023375,-0.016312,-0.016381,-0.020509,1419.89,16928383400.00,8346
2000-07-31,0.010123,0.010115,0.007200,0.007184,0.007705,1430.83,17110321900.00,8342
2000-08-01,0.001448,0.001443,-0.003007,-0.003032,0.005081,1438.10,17138704400.00,8347
2000-08-02,0.000690,0.000603,0.000405,0.000290,0.000417,1438.70,17150797000.00,8346
2000-08-03,0.010131,0.010046,-0.001755,-0.001820,0.009634,1452.56,17320673100.00,8353
2000-08-04,0.009086,0.009069,0.008054,0.008035,0.007139,1462.93,17482337400.00,8357
2000-08-07,0.012497,0.012483,0.006597,0.006562,0.011204,1479.32,17699138400.00,8357
2000-08-08,0.001074,0.001006,0.000142,0.000073,0.002352,1482.80,17721546700.00,8361
2000-08-09,-0.005173,-0.005259,-0.000003,-0.000091,-0.006697,1472.87,17643546600.00,8370
2000-08-10,-0.009367,-0.009472,-0.004763,-0.004799,-0.008568,1460.25,17480443100.00,8379
2000-08-11,0.008345,0.008276,0.006001,0.005837,0.007937,1471.84,17626934600.00,8381
2000-08-14,0.012661,0.012627,0.005695,0.005658,0.013398,1491.56,17849309600.00,8372
2000-08-15,-0.003819,-0.003825,-0.001372,-0.001395,-0.004780,1484.43,17782094200.00,8375
2000-08-16,-0.001037,-0.001141,0.002054,0.001935,-0.003085,1479.85,17761703600.00,8372
2000-08-17,0.011605,0.011593,0.005199,0.005166,0.010961,1496.07,17968276400.00,8375
2000-08-18,-0.002649,-0.002680,0.001255,0.001236,-0.002908,1491.72,17924894700.00,8381
2000-08-21,0.003793,0.003775,0.002064,0.002033,0.005202,1499.48,17993338800.00,8380
2000-08-22,0.000292,0.000290,0.002023,0.002016,-0.000900,1498.13,17998909500.00,8381
2000-08-23,0.005030,0.004965,0.002525,0.002453,0.005233,1505.97,18088686700.00,8380
2000-08-24,0.003506,0.003495,0.005380,0.005335,0.001554,1508.31,18150565900.00,8376
2000-08-25,0.000084,0.000075,0.005936,0.005924,-0.001233,1506.45,18150757800.00,8373
2000-08-28,0.004815,0.004804,0.005076,0.005069,0.005072,1514.09,18238593300.00,8373
2000-08-29,-0.000658,-0.000725,0.004756,0.004671,-0.002807,1509.84,18224540400.00,8368
2000-08-30,-0.000758,-0.000973,0.005594,0.005451,-0.004802,1502.59,18209857400.00,8366
2000-08-31,0.011971,0.011957,0.011379,0.011342,0.010043,1517.68,18440721600.00,8362
2000-09-01,0.004986,0.004971,0.007552,0.007526,0.002036,1520.77,18528475900.00,8352
2000-09-05,-0.008874,-0.008877,-0.000066,-0.000114,-0.009002,1507.08,18358007400.00,8345
2000-09-06,-0.012165,-0.012250,-0.001757,-0.001860,-0.009840,1492.25,18132833400.00,8345
2000-09-07,0.007519,0.007490,0.006189,0.006144,0.006876,1502.51,18271191100.00,8338
2000-09-08,-0.008837,-0.008844,-0.005485,-0.005516,-0.005331,1494.50,18116165700.00,8335
2000-09-11,-0.004717,-0.004726,-0.003390,-0.003403,-0.003506,1489.26,18024463900.00,8325
2000-09-12,-0.005147,-0.005162,-0.002043,-0.002066,-0.004882,1481.99,17933265000.00,8327
2000-09-13,0.003437,0.003222,0.000306,0.000014,0.001970,1484.91,17990213000.00,8326
2000-09-14,0.001404,0.001375,0.004782,0.004706,-0.002721,1480.87,18012589700.00,8323
2000-09-15,-0.011252,-0.011259,-0.005812,-0.005836,-0.010170,1465.81,17809336200.00,8321
2000-09-18,-0.018459,-0.018481,-0.018946,-0.018986,-0.014531,1444.51,17472658500.00,8320
2000-09-19,0.012571,0.012567,0.003351,0.003340,0.010654,1459.90,17692337700.00,8321
2000-09-20,-0.004483,-0.004507,-0.005825,-0.005876,-0.005863,1451.34,17648860000.00,8320
2000-09-21,-0.005631,-0.005652,-0.006886,-0.006923,-0.001578,1449.05,17550604600.00,8319
2000-09-22,0.004009,0.004005,-0.002141,-0.002157,-0.000228,1448.72,17615560500.00,8321
2000-09-25,-0.004854,-0.004857,-0.004162,-0.004169,-0.006689,1439.03,17529764900.00,8317
2000-09-26,-0.009139,-0.009149,-0.009678,-0.009696,-0.008214,1427.21,17379746400.00,8320
2000-09-27,-0.002495,-0.002670,-0.007020,-0.007398,-0.000448,1426.57,17343061100.00,8324
2000-09-28,0.022718,0.022709,0.014475,0.014435,0.022235,1458.29,17738479600.00,8327
2000-09-29,-0.012354,-0.012434,0.000786,0.000774,-0.014935,1436.51,17569497100.00,8343
2000-10-02,-0.005967,-0.005977,-0.011865,-0.011900,-0.000195,1436.23,17461566100.00,8330
2000-10-03,-0.012101,-0.012123,-0.009384,-0.009437,-0.006803,1426.46,17252247500.00,8326
2000-10-04,0.006403,0.006290,-0.001517,-0.001615,0.005510,1434.32,17361676500.00,8323
2000-10-05,-0.001192,-0.001331,-0.005790,-0.005834,0.001367,1436.28,17323096600.00,8322
2000-10-06,-0.021603,-0.021605,-0.017421,-0.017436,-0.019001,1408.99,16942781200.00,8321
2000-10-09,-0.003434,-0.003434,-0.005917,-0.005917,-0.004940,1402.03,16882825600.00,8315
2000-10-10,-0.014331,-0.014365,-0.011671,-0.011691,-0.010706,1387.02,16640495400.00,8317
2000-10-11,-0.017175,-0.017234,-0.017667,-0.017825,-0.016171,1364.59,16354155200.00,8318
2000-10-12,-0.027423,-0.027452,-0.020794,-0.020884,-0.025510,1329.78,15906101600.00,8318
2000-10-13,0.038630,0.038620,0.021598,0.021535,0.033382,1374.17,16520738600.00,8315
2000-10-16,0.002233,0.002233,0.002151,0.002134,0.000327,1374.62,16557618500.00,8311
2000-10-17,-0.019825,-0.019828,-0.018506,-0.018521,-0.017932,1349.97,16233069500.00,8309
2000-10-18,-0.008593,-0.008648,-0.011103,-0.011162,-0.005808,1342.13,16097427700.00,8304
2000-10-19,0.037020,0.037007,0.025743,0.025726,0.034743,1388.76,16693043900.00,8302
2000-10-20,0.009775,0.009772,0.013472,0.013450,0.005883,1396.93,16856919400.00,8300
2000-10-23,0.000144,0.000133,0.006074,0.006062,-0.000823,1395.78,16849458100.00,8299
2000-10-24,-0.000980,-0.000989,0.001383,0.001362,0.001684,1398.13,16832924600.00,8298
2000-10-25,-0.027450,-0.027468,-0.015678,-0.015712,-0.023768,1364.90,16368928600.00,8295
2000-10-26,0.000603,0.000592,0.000763,0.000723,-0.000337,1364.44,16375633300.00,8293
2000-10-27,0.008625,0.008549,0.005739,0.005553,0.011096,1379.58,16523652500.00,8295
2000-10-30,0.006715,0.006636,-0.000126,-0.000205,0.013830,1398.66,16629144100.00,8291
2000-10-31,0.028395,0.028387,0.021840,0.021818,0.021978,1429.40,17122488000.00,8286
2000-11-01,-0.004313,-0.004411,0.001620,0.001484,-0.005723,1421.22,17047497100.00,8279
2000-11-02,0.010034,0.009967,0.014672,0.014616,0.004996,1428.32,17209995400.00,8281
2000-11-03,0.000548,0.000525,0.004919,0.004903,-0.001141,1426.69,17209426200.00,8279
2000-11-06,0.001272,0.001246,0.000191,0.000148,0.003855,1432.19,17223556100.00,8274
2000-11-07,-0.000987,-0.001006,0.001529,0.001511,-0.000223,1431.87,17214387900.00,8272
2000-11-08,-0.018907,-0.018995,-0.009612,-0.009720,-0.015777,1409.28,16886668700.00,8268
2000-11-09,-0.009808,-0.009944,-0.011622,-0.011645,-0.006486,1400.14,16723335700.00,8266
2000-11-10,-0.026389,-0.026402,-0.017458,-0.017499,-0.024398,1365.98,16283075700.00,8260
2000-11-13,-0.013356,-0.013460,-0.012691,-0.012860,-0.010776,1351.26,16064800300.00,8258
2000-11-14,0.026070,0.026018,0.015999,0.015964,0.023452,1382.95,16483375400.00,8252
2000-11-15,0.005432,0.005320,-0.000117,-0.000191,0.004960,1389.81,16571651700.00,8251
2000-11-16,-0.016411,-0.016453,-0.013760,-0.013880,-0.012585,1372.32,16299525900.00,8249
2000-11-17,-0.004486,-0.004526,-0.001538,-0.001567,-0.003352,1367.72,16223739400.00,8247
2000-11-20,-0.023896,-0.023907,-0.020682,-0.020739,-0.018352,1342.62,15829147000.00,8243
2000-11-21,0.000294,0.000231,-0.011470,-0.011535,0.003523,1347.35,15832968700.00,8238
2000-11-22,-0.020858,-0.020868,-0.019105,-0.019123,-0.018548,1322.36,15491367500.00,8233
2000-11-24,0.021101,0.021090,0.020302,0.020294,0.014678,1341.77,15817236100.00,8231
2000-11-27,0.003675,0.003667,-0.004631,-0.004667,0.005366,1348.97,15875137600.00,8229
2000-11-28,-0.016877,-0.016968,-0.022906,-0.022997,-0.009548,1336.09,15598533600.00,8227
2000-11-29,0.000640,0.000405,-0.013996,-0.014142,0.004371,1341.93,15603288600.00,8225
2000-11-30,-0.019168,-0.019176,-0.019429,-0.019460,-0.020105,1314.95,15331761300.00,8216
2000-12-01,0.006217,0.006213,0.018330,0.018295,0.000213,1315.23,15420968700.00,8210
2000-12-04,0.003689,0.003682,-0.010946,-0.010971,0.007406,1324.97,15476187000.00,8199
2000-12-05,0.045360,0.045349,0.027516,0.027498,0.038922,1376.54,16177828300.00,8197
2000-12-06,-0.016468,-0.016638,-0.007808,-0.007929,-0.018220,1351.46,15909156600.00,8195
2000-12-07,-0.005876,-0.005914,-0.007394,-0.007437,-0.005853,1343.55,15813618800.00,8191
2000-12-08,0.028504,0.028491,0.025983,0.025949,0.019605,1369.89,16267082700.00,8191
2000-12-11,0.011986,0.011975,0.012066,0.012037,0.007526,1380.20,16438682200.00,8186
2000-12-12,-0.010891,-0.010906,-0.006372,-0.006410,-0.006535,1371.18,16244812300.00,8186
2000-12-13,-0.011568,-0.011790,-0.006033,-0.006395,-0.008161,1359.99,16052182400.00,8184
2000-12-14,-0.016984,-0.017002,-0.013284,-0.013344,-0.014015,1340.93,15773519000.00,8178
2000-12-15,-0.017778,-0.017795,-0.010913,-0.010938,-0.021463,1312.15,15493271500.00,8174
2000-12-18,0.005421,0.005371,-0.009959,-0.010125,0.008071,1322.74,15576181500.00,8168
2000-12-19,-0.015778,-0.015792,-0.014540,-0.014612,-0.012958,1305.60,15329376100.00,8165
2000-12-20,-0.035199,-0.035254,-0.037619,-0.037749,-0.031296,1264.74,14788352000.00,8161
2000-12-21,0.005463,0.005451,-0.005028,-0.005065,0.008002,1274.86,14868069800.00,8157
2000-12-22,0.030144,0.030141,0.026260,0.026251,0.024403,1305.97,15316260000.00,8155
2000-12-26,0.005523,0.005514,-0.005792,-0.005825,0.007060,1315.19,15400284800.00,8151
2000-12-27,0.013911,0.013651,0.010869,0.010335,0.010440,1328.92,15610426900.00,8147
2000-12-28,0.009406,0.009377,0.022114,0.022075,0.003988,1334.22,15756398100.00,8144
2000-12-29,-0.011225,-0.011230,0.016053,0.016010,-0.010448,1320.28,15626925600.00,8133
2001-01-02,-0.034230,-0.034236,-0.001135,-0.001155,-0.028032,1283.27,15095862700.00,8117
2001-01-03,0.053170,0.053060,0.046223,0.046158,0.050099,1347.56,15870725200.00,8115
2001-01-04,-0.011674,-0.011700,0.011358,0.011317,-0.010552,1333.34,15685173800.00,8112
2001-01-05,-0.028909,-0.028914,-0.008606,-0.008625,-0.026242,1298.35,15230910600.00,8108
2001-01-08,-0.003410,-0.003574,-0.005051,-0.005081,-0.001918,1295.86,15176424700.00,8108
2001-01-09,0.004794,0.004764,0.011814,0.011797,0.003812,1300.80,15245899700.00,8102
2001-01-10,0.013930,0.013842,0.020662,0.020479,0.009586,1313.27,15456986000.00,8098
2001-01-11,0.015063,0.015052,0.027183,0.027113,0.010318,1326.82,15688701400.00,8094
2001-01-12,-0.003619,-0.003623,0.019480,0.019456,-0.006406,1318.32,15627786900.00,8084
2001-01-16,0.006257,0.006257,0.019410,0.019401,0.006319,1326.65,15725217900.00,8081
2001-01-17,0.004447,0.004396,0.012761,0.012723,0.002126,1329.47,15793832700.00,8073
2001-01-18,0.012175,0.012159,0.008507,0.008488,0.013915,1347.97,15986343000.00,8077
2001-01-19,-0.004109,-0.004112,0.003896,0.003883,-0.004028,1342.54,15919532600.00,8071
2001-01-22,0.000281,0.000269,0.005431,0.005413,0.000268,1342.90,15924710400.00,8064
2001-01-23,0.015817,0.015815,0.014519,0.014511,0.013032,1360.40,16176001000.00,8061
2001-01-24,0.003372,0.003351,0.007312,0.007266,0.002867,1364.30,16229430400.00,8056
2001-01-25,-0.007521,-0.007529,-0.003247,-0.003272,-0.004977,1357.51,16107178800.00,8057
2001-01-26,-0.000656,-0.000691,0.001978,0.001964,-0.001886,1354.95,16098797200.00,8055
2001-01-29,0.009004,0.008932,0.010236,0.010100,0.006805,1364.17,16241651700.00,8050
2001-01-30,0.006590,0.006552,0.009539,0.009477,0.007008,1373.73,16346939500.00,8047
2001-01-31,-0.006676,-0.006767,-0.000179,-0.000231,-0.005620,1366.01,16249974500.00,8049
2001-02-01,0.003826,0.003739,0.001990,0.001923,0.005461,1373.47,16309929800.00,8043
2001-02-02,-0.018530,-0.018535,-0.009217,-0.009245,-0.017474,1349.47,16007141300.00,8038
2001-02-05,0.002122,0.002098,-0.003787,-0.003814,0.003587,1354.31,16040938600.00,8034
2001-02-06,0.000441,0.000400,0.002475,0.002455,-0.001514,1352.26,16047902700.00,8036
2001-02-07,-0.008672,-0.008855,-0.004362,-0.004467,-0.008408,1340.89,15898950400.00,8035
2001-02-08,-0.006499,-0.006512,-0.003159,-0.003192,-0.006235,1332.53,15799169900.00,8038
2001-02-09,-0.014177,-0.014218,-0.009425,-0.009462,-0.013336,1314.76,15575690800.00,8040
2001-02-12,0.010339,0.010309,0.004846,0.004789,0.011827,1330.31,15736775800.00,8037
2001-02-13,-0.008688,-0.008782,-0.003474,-0.003630,-0.008652,1318.80,15600878600.00,8032
2001-02-14,-0.000151,-0.000317,-0.000489,-0.000599,-0.002184,1315.92,15598606700.00,8024
2001-02-15,0.008984,0.008919,0.009292,0.009256,0.008124,1326.61,15740143700.00,8020
2001-02-16,-0.020635,-0.020651,-0.014248,-0.014340,-0.018905,1301.53,15415970000.00,8019
2001-02-20,-0.018782,-0.018794,-0.012303,-0.012318,-0.017357,1278.94,15124500600.00,8015
2001-02-21,-0.018405,-0.018462,-0.015702,-0.015755,-0.018508,1255.27,14845291200.00,8014
2001-02-22,-0.004570,-0.004604,-0.010745,-0.010769,-0.001952,1252.82,14764858700.00,8009
2001-02-23,-0.003938,-0.003956,-0.002983,-0.003006,-0.005555,1245.86,14706471000.00,8008
2001-02-26,0.019195,0.019142,0.016211,0.016129,0.017490,1267.65,14987743700.00,8005
2001-02-27,-0.011520,-0.011590,-0.011561,-0.011635,-0.007660,1257.94,14792094900.00,8001
2001-02-28,-0.013727,-0.013862,-0.008442,-0.008496,-0.014309,1239.94,14624646800.00,8000
2001-03-01,0.000412,0.000382,-0.005542,-0.005584,0.001040,1241.23,14628817200.00,7991
2001-03-02,-0.004982,-0.004987,0.004568,0.004555,-0.005680,1234.18,14556759200.00,7991
2001-03-05,0.005448,0.005334,0.001904,0.001892,0.005858,1241.41,14634144000.00,7986
2001-03-06,0.011469,0.011452,0.009970,0.009954,0.009981,1253.80,14801962700.00,7984
2001-03-07,0.006106,0.005921,0.005585,0.005440,0.006452,1261.89,14889407400.00,7983
2001-03-08,-0.001235,-0.001270,-0.004226,-0.004263,0.002259,1264.74,14870593500.00,7982
2001-03-09,-0.024339,-0.024346,-0.015030,-0.015058,-0.024764,1233.42,14509687400.00,7984
2001-03-12,-0.042339,-0.042346,-0.030865,-0.030950,-0.043181,1180.16,13894168200.00,7981
2001-03-13,0.014925,0.014700,0.005298,0.005069,0.014829,1197.66,14098530200.00,7981
2001-03-14,-0.025008,-0.025037,-0.017733,-0.017841,-0.025842,1166.71,13744801800.00,7975
2001-03-15,0.003320,0.003302,-0.000251,-0.000285,0.005871,1173.56,13790727600.00,7972
2001-03-16,-0.020802,-0.020826,-0.017635,-0.017683,-0.019624,1150.53,13506173100.00,7971
2001-03-19,0.018614,0.018596,0.009299,0.009275,0.017627,1170.81,13756863300.00,7969
2001-03-20,-0.023084,-0.023100,-0.008490,-0.008511,-0.024077,1142.62,13439235300.00,7963
2001-03-21,-0.018702,-0.018739,-0.015952,-0.016021,-0.017924,1122.14,13187513800.00,7963
2001-03-22,-0.004493,-0.004508,-0.011255,-0.011280,-0.004064,1117.58,13128225100.00,7962
2001-03-23,0.020456,0.020452,0.020756,0.020738,0.019909,1139.83,13397549600.00,7956
2001-03-26,0.011157,0.011149,0.007494,0.007473,0.011282,1152.69,13547140600.00,7952
2001-03-27,0.022921,0.022920,0.009025,0.008962,0.025575,1182.17,13851957000.00,7949
2001-03-28,-0.026036,-0.026197,-0.017877,-0.018261,-0.024430,1153.29,13492125600.00,7952
2001-03-29,-0.005451,-0.005480,-0.006625,-0.006689,-0.004630,1147.95,13418163000.00,7946
2001-03-30,0.012154,0.012154,0.016040,0.016021,0.010784,1160.33,13603371700.00,7947
2001-04-02,-0.015566,-0.015577,-0.021403,-0.021431,-0.012462,1145.87,13390321100.00,7936
2001-04-03,-0.035946,-0.035951,-0.034229,-0.034257,-0.034393,1106.46,12899807800.00,7930
2001-04-04,-0.003278,-0.003440,-0.008305,-0.008389,-0.002901,1103.25,12853924300.00,7923
2001-04-05,0.045869,0.045856,0.039436,0.039415,0.043680,1151.44,13436460300.00,7914
2001-04-06,-0.020118,-0.020308,-0.012896,-0.012939,-0.019984,1128.43,13162956900.00,7914
2001-04-09,0.009232,0.009228,0.006245,0.006231,0.008117,1137.59,13288495600.00,7917
2001-04-10,0.029015,0.028902,0.023253,0.023138,0.027066,1168.38,13672803300.00,7914
2001-04-11,-0.000807,-0.000842,0.006676,0.006528,-0.002131,1165.89,13660578300.00,7907
2001-04-12,0.015924,0.015763,0.014541,0.014502,0.015104,1183.50,13876264100.00,7905
2001-04-16,-0.004957,-0.004957,-0.003693,-0.003700,-0.003228,1179.68,13807417500.00,7900
2001-04-17,0.010484,0.010482,0.004968,0.004941,0.010283,1191.81,13951834900.00,7893
2001-04-18,0.039640,0.039586,0.028613,0.028567,0.038890,1238.16,14504168700.00,7885
2001-04-19,0.014654,0.014640,0.015588,0.015557,0.012551,1253.70,14716350800.00,7879
2001-04-20,-0.008364,-0.008383,0.001176,0.001153,-0.008551,1242.98,14592838100.00,7875
2001-04-23,-0.016711,-0.016711,-0.008233,-0.008286,-0.014980,1224.36,14349086800.00,7869
2001-04-24,-0.010891,-0.010900,0.001786,0.001760,-0.012162,1209.47,14193463100.00,7867
2001-04-25,0.016293,0.016274,0.011509,0.011454,0.015941,1228.75,14424447500.00,7862
2001-04-26,0.004979,0.004876,0.007507,0.007299,0.004696,1234.52,14491206800.00,7861
2001-04-27,0.014484,0.014441,0.011156,0.011057,0.015010,1253.05,14701431200.00,7860
2001-04-30,0.000796,0.000754,0.010081,0.010038,-0.002865,1249.46,14744528100.00,7854
2001-05-01,0.013246,0.013237,0.010496,0.010448,0.013590,1266.44,14948417400.00,7845
2001-05-02,0.003388,0.003292,0.012486,0.012370,0.000782,1267.43,14998107200.00,7846
2001-05-03,-0.015257,-0.015360,-0.005435,-0.005501,-0.014873,1248.58,14767863200.00,7846
2001-05-04,0.013960,0.013934,0.010746,0.010707,0.014440,1266.61,14983888300.00,7842
2001-05-07,-0.003170,-0.003193,0.001495,0.001464,-0.002447,1263.51,14936477600.00,7839
2001-05-08,-0.000626,-0.000701,0.004887,0.004836,-0.001828,1261.20,14926355900.00,7838
2001-05-09,-0.004339,-0.004447,0.000597,0.000525,-0.004488,1255.54,14859113800.00,7833
2001-05-10,-0.000433,-0.000555,0.003118,0.003059,-0.000287,1255.18,14853794800.00,7832
2001-05-11,-0.007514,-0.007620,-0.001820,-0.002014,-0.007577,1245.67,14740915100.00,7830
2001-05-14,0.000980,0.000918,-0.002796,-0.002852,0.002609,1248.92,14753481700.00,7826
2001-05-15,0.001457,0.001441,0.004045,0.004007,0.000416,1249.44,14772873000.00,7821
2001-05-16,0.027234,0.027084,0.009952,0.009881,0.028453,1284.99,15172369500.00,7814
2001-05-17,0.005877,0.005865,0.010524,0.010482,0.002724,1288.49,15263240500.00,7813
2001-05-18,0.002704,0.002665,0.004566,0.004536,0.002693,1291.96,15310525400.00,7814
2001-05-21,0.018567,0.018566,0.015978,0.015957,0.016154,1312.83,15594847200.00,7809
2001-05-22,-0.001667,-0.001671,0.007121,0.007100,-0.002628,1309.38,15567725400.00,7802
2001-05-23,-0.016696,-0.016741,-0.007041,-0.007108,-0.015526,1289.05,15309052300.00,7801
2001-05-24,0.004134,0.004112,0.005514,0.005479,0.003196,1293.17,15371537500.00,7799
2001-05-25,-0.009938,-0.009947,0.002662,0.002645,-0.011816,1277.89,15219386500.00,7790
2001-05-29,-0.010367,-0.010426,-0.008270,-0.008446,-0.007794,1267.93,15061235800.00,7787
2001-05-30,-0.017571,-0.017776,-0.016166,-0.016292,-0.015655,1248.08,14795831100.00,7785
2001-05-31,0.007658,0.007595,0.007394,0.007373,0.006202,1255.82,14877913400.00,7778
2001-06-01,0.005390,0.005380,0.006182,0.006142,0.003862,1260.67,14955194100.00,7771
2001-06-04,0.005078,0.005059,0.005381,0.005355,0.005108,1267.11,15020320500.00,7769
2001-06-05,0.014223,0.014214,0.011546,0.011530,0.012990,1283.57,15233747900.00,7767
2001-06-06,-0.009440,-0.009564,-0.003239,-0.003342,-0.010549,1270.03,15088992500.00,7763
2001-06-07,0.005322,0.005295,0.005450,0.005407,0.005457,1276.96,15169379200.00,7764
2001-06-08,-0.009528,-0.009535,-0.002055,-0.002090,-0.009397,1264.96,15026263400.00,7760
2001-06-11,-0.009595,-0.009602,-0.005670,-0.005689,-0.008356,1254.39,14882049500.00,7760
2001-06-12,0.000200,0.000179,-0.001290,-0.001320,0.001164,1255.85,14887870400.00,7758
2001-06-13,-0.009958,-0.010192,-0.002350,-0.002626,-0.011347,1241.60,14752337400.00,7754
2001-06-14,-0.019201,-0.019222,-0.014884,-0.014909,-0.017502,1219.87,14471161300.00,7753
2001-06-15,-0.004904,-0.004917,-0.004954,-0.005031,-0.004517,1214.36,14400124000.00,7752
2001-06-18,-0.006689,-0.006717,-0.012842,-0.012897,-0.004883,1208.43,14303435000.00,7753
2001-06-19,0.001768,0.001760,-0.005603,-0.005622,0.003434,1212.58,14329325300.00,7752
2001-06-20,0.009743,0.009706,0.001333,0.001285,0.008709,1223.14,14469507500.00,7746
2001-06-21,0.009901,0.009881,0.003729,0.003699,0.011364,1237.04,14610836900.00,7741
2001-06-22,-0.009010,-0.009013,-0.002499,-0.002512,-0.009450,1225.35,14479133400.00,7741
2001-06-25,-0.004851,-0.004856,-0.000218,-0.000233,-0.005509,1218.60,14408913900.00,7738
2001-06-26,-0.000155,-0.000162,0.004977,0.004968,-0.001510,1216.76,14406602000.00,7739
2001-06-27,-0.002117,-0.002284,0.004316,0.003981,-0.004676,1211.07,14376736300.00,7739
2001-06-28,0.012574,0.012558,0.007565,0.007524,0.012493,1226.20,14557011500.00,7731
2001-06-29,0.004332,0.004332,0.018683,0.018673,-0.001452,1224.42,14638481100.00,7722
2001-07-02,0.005340,0.005301,-0.005536,-0.005718,0.010037,1236.71,14716364600.00,7709
2001-07-03,-0.001734,-0.001883,-0.000217,-0.000299,-0.001827,1234.45,14683712800.00,7700
2001-07-05,-0.012098,-0.012245,-0.007388,-0.007429,-0.012321,1219.24,14503989600.00,7699
2001-07-06,-0.022162,-0.022327,-0.011844,-0.011999,-0.023498,1190.59,14178349600.00,7698
2001-07-09,0.005712,0.005695,0.002084,0.002068,0.006879,1198.78,14274456200.00,7698
2001-07-10,-0.014251,-0.014292,-0.009419,-0.009442,-0.014398,1181.52,14070463500.00,7697
2001-07-11,-0.002280,-0.002359,-0.005392,-0.005537,-0.001134,1180.18,14037640500.00,7697
2001-07-12,0.023558,0.023540,0.014742,0.014682,0.023691,1208.14,14368152300.00,7697
2001-07-13,0.005369,0.005355,0.003953,0.003896,0.006241,1215.68,14442235900.00,7695
2001-07-16,-0.011623,-0.011651,-0.007308,-0.007316,-0.010883,1202.45,14274031600.00,7695
2001-07-17,0.010631,0.010630,0.005250,0.005243,0.009971,1214.44,14424114000.00,7690
2001-07-18,-0.006847,-0.006912,-0.008035,-0.008084,-0.005542,1207.71,14324577300.00,7686
2001-07-19,0.005146,0.005141,0.005492,0.005486,0.006053,1215.02,14403504000.00,7679
2001-07-20,-0.002910,-0.002913,0.000338,0.000308,-0.003432,1210.85,14360692200.00,7679
2001-07-23,-0.014650,-0.014662,-0.005583,-0.005596,-0.016369,1191.03,14150252400.00,7678
2001-07-24,-0.016244,-0.016256,-0.011498,-0.011565,-0.016272,1171.65,13919066100.00,7675
2001-07-25,0.013667,0.013655,0.002765,0.002718,0.016080,1190.49,14107341500.00,7672
2001-07-26,0.011500,0.011484,0.007670,0.007651,0.010450,1202.93,14267994100.00,7672
2001-07-27,0.003303,0.003210,0.003519,0.003395,0.002402,1205.82,14317052600.00,7679
2001-07-30,-0.001179,-0.001227,-0.001137,-0.001208,-0.001078,1204.52,14299933800.00,7674
2001-07-31,0.004891,0.004875,0.003217,0.003155,0.005571,1211.23,14377537500.00,7676
2001-08-01,0.005035,0.004916,0.006447,0.006354,0.003880,1215.93,14444088200.00,7664
2001-08-02,0.003220,0.003120,0.002534,0.002473,0.003964,1220.75,14487594800.00,7658
2001-08-03,-0.004627,-0.004652,0.000534,0.000478,-0.005243,1214.35,14418807700.00,7651
2001-08-06,-0.011013,-0.011033,-0.005902,-0.005914,-0.011422,1200.48,14259458000.00,7649
2001-08-07,0.002247,0.002215,-0.000388,-0.000414,0.003265,1204.40,14291234800.00,7649
2001-08-08,-0.016731,-0.016866,-0.010006,-0.010156,-0.017328,1183.53,14053835300.00,7645
2001-08-09,-0.000140,-0.000293,-0.001148,-0.001168,-0.000084,1183.43,14050024000.00,7642
2001-08-10,0.004280,0.004269,0.000754,0.000724,0.005687,1190.16,14112319900.00,7640
2001-08-13,0.002332,0.002219,0.002532,0.002373,0.000949,1191.29,14145196200.00,7636
2001-08-14,-0.002438,-0.002472,0.001608,0.001575,-0.003828,1186.73,14108976300.00,7630
2001-08-15,-0.006807,-0.006976,-0.004715,-0.004818,-0.007340,1178.02,14008995700.00,7623
2001-08-16,0.001920,0.001879,-0.002089,-0.002155,0.003090,1181.66,14035239900.00,7615
2001-08-17,-0.015924,-0.015972,-0.006831,-0.006845,-0.016663,1161.97,13811501700.00,7613
2001-08-20,0.006837,0.006835,-0.000438,-0.000449,0.008124,1171.41,13905491200.00,7607
2001-08-21,-0.011467,-0.011470,-0.008022,-0.008035,-0.012080,1157.26,13745419800.00,7605
2001-08-22,0.007436,0.007364,0.004418,0.004360,0.006956,1165.31,13846974300.00,7600
2001-08-23,-0.002763,-0.002783,-0.003714,-0.003734,-0.002763,1162.09,13808825300.00,7598
2001-08-24,0.018220,0.018200,0.010825,0.010776,0.019654,1184.93,14060192600.00,7594
2001-08-27,-0.003691,-0.003696,-0.001755,-0.001767,-0.004827,1179.21,14008263500.00,7594
2001-08-28,-0.014374,-0.014387,-0.007405,-0.007460,-0.015010,1161.51,13805517900.00,7591
2001-08-29,-0.009583,-0.009740,-0.002919,-0.003089,-0.011115,1148.60,13667954200.00,7587
2001-08-30,-0.015525,-0.015628,-0.009202,-0.009241,-0.017038,1129.03,13454306100.00,7584
2001-08-31,0.004059,0.004046,0.005746,0.005731,0.004030,1133.58,13530300600.00,7586
2001-09-04,-0.001656,-0.001663,-0.005711,-0.005734,-0.000565,1132.94,13491875800.00,7577
2001-09-05,-0.003236,-0.003415,-0.008926,-0.009026,-0.001059,1131.74,13445868300.00,7577
2001-09-06,-0.020698,-0.020744,-0.014190,-0.014234,-0.022390,1106.40,13167203300.00,7575
2001-09-07,-0.017764,-0.017774,-0.011544,-0.011557,-0.018637,1085.78,12932645600.00,7572
2001-09-10,0.003516,0.003502,-0.007365,-0.007387,0.006226,1092.54,12979224500.00,7573
2001-09-17,-0.050716,-0.051145,-0.042381,-0.042822,-0.049216,1038.77,12315380100.00,7568
2001-09-18,-0.008315,-0.008347,-0.009885,-0.009934,-0.005805,1032.74,12212709800.00,7568
2001-09-19,-0.017086,-0.017136,-0.024004,-0.024046,-0.016113,1016.10,12003407200.00,7567
2001-09-20,-0.030611,-0.030626,-0.032694,-0.032739,-0.031060,984.54,11635834800.00,7567
2001-09-21,-0.018585,-0.018594,-0.020145,-0.020176,-0.019034,965.80,11419438400.00,7564
2001-09-24,0.037719,0.037717,0.033190,0.033181,0.038983,1003.45,11849594600.00,7557
2001-09-25,0.007584,0.007570,0.003965,0.003945,0.008790,1012.27,11939238700.00,7558
2001-09-26,-0.006027,-0.006380,-0.009980,-0.010350,-0.005167,1007.04,11863828800.00,7558
2001-09-27,0.010694,0.010657,-0.000604,-0.000679,0.011489,1018.61,11990256700.00,7556
2001-09-28,0.022772,0.022761,0.025100,0.025064,0.021922,1040.94,12279391700.00,7552
2001-10-01,-0.004418,-0.004429,-0.010052,-0.010094,-0.002296,1038.55,12223334000.00,7543
2001-10-02,0.011549,0.011543,0.006998,0.006979,0.012306,1051.33,12355884500.00,7537
2001-10-03,0.022146,0.021971,0.020670,0.020566,0.019927,1072.28,12624504600.00,7542
2001-10-04,-0.000280,-0.000286,0.011089,0.011071,-0.002471,1069.63,12626800200.00,7544
2001-10-05,0.000404,0.000219,0.000512,0.000479,0.001636,1071.38,12629949800.00,7547
2001-10-08,-0.007684,-0.007684,-0.001935,-0.001936,-0.008344,1062.44,12533159300.00,7544
2001-10-09,-0.004786,-0.004837,-0.004089,-0.004115,-0.005356,1056.75,12471332300.00,7541
2001-10-10,0.023138,0.023093,0.019415,0.019350,0.022938,1080.99,12759869400.00,7537
2001-10-11,0.017246,0.017169,0.019491,0.019325,0.015208,1097.43,12978791200.00,7535
2001-10-12,-0.005431,-0.005445,0.000108,0.000045,-0.005267,1091.65,12908869500.00,7535
2001-10-15,-0.000767,-0.000771,0.002549,0.002534,-0.001530,1089.98,12898685600.00,7532
2001-10-16,0.007835,0.007832,0.011376,0.011361,0.006936,1097.54,12999670700.00,7530
2001-10-17,-0.019319,-0.019378,-0.006450,-0.006477,-0.018633,1077.09,12744757600.00,7530
2001-10-18,-0.007065,-0.007092,-0.004976,-0.005022,-0.007873,1068.61,12655152600.00,7529
2001-10-19,0.004919,0.004917,0.004695,0.004678,0.004557,1073.48,12717022400.00,7529
2001-10-22,0.014523,0.014509,0.008011,0.007996,0.015296,1089.90,12901513200.00,7529
2001-10-23,-0.004389,-0.004394,0.000496,0.000485,-0.004698,1084.78,12852427800.00,7528
2001-10-24,0.001022,0.001002,0.003920,0.003876,0.000387,1085.20,12865314200.00,7526
2001-10-25,0.013791,0.013781,0.011118,0.011099,0.013721,1100.09,13040857700.00,7525
2001-10-26,0.004294,0.004291,0.007220,0.007206,0.004109,1104.61,13097338300.00,7531
2001-10-29,-0.022574,-0.022677,-0.008931,-0.009062,-0.023818,1078.30,12800281700.00,7530
2001-10-30,-0.017161,-0.017214,-0.011458,-0.011514,-0.017166,1059.79,12584243200.00,7530
2001-10-31,0.002210,0.002100,0.010760,0.010688,-0.000009,1059.78,12630626600.00,7530
2001-11-01,0.020699,0.020586,0.008789,0.008720,0.022948,1084.10,12886922700.00,7517
2001-11-02,0.002178,0.002160,-0.000779,-0.000801,0.002860,1087.20,12915049100.00,7515
2001-11-05,0.013980,0.013957,0.008454,0.008418,0.014386,1102.84,13095024600.00,7513
2001-11-06,0.014136,0.014132,0.007042,0.007032,0.014526,1118.86,13281042800.00,7515
2001-11-07,-0.001915,-0.002206,0.000714,0.000574,-0.002735,1115.80,13247186900.00,7509
2001-11-08,0.001064,0.001022,0.002988,0.002969,0.002456,1118.54,13261356500.00,7507
2001-11-09,0.000951,0.000932,0.003390,0.003371,0.001582,1120.31,13271701600.00,7503
2001-11-12,-0.000561,-0.000561,0.001351,0.001351,-0.001767,1118.33,13263922200.00,7499
2001-11-13,0.018552,0.018398,0.013955,0.013778,0.018563,1139.09,13508712300.00,7496
2001-11-14,0.003493,0.003283,0.007522,0.007419,0.001861,1141.21,13553555000.00,7494
2001-11-15,0.000024,0.000002,0.000384,0.000337,0.000903,1142.24,13558591700.00,7491
2001-11-16,-0.001699,-0.001777,0.006131,0.006046,-0.003143,1138.65,13534932600.00,7497
2001-11-19,0.011676,0.011660,0.011593,0.011571,0.010899,1151.06,13692534500.00,7491
2001-11-20,-0.008250,-0.008295,-0.004841,-0.004909,-0.007298,1142.66,13579398100.00,7488
2001-11-21,-0.004484,-0.004512,0.000343,0.000313,-0.004927,1137.03,13518564400.00,7484
2001-11-23,0.011704,0.011688,0.010423,0.010406,0.011706,1150.34,13677687100.00,7482
2001-11-26,0.007432,0.007428,0.005665,0.005652,0.006155,1157.42,13779242000.00,7479
2001-11-27,-0.005066,-0.005078,0.001709,0.001694,-0.006843,1149.50,13705599000.00,7474
2001-11-28,-0.017339,-0.017511,-0.009929,-0.010083,-0.018251,1128.52,13465639700.00,7472
2001-11-29,0.011230,0.011143,0.009194,0.009134,0.010350,1140.20,13616905900.00,7472
2001-11-30,-0.000933,-0.000935,0.001061,0.001041,-0.000658,1139.45,13606819100.00,7471
2001-12-03,-0.008432,-0.008439,-0.007400,-0.007427,-0.008381,1129.90,13488186300.00,7463
2001-12-04,0.014756,0.014753,0.011957,0.011874,0.013187,1144.80,13687378200.00,7461
2001-12-05,0.023123,0.022832,0.016934,0.016830,0.022318,1170.35,13999610900.00,7459
2001-12-06,-0.001083,-0.001124,0.006297,0.006222,-0.002777,1167.10,13983642500.00,7457
2001-12-07,-0.007313,-0.007315,0.001828,0.001819,-0.007531,1158.31,13882189000.00,7455
2001-12-10,-0.015035,-0.015052,-0.007336,-0.007360,-0.015868,1139.93,13673268700.00,7453
2001-12-11,-0.001758,-0.001764,0.002867,0.002842,-0.002781,1136.76,13649941000.00,7456
2001-12-12,0.000557,0.000349,0.002111,0.001815,0.000273,1137.07,13657695800.00,7456
2001-12-13,-0.015388,-0.015446,-0.008349,-0.008447,-0.015558,1119.38,13450783300.00,7453
2001-12-14,0.003485,0.003477,0.002317,0.002250,0.003314,1123.09,13499953000.00,7458
2001-12-17,0.010394,0.010370,0.005045,0.005025,0.010035,1134.36,13639978200.00,7456
2001-12-18,0.008046,0.008016,0.007095,0.007025,0.007546,1142.92,13740384900.00,7452
2001-12-19,0.003645,0.003599,-0.002733,-0.002805,0.005810,1149.56,13790250000.00,7449
2001-12-20,-0.009356,-0.009470,-0.008644,-0.008738,-0.008377,1139.93,13657258000.00,7449
2001-12-21,0.006047,0.006022,0.010195,0.010153,0.004351,1144.89,13739604900.00,7448
2001-12-24,0.000228,0.000221,0.003541,0.003514,-0.000210,1144.65,13740281000.00,7441
2001-12-26,0.005228,0.005191,0.007185,0.007042,0.004124,1149.37,13812070900.00,7441
2001-12-27,0.006924,0.006627,0.008020,0.007638,0.006752,1157.13,13903567500.00,7441
2001-12-28,0.004377,0.004338,0.009311,0.009255,0.003362,1161.02,13964355400.00,7442
2001-12-31,-0.009722,-0.009724,0.006618,0.006605,-0.011145,1148.08,13848178200.00,7437
2002-01-02,0.003832,0.003712,0.007914,0.007854,0.005740,1154.67,13894901600.00,7429
2002-01-03,0.009844,0.009830,0.012919,0.012895,0.009180,1165.27,14032099900.00,7429
2002-01-04,0.006987,0.006986,0.011263,0.011251,0.006213,1172.51,14130214900.00,7428
2002-01-07,-0.006531,-0.006535,-0.000112,-0.000128,-0.006499,1164.89,14033652000.00,7425
2002-01-08,-0.002443,-0.002651,0.004929,0.004899,-0.003588,1160.71,13996588100.00,7425
2002-01-09,-0.004243,-0.004284,0.000727,0.000691,-0.004799,1155.14,13936679000.00,7423
2002-01-10,0.000579,0.000559,0.000383,0.000354,0.001221,1156.55,13944413300.00,7422
2002-01-11,-0.008776,-0.008837,-0.003945,-0.004188,-0.009468,1145.60,13822809700.00,7421
2002-01-14,-0.008123,-0.008124,-0.010399,-0.010408,-0.006276,1138.41,13709970600.00,7416
2002-01-15,0.005732,0.005727,0.001004,0.000975,0.006834,1146.19,13788533700.00,7413
2002-01-16,-0.016273,-0.016347,-0.011007,-0.011034,-0.016245,1127.57,13562010600.00,7412
2002-01-17,0.010140,0.010118,0.006987,0.006945,0.010030,1138.88,13700344300.00,7412
2002-01-18,-0.010133,-0.010137,-0.006143,-0.006153,-0.009922,1127.58,13561407000.00,7409
2002-01-22,-0.007796,-0.007809,-0.008083,-0.008096,-0.007334,1119.31,13453090800.00,7402
2002-01-23,0.008862,0.008842,0.007760,0.007674,0.007925,1128.18,13571419800.00,7400
2002-01-24,0.004027,0.004022,0.005578,0.005560,0.003519,1132.15,13626155700.00,7399
2002-01-25,0.000940,0.000939,0.000221,0.000217,0.000998,1133.28,13636755700.00,7393
2002-01-28,0.000101,0.000088,0.000446,0.000436,-0.000194,1133.06,13638042800.00,7391
2002-01-29,-0.025331,-0.025421,-0.011386,-0.011506,-0.028613,1100.64,13291888600.00,7395
2002-01-30,0.010237,0.010104,0.003632,0.003531,0.011748,1113.57,13426033500.00,7393
2002-01-31,0.013196,0.013085,0.009539,0.009492,0.014934,1130.20,13623211900.00,7389
2002-02-01,-0.006416,-0.006425,-0.002153,-0.002184,-0.007078,1122.20,13533385600.00,7387
2002-02-04,-0.023837,-0.023847,-0.016156,-0.016174,-0.024737,1094.44,13211242300.00,7383
2002-02-05,-0.004851,-0.004878,-0.007863,-0.007883,-0.004039,1090.02,13147234800.00,7383
2002-02-06,-0.007193,-0.007294,-0.009992,-0.010077,-0.005972,1083.51,13051451200.00,7383
2002-02-07,-0.003550,-0.003715,-0.005935,-0.005998,-0.003083,1080.17,13003815300.00,7380
2002-02-08,0.015799,0.015782,0.011972,0.011949,0.014859,1096.22,13210048800.00,7379
2002-02-11,0.013405,0.013362,0.007837,0.007819,0.014340,1111.94,13386621000.00,7376
2002-02-12,-0.003412,-0.003435,-0.000155,-0.000193,-0.003993,1107.50,13340733200.00,7372
2002-02-13,0.009546,0.009230,0.005815,0.005538,0.009941,1118.51,13462298400.00,7366
2002-02-14,-0.002464,-0.002533,-0.004786,-0.004816,-0.001815,1116.48,13428273800.00,7361
2002-02-15,-0.010279,-0.010314,-0.003773,-0.003802,-0.011017,1104.18,13290457700.00,7359
2002-02-19,-0.018869,-0.018894,-0.014657,-0.014745,-0.018874,1083.34,13039820500.00,7360
2002-02-20,0.012887,0.012809,0.004971,0.004910,0.013514,1097.98,13203789300.00,7358
2002-02-21,-0.014505,-0.014526,-0.008794,-0.008808,-0.015510,1080.95,13012055800.00,7359
2002-02-22,0.007242,0.007233,0.003898,0.003888,0.008224,1089.84,13105964800.00,7357
2002-02-25,0.016490,0.016479,0.005126,0.005074,0.017975,1109.43,13321886300.00,7351
2002-02-26,0.001059,0.000979,0.003444,0.003353,-0.000045,1109.38,13335097500.00,7350
2002-02-27,0.001081,0.000748,0.002706,0.002594,0.000460,1109.89,13345667300.00,7350
2002-02-28,-0.002910,-0.002939,-0.001053,-0.001084,-0.002847,1106.73,13319767600.00,7349
2002-03-01,0.021869,0.021854,0.012214,0.012195,0.022634,1131.78,13611570700.00,7345
2002-03-04,0.020416,0.020396,0.015140,0.015110,0.019491,1153.84,13888501300.00,7341
2002-03-05,-0.004810,-0.004814,0.002758,0.002742,-0.006673,1146.14,13822556300.00,7342
2002-03-06,0.013935,0.013751,0.012604,0.012477,0.014510,1162.77,14012567100.00,7338
2002-03-07,-0.003776,-0.003821,0.003769,0.003715,-0.004498,1157.54,13958969100.00,7336
2002-03-08,0.006939,0.006933,0.008684,0.008649,0.005849,1164.31,14055990300.00,7337
2002-03-11,0.002784,0.002773,0.004548,0.004535,0.003393,1168.26,14094766200.00,7328
2002-03-12,-0.002864,-0.002892,-0.002667,-0.002691,-0.002294,1165.58,14055803400.00,7328
2002-03-13,-0.009091,-0.009357,-0.003444,-0.003753,-0.009858,1154.09,13924473700.00,7327
2002-03-14,-0.000023,-0.000047,0.003725,0.003663,-0.000910,1153.04,13921113800.00,7326
2002-03-15,0.010225,0.010214,0.004630,0.004597,0.011379,1166.16,14057491800.00,7322
2002-03-18,0.001273,0.001256,0.004768,0.004750,-0.000523,1165.55,14075599800.00,7318
2002-03-19,0.003372,0.003365,0.002588,0.002573,0.004067,1170.29,14122956300.00,7317
2002-03-20,-0.014411,-0.014452,-0.005624,-0.005787,-0.015757,1151.85,13919853400.00,7319
2002-03-21,0.003144,0.003118,0.006353,0.006328,0.001511,1153.59,13972307200.00,7318
2002-03-22,-0.004248,-0.004251,-0.000430,-0.000436,-0.004239,1148.70,13922960100.00,7318
2002-03-25,-0.014346,-0.014349,-0.007033,-0.007042,-0.014651,1131.87,13723591300.00,7315
2002-03-26,0.005784,0.005598,0.004705,0.004359,0.005849,1138.49,13801835300.00,7323
2002-03-27,0.005506,0.005477,0.005686,0.005635,0.005349,1144.58,13877991400.00,7323
2002-03-28,0.003007,0.003005,0.005550,0.005531,0.002455,1147.39,13941476700.00,7322
2002-04-01,-0.001037,-0.001054,-0.001189,-0.001327,-0.000741,1146.54,13926764500.00,7310
2002-04-02,-0.008656,-0.008664,-0.004695,-0.004723,-0.008530,1136.76,13805907100.00,7305
2002-04-03,-0.009501,-0.009647,-0.005967,-0.006031,-0.009993,1125.40,13672721600.00,7304
2002-04-04,0.000922,0.000904,0.000767,0.000719,0.000835,1126.34,13685172400.00,7298
2002-04-05,-0.002536,-0.002555,-0.000045,-0.000072,-0.003205,1122.73,13650188800.00,7295
2002-04-08,0.002963,0.002769,0.002512,0.002483,0.002280,1125.29,13690737400.00,7290
2002-04-09,-0.005543,-0.005587,-0.001595,-0.001625,-0.006656,1117.80,13614242600.00,7291
2002-04-10,0.011473,0.011435,0.008542,0.008470,0.011335,1130.47,13769877500.00,7290
2002-04-11,-0.021317,-0.021446,-0.010049,-0.010222,-0.023689,1103.69,13474050000.00,7289
2002-04-12,0.008222,0.008217,0.011355,0.011322,0.006632,1111.01,13587823700.00,7289
2002-04-15,-0.005992,-0.006005,-0.001132,-0.001198,-0.007615,1102.55,13506185600.00,7285
2002-04-16,0.021963,0.021963,0.016455,0.016445,0.023418,1128.37,13802993400.00,7285
2002-04-17,-0.001967,-0.002020,0.001003,0.000972,-0.002038,1126.07,13775136600.00,7275
2002-04-18,-0.001513,-0.001527,0.003121,0.003090,-0.001421,1124.47,13755478600.00,7272
2002-04-19,0.000728,0.000719,0.002047,0.002016,0.000623,1125.17,13765536600.00,7272
2002-04-22,-0.014740,-0.014758,-0.008459,-0.008488,-0.015411,1107.83,13562311300.00,7272
2002-04-23,-0.005266,-0.005267,-0.001443,-0.001458,-0.006201,1100.96,13492321300.00,7271
2002-04-24,-0.006112,-0.006130,-0.002368,-0.002400,-0.007103,1093.14,13410647700.00,7270
2002-04-25,-0.001791,-0.001800,-0.002207,-0.002235,-0.001519,1091.48,13386957500.00,7270
2002-04-26,-0.013426,-0.013536,-0.009094,-0.009204,-0.013889,1076.32,13206667800.00,7273
2002-04-29,-0.008790,-0.008840,-0.006307,-0.006391,-0.010099,1065.45,13088742600.00,7267
2002-04-30,0.012116,0.012108,0.009807,0.009788,0.010765,1076.92,13268193800.00,7266
2002-05-01,0.007501,0.007411,0.001006,0.000904,0.008859,1086.46,13366831500.00,7266
2002-05-02,-0.001705,-0.001830,0.000092,0.000016,-0.001749,1084.56,13342548800.00,7264
2002-05-03,-0.008923,-0.008951,-0.001777,-0.001827,-0.010262,1073.43,13223633400.00,7265
2002-05-06,-0.018279,-0.018296,-0.011320,-0.011438,-0.019340,1052.67,12982957200.00,7261
2002-05-07,-0.003717,-0.003731,-0.005558,-0.005574,-0.003021,1049.49,12934665800.00,7262
2002-05-08,0.034475,0.034345,0.019044,0.018953,0.037504,1088.85,13379109400.00,7258
2002-05-09,-0.013940,-0.014093,-0.008012,-0.008055,-0.014548,1073.01,13191230900.00,7256
2002-05-10,-0.015373,-0.015391,-0.008233,-0.008272,-0.016794,1054.99,12988427000.00,7254
2002-05-13,0.017053,0.016914,0.007367,0.007175,0.018550,1074.56,13208235900.00,7255
2002-05-14,0.020937,0.020905,0.015259,0.015211,0.021144,1097.28,13483633500.00,7254
2002-05-15,-0.003349,-0.003612,0.000826,0.000744,-0.005659,1091.07,13428647700.00,7247
2002-05-16,0.003503,0.003466,-0.000966,-0.001035,0.006562,1098.23,13476452200.00,7249
2002-05-17,0.006945,0.006894,0.003755,0.003741,0.007612,1106.59,13569902800.00,7248
2002-05-20,-0.011924,-0.011928,-0.005644,-0.005683,-0.013293,1091.88,13408359400.00,7247
2002-05-21,-0.011140,-0.011153,-0.008592,-0.008615,-0.010990,1079.88,13259109400.00,7248
2002-05-22,0.003687,0.003628,-0.002236,-0.002296,0.005686,1086.02,13307876100.00,7250
2002-05-23,0.010484,0.010463,0.007424,0.007387,0.010184,1097.08,13443033000.00,7254
2002-05-24,-0.011307,-0.011312,-0.004768,-0.004789,-0.012087,1083.82,13298315300.00,7243
2002-05-28,-0.006811,-0.006823,-0.001727,-0.001808,-0.008553,1074.55,13207544400.00,7242
2002-05-29,-0.006594,-0.006731,-0.005692,-0.005830,-0.006412,1067.66,13119338800.00,7241
2002-05-30,-0.002317,-0.002414,-0.000972,-0.001031,-0.002810,1064.66,13087909300.00,7242
2002-05-31,0.002123,0.002122,0.003404,0.003389,0.002329,1067.14,13220221100.00,7237
2002-06-03,-0.023891,-0.023906,-0.017748,-0.017780,-0.024795,1040.68,12902602900.00,7234
2002-06-04,-0.001441,-0.001453,-0.003788,-0.003805,0.000010,1040.69,12884299300.00,7231
2002-06-05,0.007669,0.007374,0.000198,0.000081,0.008850,1049.90,12980146400.00,7233
2002-06-06,-0.018327,-0.018377,-0.014828,-0.014885,-0.019764,1029.15,12741420100.00,7229
2002-06-07,-0.000239,-0.000243,0.001635,0.001624,-0.001574,1027.53,12756144900.00,7231
2002-06-10,0.001732,0.001718,-0.002960,-0.002981,0.003124,1030.74,12777578800.00,7228
2002-06-11,-0.015944,-0.015959,-0.008843,-0.008872,-0.016629,1013.60,12573632800.00,7228
2002-06-12,0.004634,0.004434,-0.004260,-0.004547,0.006571,1020.26,12648873200.00,7227
2002-06-13,-0.010333,-0.010365,-0.006958,-0.007032,-0.010488,1009.56,12518276300.00,7226
2002-06-14,-0.000917,-0.000940,0.000333,0.000286,-0.002268,1007.27,12506357300.00,7223
2002-06-17,0.026832,0.026807,0.014612,0.014531,0.028691,1036.17,12841576600.00,7221
2002-06-18,0.000342,0.000297,-0.000404,-0.000504,0.000936,1037.14,12844101900.00,7222
2002-06-19,-0.015505,-0.015551,-0.014485,-0.014546,-0.016536,1019.99,12644259600.00,7218
2002-06-20,-0.012609,-0.012627,-0.003522,-0.003547,-0.013432,1006.29,12484592700.00,7217
2002-06-21,-0.014388,-0.014402,-0.002230,-0.002256,-0.017043,989.14,12305934900.00,7216
2002-06-24,0.001280,0.001272,-0.005020,-0.005045,0.003619,992.72,12321291200.00,7217
2002-06-25,-0.015443,-0.015448,-0.007740,-0.007762,-0.016702,976.14,12131785400.00,7217
2002-06-26,-0.003268,-0.003743,-0.008431,-0.008758,-0.002674,973.53,12086148900.00,7217
2002-06-27,0.016334,0.016306,0.011504,0.011454,0.017575,990.64,12283503600.00,7214
2002-06-28,0.002098,0.002088,0.011962,0.011959,-0.000838,989.81,12329875500.00,7214
2002-07-01,-0.021973,-0.021990,-0.018513,-0.018545,-0.021378,968.65,12057117300.00,7215
2002-07-02,-0.022423,-0.022599,-0.022552,-0.022639,-0.021225,948.09,11788998200.00,7215
2002-07-03,0.003614,0.003584,-0.004780,-0.004816,0.006223,953.99,11831125500.00,7214
2002-07-05,0.034437,0.034421,0.022109,0.022096,0.036730,989.03,12238263700.00,7210
2002-07-08,-0.011226,-0.011557,-0.007742,-0.007790,-0.012184,976.98,12096843400.00,7210
2002-07-09,-0.021878,-0.021948,-0.006812,-0.006835,-0.024719,952.83,11831360600.00,7209
2002-07-10,-0.029814,-0.029856,-0.016331,-0.016384,-0.033962,920.47,11478191900.00,7203
2002-07-11,0.005011,0.004939,-0.004137,-0.004328,0.007496,927.37,11534712400.00,7203
2002-07-12,-0.005823,-0.005826,-0.001543,-0.001565,-0.006448,921.39,11467610400.00,7201
2002-07-15,-0.004885,-0.004890,-0.010130,-0.010148,-0.003755,917.93,11411558000.00,7199
2002-07-16,-0.014205,-0.014217,-0.000382,-0.000424,-0.018389,901.05,11248291300.00,7196
2002-07-17,0.005990,0.005916,0.005126,0.005081,0.005538,906.04,11314814400.00,7192
2002-07-18,-0.025070,-0.025090,-0.013694,-0.013741,-0.027019,881.56,11030717000.00,7190
2002-07-19,-0.032917,-0.032925,-0.019187,-0.019204,-0.038341,847.76,10667310400.00,7190
2002-07-22,-0.032104,-0.032126,-0.021150,-0.021170,-0.032922,819.85,10323895900.00,7185
2002-07-23,-0.029557,-0.029564,-0.031140,-0.031164,-0.027017,797.70,10019218900.00,7189
2002-07-24,0.052303,0.052280,0.017953,0.017921,0.057315,843.42,10543086900.00,7188
2002-07-25,-0.005704,-0.005712,-0.003158,-0.003186,-0.005620,838.68,10483009500.00,7186
2002-07-26,0.014898,0.014889,0.007121,0.007101,0.016884,852.84,10642081900.00,7191
2002-07-29,0.053155,0.053031,0.034948,0.034835,0.054078,898.96,11207914800.00,7190
2002-07-30,0.004752,0.004687,0.005469,0.005401,0.004249,902.78,11259564700.00,7184
2002-07-31,0.005612,0.005491,-0.003660,-0.003733,0.009792,911.62,11336304200.00,7187
2002-08-01,-0.025850,-0.026002,-0.008909,-0.008979,-0.029574,884.66,11036231000.00,7174
2002-08-02,-0.022523,-0.022535,-0.017863,-0.018013,-0.023082,864.24,10785588300.00,7170
2002-08-05,-0.032872,-0.032900,-0.021300,-0.021318,-0.034296,834.60,10430855800.00,7167
2002-08-06,0.030122,0.030115,0.021540,0.021528,0.029919,859.57,10738387900.00,7165
2002-08-07,0.016766,0.016603,0.004275,0.004148,0.020010,876.77,10922915000.00,7162
2002-08-08,0.029326,0.029294,0.010703,0.010654,0.032722,905.46,11242575100.00,7161
2002-08-09,0.003413,0.003235,0.002446,0.002417,0.003512,908.64,11279194200.00,7160
2002-08-12,-0.003853,-0.003881,0.000037,0.000011,-0.005327,903.80,11235316500.00,7160
2002-08-13,-0.020222,-0.020355,-0.011727,-0.011930,-0.021675,884.21,11006650900.00,7155
2002-08-14,0.035449,0.035247,0.016207,0.016100,0.040047,919.62,11390987200.00,7154
2002-08-15,0.011751,0.011656,0.004773,0.004716,0.011559,930.25,11523740900.00,7152
2002-08-16,0.000815,0.000722,0.006803,0.006771,-0.001591,928.77,11532192700.00,7150
2002-08-19,0.020985,0.020969,0.011822,0.011808,0.023633,950.72,11774007600.00,7150
2002-08-20,-0.012101,-0.012118,-0.004417,-0.004443,-0.013979,937.43,11631256800.00,7145
2002-08-21,0.013574,0.013496,0.016576,0.016526,0.012726,949.36,11784606100.00,7139
2002-08-22,0.012779,0.012760,0.011882,0.011863,0.014052,962.70,11934768500.00,7132
2002-08-23,-0.021578,-0.021602,-0.009216,-0.009238,-0.022686,940.86,11677236600.00,7130
2002-08-26,0.008441,0.008440,0.010799,0.010795,0.007536,947.95,11775798900.00,7127
2002-08-27,-0.014327,-0.014336,-0.010767,-0.010780,-0.013851,934.82,11607027000.00,7128
2002-08-28,-0.017674,-0.017840,-0.013288,-0.013454,-0.018132,917.87,11402871100.00,7130
2002-08-29,0.001876,0.001796,0.003511,0.003463,-0.000076,917.80,11423283700.00,7127
2002-08-30,-0.002308,-0.002327,0.002642,0.002621,-0.001885,916.07,11398403100.00,7126
2002-09-03,-0.038177,-0.038196,-0.023480,-0.023502,-0.041536,878.02,10963288200.00,7118
2002-09-04,0.017246,0.016960,0.011838,0.011721,0.017517,893.40,11149204400.00,7117
2002-09-05,-0.015460,-0.015501,-0.013083,-0.013120,-0.015950,879.15,10976086100.00,7117
2002-09-06,0.017566,0.017512,0.014916,0.014870,0.016800,893.92,11168268000.00,7114
2002-09-09,0.008651,0.008635,0.000346,0.000331,0.010113,902.96,11263804100.00,7113
2002-09-10,0.006450,0.006438,0.002800,0.002782,0.007331,909.58,11336750100.00,7113
2002-09-11,0.000661,0.000474,0.002429,0.002190,-0.000143,909.45,11342118900.00,7113
2002-09-12,-0.022898,-0.023102,-0.010854,-0.011007,-0.024784,886.91,11080132500.00,7113
2002-09-13,0.003227,0.003201,0.002254,0.002168,0.003270,889.81,11115600700.00,7108
2002-09-16,-0.000143,-0.000170,-0.006230,-0.006248,0.001450,891.10,11113654400.00,7103
2002-09-17,-0.018419,-0.018437,-0.012222,-0.012240,-0.019728,873.52,10908832700.00,7103
2002-09-18,-0.005118,-0.005188,-0.006676,-0.006736,-0.004648,869.46,10852285100.00,7103
2002-09-19,-0.028725,-0.028749,-0.017938,-0.017967,-0.030065,843.32,10540399300.00,7103
2002-09-20,0.002166,0.002144,0.000695,0.000663,0.002455,845.39,10562830200.00,7102
2002-09-23,-0.014850,-0.014879,-0.019453,-0.019492,-0.013828,833.70,10405562700.00,7098
2002-09-24,-0.015063,-0.015075,-0.011324,-0.011341,-0.017284,819.29,10250338300.00,7096
2002-09-25,0.023969,0.023764,0.015989,0.015917,0.024863,839.66,10494395800.00,7097
2002-09-26,0.017189,0.016960,0.007838,0.007524,0.018210,854.95,10673073900.00,7101
2002-09-27,-0.028405,-0.028450,-0.014741,-0.014786,-0.032259,827.37,10368762500.00,7096
2002-09-30,-0.012039,-0.012042,-0.003513,-0.003526,-0.014601,815.29,10241738600.00,7096
2002-10-01,0.033721,0.033702,0.008315,0.008288,0.040010,847.91,10586564000.00,7096
2002-10-02,-0.022604,-0.022789,-0.011971,-0.012048,-0.023587,827.91,10343514700.00,7092
2002-10-03,-0.011204,-0.011224,-0.006104,-0.006129,-0.010822,818.95,10227402100.00,7088
2002-10-04,-0.022216,-0.022219,-0.016284,-0.016302,-0.022431,800.58,10000126500.00,7081
2002-10-07,-0.020365,-0.020367,-0.021464,-0.021482,-0.019111,785.28,9796415020.00,7075
2002-10-08,0.014046,0.013738,-0.002010,-0.002055,0.016898,798.55,9930998320.00,7076
2002-10-09,-0.027466,-0.027551,-0.024272,-0.024370,-0.027287,776.76,9654291510.00,7073
2002-10-10,0.033874,0.033755,0.015295,0.015095,0.034966,803.92,9981919480.00,7075
2002-10-11,0.036800,0.036794,0.025612,0.025539,0.039059,835.32,10349748400.00,7077
2002-10-14,0.006555,0.006555,0.003361,0.003361,0.007327,841.44,10417560700.00,7076
2002-10-15,0.045154,0.045146,0.031362,0.031322,0.047336,881.27,10887866000.00,7073
2002-10-16,-0.023029,-0.023109,-0.011603,-0.011681,-0.024113,860.02,10636238000.00,7068
2002-10-17,0.023741,0.023721,0.025593,0.025560,0.022302,879.20,10888595800.00,7069
2002-10-18,0.004828,0.004817,0.002479,0.002453,0.005903,884.39,10940956100.00,7063
2002-10-21,0.016398,0.016382,0.010110,0.010094,0.017334,899.72,11120159700.00,7063
2002-10-22,-0.011262,-0.011267,-0.005768,-0.005787,-0.010626,890.16,10995363700.00,7060
2002-10-23,0.007435,0.007406,0.012537,0.012483,0.006718,896.14,11076778500.00,7060
2002-10-24,-0.013220,-0.013233,0.001435,0.001413,-0.015221,882.50,10930201000.00,7058
2002-10-25,0.016323,0.016321,0.013771,0.013764,0.017167,897.65,11109057400.00,7055
2002-10-28,-0.007503,-0.007503,0.000284,0.000276,-0.008266,890.23,11025693200.00,7054
2002-10-29,-0.009320,-0.009444,-0.004004,-0.004140,-0.009076,882.15,10922986500.00,7061
2002-10-30,0.010540,0.010363,0.012305,0.012176,0.009704,890.71,11036487200.00,7059
2002-10-31,-0.003732,-0.003883,0.005764,0.005715,-0.005557,885.76,11003231400.00,7056
2002-11-01,0.017044,0.017028,0.017765,0.017716,0.017160,900.96,11189782300.00,7059
2002-11-04,0.008637,0.008621,0.014831,0.014783,0.008191,908.34,11286182900.00,7057
2002-11-05,0.006159,0.006129,0.002024,0.001999,0.007761,915.39,11355333000.00,7055
2002-11-06,0.009795,0.009564,0.015740,0.015601,0.009144,923.76,11463924200.00,7052
2002-11-07,-0.021771,-0.021939,-0.010876,-0.010913,-0.022852,902.65,11207021800.00,7049
2002-11-08,-0.008825,-0.008887,-0.003371,-0.003401,-0.008763,894.74,11109980600.00,7049
2002-11-11,-0.020448,-0.020448,-0.014164,-0.014164,-0.020732,876.19,10882990600.00,7047
2002-11-12,0.008291,0.008235,0.008828,0.008753,0.007715,882.95,10972657500.00,7047
2002-11-13,-0.000286,-0.000623,0.000303,-0.000098,-0.000476,882.53,10966126400.00,7050
2002-11-14,0.024065,0.023955,0.017255,0.017206,0.024634,904.27,11228844000.00,7050
2002-11-15,0.006031,0.005961,0.002716,0.002689,0.006149,909.83,11295982800.00,7051
2002-11-18,-0.009038,-0.009085,-0.001622,-0.001651,-0.010409,900.36,11193488700.00,7049
2002-11-19,-0.004534,-0.004545,-0.003086,-0.003102,-0.004021,896.74,11145812900.00,7047
2002-11-20,0.018458,0.018376,0.015659,0.015568,0.019415,914.15,11351188400.00,7048
2002-11-21,0.021235,0.021182,0.018407,0.018346,0.021452,933.76,11591584500.00,7047
2002-11-22,-0.001957,-0.001966,0.005707,0.005700,-0.003438,930.55,11569863500.00,7053
2002-11-25,0.003400,0.003388,0.011775,0.011762,0.002504,932.88,11608991800.00,7050
2002-11-26,-0.019733,-0.019915,-0.005681,-0.005826,-0.020978,913.31,11378482800.00,7058
2002-11-27,0.027215,0.027128,0.021848,0.021759,0.027986,938.87,11687423300.00,7056
2002-11-29,-0.002594,-0.002646,0.004977,0.004959,-0.002727,936.31,11659670600.00,7056
2002-12-02,-0.000057,-0.000066,0.003977,0.003945,-0.001901,934.53,11659209600.00,7057
2002-12-03,-0.014824,-0.014839,-0.009906,-0.009928,-0.014745,920.75,11486072100.00,7051
2002-12-04,-0.003824,-0.004103,-0.004973,-0.005076,-0.003454,917.57,11438930700.00,7051
2002-12-05,-0.010752,-0.010790,-0.005963,-0.006002,-0.012010,906.55,11316154800.00,7051
2002-12-06,0.005735,0.005695,0.002654,0.002606,0.006266,912.23,11381069900.00,7053
2002-12-09,-0.021675,-0.021698,-0.018128,-0.018142,-0.022176,892.00,11133860000.00,7047
2002-12-10,0.014143,0.014118,0.008876,0.008849,0.013957,904.45,11291136100.00,7045
2002-12-11,0.000948,0.000710,0.001548,0.001238,0.000564,904.96,11303997300.00,7044
2002-12-12,-0.002191,-0.002261,0.001730,0.001592,-0.003724,901.59,11278563700.00,7043
2002-12-13,-0.013081,-0.013106,-0.009734,-0.009809,-0.013432,889.48,11129842800.00,7040
2002-12-16,0.021630,0.021592,0.009171,0.009136,0.023519,910.40,11369483900.00,7036
2002-12-17,-0.007772,-0.007800,-0.005430,-0.005452,-0.008139,902.99,11280756300.00,7034
2002-12-18,-0.013167,-0.013244,-0.012766,-0.012855,-0.013145,891.12,11133013600.00,7033
2002-12-19,-0.006740,-0.006906,-0.004199,-0.004250,-0.007709,884.25,11056901300.00,7032
2002-12-20,0.011620,0.011589,0.004411,0.004357,0.013005,895.75,11185158400.00,7034
2002-12-23,0.002633,0.002619,0.001974,0.001885,0.001820,897.38,11212032200.00,7028
2002-12-24,-0.004790,-0.004822,0.001012,0.000940,-0.005471,892.47,11158802800.00,7026
2002-12-26,-0.001644,-0.001662,0.002201,0.002125,-0.003149,889.66,11140224700.00,7025
2002-12-27,-0.015051,-0.015451,-0.005237,-0.005701,-0.016029,875.40,10968624800.00,7024
2002-12-30,0.003474,0.003429,-0.003508,-0.003581,0.004558,879.39,11006174600.00,7022
2002-12-31,0.001781,0.001689,0.010114,0.010081,0.000489,879.82,11029741700.00,7020
2003-01-02,0.030453,0.030362,0.019650,0.019589,0.033200,909.03,11363213800.00,7014
2003-01-03,-0.000337,-0.000352,0.002080,0.002067,-0.000484,908.59,11360168700.00,7012
2003-01-06,0.020191,0.020189,0.013205,0.013199,0.022474,929.01,11589613900.00,7012
2003-01-07,-0.006521,-0.006555,-0.001248,-0.001264,-0.006545,922.93,11514318600.00,7014
2003-01-08,-0.013261,-0.013511,-0.006641,-0.006714,-0.014086,909.93,11358309600.00,7011
2003-01-09,0.018159,0.018125,0.013169,0.013146,0.019397,927.58,11564054600.00,7008
2003-01-10,0.000582,0.000578,0.004003,0.003983,-0.000011,927.57,11565693100.00,7000
2003-01-13,-0.001119,-0.001194,0.001845,0.001659,-0.001412,926.26,11545990600.00,6995
2003-01-14,0.005331,0.005325,0.007405,0.007369,0.005830,931.66,11614596100.00,6992
2003-01-15,-0.012335,-0.012472,-0.002849,-0.002967,-0.014426,918.22,11470016500.00,6992
2003-01-16,-0.002893,-0.002911,0.000272,0.000241,-0.003942,914.60,11437551400.00,6990
2003-01-17,-0.013850,-0.013853,-0.009388,-0.009475,-0.014017,901.78,11280243800.00,6986
2003-01-21,-0.015315,-0.015325,-0.007848,-0.007882,-0.015702,887.62,11104141900.00,6982
2003-01-22,-0.008945,-0.009037,-0.003619,-0.003718,-0.010432,878.36,11003736000.00,6980
2003-01-23,0.009995,0.009972,0.006407,0.006381,0.010224,887.34,11113803700.00,6977
2003-01-24,-0.026117,-0.026124,-0.013736,-0.013753,-0.029233,861.40,10822090000.00,6976
2003-01-27,-0.016338,-0.016338,-0.014203,-0.014206,-0.016160,847.48,10645172100.00,6976
2003-01-28,0.011883,0.011881,0.007776,0.007759,0.013051,858.54,10771814300.00,6977
2003-01-29,0.006301,0.006099,0.002176,0.002000,0.006779,864.36,10838432600.00,6978
2003-01-30,-0.020058,-0.020232,-0.010819,-0.011010,-0.022849,844.61,10618823300.00,6975
2003-01-31,0.012660,0.012650,0.007724,0.007687,0.013130,855.70,10757369900.00,6974
2003-02-03,0.003545,0.003527,-0.001589,-0.001657,0.005399,860.32,10795132600.00,6968
2003-02-04,-0.012520,-0.012538,-0.005435,-0.005459,-0.014088,848.20,10660101700.00,6966
2003-02-05,-0.004549,-0.004729,-0.001873,-0.001968,-0.005435,843.59,10610327500.00,6968
2003-02-06,-0.006256,-0.006495,-0.004201,-0.004278,-0.006449,838.15,10541188700.00,6964
2003-02-07,-0.010231,-0.010250,-0.008207,-0.008223,-0.010094,829.69,10432889700.00,6959
2003-02-10,0.006074,0.006034,0.002065,0.002046,0.007569,835.97,10495769500.00,6958
2003-02-11,-0.006158,-0.006192,-0.002401,-0.002462,-0.008098,829.20,10430967400.00,6955
2003-02-12,-0.012217,-0.012593,-0.009056,-0.009422,-0.012687,818.68,10299861600.00,6955
2003-02-13,-0.001822,-0.001926,-0.005069,-0.005118,-0.001600,817.37,10279967200.00,6953
2003-02-14,0.018219,0.018204,0.007774,0.007754,0.021435,834.89,10467265900.00,6952
2003-02-18,0.019322,0.019217,0.012795,0.012764,0.019500,851.17,10667938900.00,6949
2003-02-19,-0.006943,-0.007098,-0.004330,-0.004391,-0.007096,845.13,10591640300.00,6948
2003-02-20,-0.007043,-0.007082,0.000068,0.000028,-0.009502,837.10,10516653300.00,6947
2003-02-21,0.012364,0.012348,0.007663,0.007637,0.013224,848.17,10643095600.00,6944
2003-02-24,-0.016701,-0.016715,-0.009060,-0.009067,-0.018381,832.58,10465130600.00,6941
2003-02-25,0.006273,0.006267,0.001183,0.001177,0.007195,838.57,10530956800.00,6943
2003-02-26,-0.011315,-0.011662,-0.005578,-0.005780,-0.013141,827.55,10408574100.00,6943
2003-02-27,0.011219,0.011101,0.006534,0.006466,0.011758,837.28,10524861000.00,6943
2003-02-28,0.004282,0.004259,0.002400,0.002389,0.004622,841.15,10568696100.00,6937
2003-03-03,-0.006391,-0.006399,-0.002279,-0.002299,-0.007537,834.81,10499153500.00,6925
2003-03-04,-0.013814,-0.013824,-0.007087,-0.007116,-0.015357,821.99,10353677600.00,6924
2003-03-05,0.007475,0.007194,-0.000908,-0.001027,0.009562,829.85,10429373600.00,6922
2003-03-06,-0.008139,-0.008228,-0.005656,-0.005731,-0.009339,822.10,10343964100.00,6923
2003-03-07,0.006956,0.006925,-0.000818,-0.000858,0.008259,828.89,10414674100.00,6917
2003-03-10,-0.022834,-0.022864,-0.013407,-0.013431,-0.025830,807.48,10177515700.00,6914
2003-03-11,-0.007931,-0.007953,-0.003246,-0.003281,-0.008359,800.73,10096551200.00,6912
2003-03-12,0.002237,0.001850,-0.002819,-0.003170,0.004321,804.19,10115237700.00,6912
2003-03-13,0.032055,0.031973,0.018382,0.018252,0.034457,831.90,10438737900.00,6908
2003-03-14,0.001429,0.001413,0.001858,0.001819,0.001647,833.27,10453864100.00,6908
2003-03-17,0.032617,0.032588,0.017444,0.017433,0.035427,862.79,10794525400.00,6904
2003-03-18,0.004911,0.004872,0.006423,0.006393,0.004242,866.45,10847847300.00,6905
2003-03-19,0.006768,0.006713,0.003193,0.002876,0.008737,874.02,10918648700.00,6901
2003-03-20,0.003072,0.003047,0.004272,0.004215,0.001888,875.67,10951714300.00,6901
2003-03-21,0.021151,0.021131,0.012870,0.012828,0.022977,895.79,11183162400.00,6899
2003-03-24,-0.032826,-0.032831,-0.018122,-0.018131,-0.035232,864.23,10816131600.00,6896
2003-03-25,0.011789,0.011785,0.009332,0.009317,0.012161,874.74,10943799800.00,6894
2003-03-26,-0.004861,-0.004954,-0.002183,-0.002311,-0.005476,869.95,10891252300.00,6890
2003-03-27,-0.000744,-0.000940,0.002096,0.001779,-0.001644,868.52,10882652200.00,6882
2003-03-28,-0.004284,-0.004336,0.001637,0.001567,-0.005780,863.50,10835134700.00,6877
2003-03-31,-0.015746,-0.015749,-0.004040,-0.004051,-0.017742,848.18,10672373100.00,6870
2003-04-01,0.010749,0.010723,0.005803,0.005770,0.012144,858.48,10787548200.00,6870
2003-04-02,0.024911,0.024750,0.015609,0.015510,0.026116,880.90,11054538700.00,6867
2003-04-03,-0.004769,-0.004784,0.001672,0.001637,-0.005052,876.45,11001472900.00,6862
2003-04-04,0.001551,0.001547,0.001335,0.001320,0.002738,878.85,11018497300.00,6861
2003-04-07,0.002212,0.002191,0.006788,0.006755,0.001229,879.93,11042666000.00,6860
2003-04-08,-0.001747,-0.002021,-0.002761,-0.002798,-0.001864,878.29,11020295800.00,6856
2003-04-09,-0.011709,-0.011808,-0.002256,-0.002372,-0.014005,865.99,10889952400.00,6854
2003-04-10,0.005252,0.005095,0.001808,0.001743,0.006455,871.58,10945282800.00,6852
2003-04-11,-0.002872,-0.002964,-0.000026,-0.000275,-0.003763,868.30,10912964500.00,6851
2003-04-14,0.017886,0.017862,0.010061,0.009973,0.019498,885.23,11107761300.00,6849
2003-04-15,0.006331,0.006258,0.005279,0.005214,0.006303,890.81,11177689900.00,6850
2003-04-16,-0.010234,-0.010249,-0.001028,-0.001053,-0.012236,879.91,11005443300.00,6851
2003-04-17,0.015178,0.015014,0.012428,0.012371,0.015536,893.58,11170662000.00,6848
2003-04-21,-0.000385,-0.000410,0.004999,0.004976,-0.001757,892.01,11165770800.00,6845
2003-04-22,0.020172,0.020160,0.012474,0.012417,0.021704,911.37,11390565600.00,6844
2003-04-23,0.008330,0.008304,0.009150,0.009074,0.008394,919.02,11485262500.00,6843
2003-04-24,-0.008325,-0.008330,-0.001952,-0.001977,-0.008259,911.43,11389411900.00,6840
2003-04-25,-0.012574,-0.012580,-0.003923,-0.003942,-0.013846,898.81,11246996200.00,6841
2003-04-28,0.016864,0.016709,0.012453,0.012294,0.017835,914.84,11435096200.00,6837
2003-04-29,0.003239,0.003175,0.005032,0.004934,0.003279,917.84,11471319600.00,6837
2003-04-30,0.000726,0.000623,0.007256,0.007174,-0.001002,916.92,11542163800.00,6834
2003-05-01,0.000256,0.000109,0.003822,0.003721,-0.000676,916.30,11544330400.00,6832
2003-05-02,0.014894,0.014874,0.016049,0.015975,0.015039,930.08,11716200800.00,6830
2003-05-05,-0.000874,-0.000913,0.008763,0.008718,-0.003795,926.55,11705403700.00,6825
2003-05-06,0.008617,0.008610,0.008582,0.008530,0.008462,934.39,11806217300.00,6824
2003-05-07,-0.004813,-0.004951,0.000447,0.000321,-0.005105,929.62,11745334300.00,6823
2003-05-08,-0.009286,-0.009306,-0.003033,-0.003072,-0.010058,920.27,11635999900.00,6818
2003-05-09,0.013521,0.013339,0.012392,0.012356,0.014278,933.41,11791217100.00,6815
2003-05-12,0.012283,0.012256,0.011639,0.011605,0.012535,945.11,11936198200.00,6815
2003-05-13,-0.001893,-0.002049,0.003896,0.003640,-0.002973,942.30,11911642500.00,6814
2003-05-14,-0.001457,-0.001750,0.005048,0.004901,-0.003205,939.28,11891107900.00,6814
2003-05-15,0.006899,0.006805,0.007443,0.007399,0.007868,946.67,11972017700.00,6815
2003-05-16,-0.002024,-0.002117,-0.001224,-0.001261,-0.002504,944.30,11946259300.00,6816
2003-05-19,-0.022017,-0.022040,-0.010426,-0.010461,-0.024918,920.77,11682965000.00,6816
2003-05-20,-0.000310,-0.000325,-0.000089,-0.000116,-0.001129,919.73,11679161800.00,6815
2003-05-21,0.003965,0.003866,0.003873,0.003782,0.004012,923.42,11724288400.00,6814
2003-05-22,0.009068,0.009058,0.008584,0.008545,0.009151,931.87,11830557700.00,6808
2003-05-23,0.002720,0.002709,0.007249,0.007240,0.001449,933.22,11862584300.00,6805
2003-05-27,0.018616,0.018613,0.015815,0.015812,0.019567,951.48,12083376600.00,6800
2003-05-28,0.001873,0.001718,0.006603,0.006434,0.001829,953.22,12107809700.00,6803
2003-05-29,-0.002381,-0.002460,0.006375,0.006304,-0.003756,949.64,12077828900.00,6798
2003-05-30,0.014917,0.014876,0.015390,0.015376,0.014690,963.59,12251384900.00,6795
2003-06-02,0.004382,0.004347,0.006590,0.006571,0.003539,967.00,12304626500.00,6792
2003-06-03,0.003597,0.003591,0.003286,0.003268,0.004716,971.56,12348785100.00,6790
2003-06-04,0.015277,0.015039,0.016344,0.016259,0.015110,986.24,12534590100.00,6792
2003-06-05,0.005792,0.005736,0.010643,0.010508,0.003954,990.14,12606271300.00,6791
2003-06-06,-0.003336,-0.003394,0.000103,0.000058,-0.002404,987.76,12563784300.00,6790
2003-06-09,-0.012579,-0.012597,-0.007604,-0.007625,-0.011977,975.93,12405574000.00,6789
2003-06-10,0.009563,0.009544,0.008610,0.008588,0.009130,984.84,12525769700.00,6789
2003-06-11,0.013377,0.013007,0.010952,0.010715,0.012835,997.48,12688738400.00,6788
2003-06-12,0.001634,0.001546,0.004598,0.004420,0.001033,998.51,12709027500.00,6789
2003-06-13,-0.009961,-0.009979,-0.007079,-0.007136,-0.009915,988.61,12582379300.00,6787
2003-06-16,0.020524,0.020498,0.011857,0.011826,0.022385,1010.74,12840567600.00,6787
2003-06-17,0.001213,0.001200,0.004297,0.004283,0.000910,1011.66,12856497200.00,6784
2003-06-18,-0.001679,-0.001738,0.001248,0.001181,-0.001552,1010.09,12834159700.00,6784
2003-06-19,-0.014223,-0.014251,-0.006852,-0.006898,-0.015236,994.70,12651135000.00,6783
2003-06-20,-0.000029,-0.000058,-0.000009,-0.000054,0.000995,995.69,12650035100.00,6781
2003-06-23,-0.014824,-0.014837,-0.014388,-0.014464,-0.014111,981.64,12463603600.00,6777
2003-06-24,0.001761,0.001756,0.001420,0.001399,0.001834,983.44,12485470100.00,6774
2003-06-25,-0.005039,-0.005063,0.002596,0.002521,-0.008267,975.31,12426283300.00,6781
2003-06-26,0.010578,0.010220,0.007697,0.007361,0.010776,985.82,12552472000.00,6777
2003-06-27,-0.007565,-0.007599,-0.000192,-0.000244,-0.009738,976.22,12455320000.00,6775
2003-06-30,-0.001247,-0.001269,0.000404,0.000367,-0.001762,974.50,12448794300.00,6774
2003-07-01,0.006779,0.006632,0.003256,0.003179,0.008025,982.32,12534274700.00,6764
2003-07-02,0.012673,0.012618,0.016164,0.016088,0.011646,993.76,12692402800.00,6758
2003-07-03,-0.006433,-0.006435,-0.001650,-0.001662,-0.008111,985.70,12610735800.00,6755
2003-07-07,0.017834,0.017819,0.015419,0.015404,0.018992,1004.42,12835409400.00,6751
2003-07-08,0.004626,0.004366,0.010532,0.010495,0.003405,1007.84,12891393100.00,6749
2003-07-09,-0.003130,-0.003212,0.007287,0.007179,-0.005586,1002.21,12850015100.00,6748
2003-07-10,-0.013119,-0.013125,-0.006726,-0.006781,-0.013480,988.70,12676445000.00,6747
2003-07-11,0.008946,0.008867,0.008204,0.007976,0.009548,998.14,12788944500.00,6746
2003-07-14,0.007305,0.007299,0.009624,0.009617,0.005731,1003.86,12882229000.00,6745
2003-07-15,-0.004232,-0.004248,-0.002720,-0.002792,-0.003427,1000.42,12826955100.00,6743
2003-07-16,-0.006056,-0.006127,-0.002466,-0.002504,-0.006417,994.00,12748302200.00,6739
2003-07-17,-0.014502,-0.014518,-0.017620,-0.017735,-0.012344,981.73,12563694900.00,6741
2003-07-18,0.010647,0.010635,0.006940,0.006920,0.011806,993.32,12698052300.00,6743
2003-07-21,-0.013153,-0.013180,-0.007817,-0.007829,-0.014618,978.80,12530743500.00,6740
2003-07-22,0.009225,0.009220,0.007835,0.007798,0.009512,988.11,12646412400.00,6740
2003-07-23,0.002128,0.002102,0.003378,0.003331,0.000506,988.61,12673223200.00,6739
2003-07-24,-0.005786,-0.005793,-0.000209,-0.000256,-0.007091,981.60,12600745700.00,6737
2003-07-25,0.014812,0.014801,0.006072,0.006062,0.017400,998.68,12787099800.00,6735
2003-07-28,-0.000087,-0.000089,0.005780,0.005760,-0.002163,996.52,12786211500.00,6735
2003-07-29,-0.005694,-0.005859,0.000195,-0.000003,-0.007265,989.28,12712884900.00,6739
2003-07-30,-0.002022,-0.002148,-0.002190,-0.002305,-0.001809,987.49,12686452800.00,6737
2003-07-31,0.002954,0.002766,0.004928,0.004884,0.002856,990.31,12723890200.00,6742
2003-08-01,-0.009930,-0.009959,-0.008219,-0.008284,-0.010259,980.15,12599802300.00,6740
2003-08-04,0.000612,0.000588,-0.002816,-0.002887,0.002724,982.82,12607419800.00,6736
2003-08-05,-0.015913,-0.015941,-0.007774,-0.007799,-0.017664,965.46,12406314900.00,6734
2003-08-06,0.000031,-0.000126,-0.004450,-0.004556,0.001678,967.08,12404898300.00,6734
2003-08-07,0.005845,0.005802,-0.000407,-0.000518,0.007280,974.12,12477481600.00,6734
2003-08-08,0.003421,0.003410,0.001690,0.001668,0.003562,977.59,12524903100.00,6734
2003-08-11,0.004933,0.004753,0.006635,0.006614,0.003069,980.59,12581099600.00,6732
2003-08-12,0.010299,0.010278,0.009272,0.009232,0.009953,990.35,12709315500.00,6730
2003-08-13,-0.004396,-0.004762,0.002129,0.001743,-0.006382,984.03,12649340900.00,6730
2003-08-14,0.005485,0.005462,0.005284,0.005221,0.006585,990.51,12718371300.00,6725
2003-08-15,0.001097,0.000966,0.001892,0.001865,0.000162,990.67,12727825500.00,6535
2003-08-18,0.009742,0.009705,0.010435,0.010415,0.009155,999.74,12855505800.00,6721
2003-08-19,0.004374,0.004351,0.008200,0.008176,0.002611,1002.35,12911894600.00,6723
2003-08-20,-0.001200,-0.001274,0.002386,0.002303,-0.002045,1000.30,12895403000.00,6720
2003-08-21,0.004300,0.004273,0.009154,0.009113,0.002969,1003.27,12950385600.00,6720
2003-08-22,-0.010071,-0.010081,-0.006403,-0.006418,-0.010177,993.06,12819646400.00,6715
2003-08-25,-0.000861,-0.000869,-0.002039,-0.002042,0.000655,993.71,12807921900.00,6713
2003-08-26,0.003082,0.003075,0.002715,0.002699,0.003039,996.73,12847767600.00,6715
2003-08-27,0.002067,0.001899,0.006870,0.006680,0.000060,996.79,12873638200.00,6719
2003-08-28,0.007012,0.006948,0.008639,0.008589,0.006069,1002.84,12962312500.00,6717
2003-08-29,0.005252,0.005201,0.006835,0.006792,0.005155,1008.01,13039377600.00,6715
2003-09-02,0.013285,0.013265,0.013014,0.012999,0.013869,1021.99,13212636600.00,6715
2003-09-03,0.004633,0.004405,0.006407,0.006194,0.004188,1026.27,13273961600.00,6716
2003-09-04,0.002509,0.002478,0.006029,0.005980,0.001656,1027.97,13306971500.00,6717
2003-09-05,-0.005392,-0.005409,-0.000213,-0.000228,-0.006401,1021.39,13234590600.00,6716
2003-09-08,0.010332,0.010265,0.010898,0.010840,0.010035,1031.64,13369741100.00,6716
2003-09-09,-0.007523,-0.007535,-0.002093,-0.002119,-0.008210,1023.17,13269047500.00,6716
2003-09-10,-0.013316,-0.013413,-0.012455,-0.012541,-0.011973,1010.92,13091683900.00,6717
2003-09-11,0.005893,0.005598,0.007928,0.007619,0.005441,1016.42,13164894000.00,6715
2003-09-12,0.002416,0.002387,0.004029,0.003912,0.002174,1018.63,13198627100.00,6715
2003-09-15,-0.003410,-0.003441,0.000571,0.000542,-0.003750,1014.81,13152776200.00,6712
2003-09-16,0.013478,0.013460,0.010951,0.010923,0.014298,1029.32,13329707300.00,6710
2003-09-17,-0.002289,-0.002318,0.002349,0.002301,-0.003255,1025.97,13298877800.00,6710
2003-09-18,0.011918,0.011901,0.008092,0.008058,0.013266,1039.58,13458279500.00,6710
2003-09-19,-0.001433,-0.001462,0.003458,0.003424,-0.003155,1036.30,13439387800.00,6710
2003-09-22,-0.012240,-0.012246,-0.005914,-0.005943,-0.013008,1022.82,13274110100.00,6705
2003-09-23,0.006262,0.006255,0.007727,0.007706,0.006071,1029.03,13354960100.00,6704
2003-09-24,-0.017653,-0.017667,-0.009986,-0.010030,-0.019096,1009.38,13120846100.00,6706
2003-09-25,-0.008074,-0.008229,-0.013232,-0.013261,-0.006053,1003.27,13013035600.00,6705
2003-09-26,-0.008389,-0.008726,-0.013085,-0.013400,-0.006399,996.85,12903124200.00,6711
2003-09-29,0.009705,0.009672,0.007159,0.007103,0.009761,1006.58,13027962000.00,6711
2003-09-30,-0.009054,-0.009057,-0.003590,-0.003603,-0.010541,995.97,12959560300.00,6709
2003-10-01,0.020888,0.020796,0.015301,0.015219,0.022340,1018.22,13228281800.00,6708
2003-10-02,0.003326,0.003210,0.004592,0.004496,0.001984,1020.24,13270430400.00,6707
2003-10-03,0.009717,0.009703,0.009749,0.009735,0.009419,1029.85,13400968400.00,6710
2003-10-06,0.005163,0.005159,0.007322,0.007307,0.004370,1034.35,13470011200.00,6709
2003-10-07,0.004998,0.004965,0.006260,0.006208,0.004737,1039.25,13538516800.00,6709
2003-10-08,-0.004394,-0.004682,-0.001340,-0.001457,-0.005263,1033.78,13473183700.00,6708
2003-10-09,0.005326,0.005324,0.005947,0.005936,0.004788,1038.73,13544974100.00,6709
2003-10-10,0.000140,0.000040,0.001437,0.001195,-0.000645,1038.06,13545982500.00,6710
2003-10-13,0.007721,0.007721,0.010423,0.010423,0.007023,1045.35,13650562000.00,6710
2003-10-14,0.004395,0.004394,0.006228,0.005984,0.003951,1049.48,13709128500.00,6708
2003-10-15,-0.003325,-0.003491,-0.002103,-0.002213,-0.002592,1046.76,13661245600.00,6704
2003-10-16,0.003658,0.003635,0.004563,0.004523,0.003162,1050.07,13713492100.00,6706
2003-10-17,-0.010804,-0.010808,-0.007540,-0.007556,-0.010237,1039.32,13564519700.00,6705
2003-10-20,0.003713,0.003708,0.001836,0.001825,0.005157,1044.68,13615196100.00,6705
2003-10-21,0.002752,0.002751,0.004343,0.004329,0.001292,1046.03,13652727700.00,6704
2003-10-22,-0.014458,-0.014532,-0.011672,-0.011719,-0.014981,1030.36,13454383000.00,6702
2003-10-23,0.001176,0.001145,-0.003985,-0.004015,0.003310,1033.77,13470011500.00,6702
2003-10-24,-0.004248,-0.004256,-0.003693,-0.003709,-0.004701,1028.91,13413078500.00,6702
2003-10-27,0.004134,0.004133,0.008859,0.008851,0.002158,1031.13,13468474500.00,6701
2003-10-28,0.015113,0.015105,0.012185,0.012158,0.015187,1046.79,13671859100.00,6701
2003-10-29,0.002859,0.002665,0.006919,0.006752,0.001261,1048.11,13708978900.00,6704
2003-10-30,-0.000955,-0.001162,0.001370,0.001309,-0.001116,1046.94,13693876100.00,6705
2003-10-31,0.002428,0.002385,0.001959,0.001907,0.003601,1050.71,13736339700.00,6703
2003-11-03,0.008873,0.008852,0.010932,0.010885,0.007909,1059.02,13855724400.00,6696
2003-11-04,-0.003714,-0.003729,0.002004,0.001838,-0.005448,1053.25,13804470900.00,6696
2003-11-05,-0.000578,-0.000766,0.002436,0.002342,-0.001367,1051.81,13793098900.00,6694
2003-11-06,0.005487,0.005402,0.005314,0.005228,0.005933,1058.05,13868953200.00,6695
2003-11-07,-0.002324,-0.002494,0.002978,0.002946,-0.004574,1053.21,13835093600.00,6694
2003-11-10,-0.007259,-0.007312,-0.006173,-0.006192,-0.005792,1047.11,13734455400.00,6695
2003-11-11,-0.002055,-0.002055,-0.005676,-0.005676,-0.000516,1046.57,13706288900.00,6695
2003-11-12,0.013367,0.013016,0.014352,0.013986,0.011457,1058.56,13885635100.00,6694
2003-11-13,0.000510,0.000481,0.002597,0.002529,-0.000142,1058.41,13893587300.00,6693
2003-11-14,-0.007764,-0.007896,-0.006905,-0.006936,-0.007615,1050.35,13784846700.00,6689
2003-11-17,-0.007164,-0.007182,-0.009705,-0.009717,-0.006398,1043.63,13685766400.00,6690
2003-11-18,-0.007721,-0.007762,-0.004267,-0.004298,-0.009084,1034.15,13582009100.00,6690
2003-11-19,0.007142,0.007069,0.003848,0.003782,0.008016,1042.44,13678034500.00,6686
2003-11-20,-0.007335,-0.007358,-0.004990,-0.005048,-0.008432,1033.65,13578458500.00,6689
2003-11-21,0.001907,0.001867,0.002108,0.002081,0.001577,1035.28,13602454600.00,6687
2003-11-24,0.016013,0.016003,0.012823,0.012796,0.016228,1052.08,13822213600.00,6685
2003-11-25,0.003440,0.003331,0.006372,0.006176,0.001720,1053.89,13872771800.00,6688
2003-11-26,0.004616,0.004457,0.006305,0.006200,0.004327,1058.45,13936472600.00,6687
2003-11-28,0.001486,0.001464,0.005573,0.005547,-0.000236,1058.20,13967732700.00,6688
2003-12-01,0.010917,0.010863,0.011020,0.010847,0.011264,1070.12,14120321000.00,6683
2003-12-02,-0.002278,-0.002290,0.000896,0.000894,-0.003271,1066.62,14087927200.00,6686
2003-12-03,-0.002715,-0.002934,-0.004904,-0.004997,-0.001772,1064.73,14046616400.00,6685
2003-12-04,0.002376,0.002322,-0.000744,-0.000788,0.004687,1069.72,14082001900.00,6684
2003-12-05,-0.006926,-0.006942,-0.004201,-0.004265,-0.007684,1061.50,13985313500.00,6684
2003-12-08,0.006418,0.006361,0.003112,0.003068,0.007348,1069.30,14073465200.00,6682
2003-12-09,-0.008974,-0.008985,-0.008538,-0.008555,-0.008529,1060.18,13947251200.00,6683
2003-12-10,-0.003182,-0.003341,-0.009328,-0.009458,-0.001066,1059.05,13899598300.00,6682
2003-12-11,0.012812,0.012648,0.014629,0.014288,0.011482,1071.21,14076299400.00,6682
2003-12-12,0.003440,0.003419,0.007220,0.007140,0.002735,1074.14,14127488800.00,6684
2003-12-15,-0.007059,-0.007101,-0.008949,-0.009029,-0.005679,1068.04,14027567800.00,6686
2003-12-16,0.004763,0.004741,-0.000305,-0.000343,0.006638,1075.13,14094554400.00,6687
2003-12-17,0.001536,0.001443,0.001254,0.001146,0.001256,1076.48,14116265300.00,6692
2003-12-18,0.012222,0.012097,0.010770,0.010724,0.011798,1089.18,14290820900.00,6695
2003-12-19,-0.000445,-0.000482,0.000012,-0.000026,-0.000468,1088.67,14284869700.00,6698
2003-12-22,0.003886,0.003867,0.003100,0.002956,0.003922,1092.94,14335672200.00,6693
2003-12-23,0.003668,0.003656,0.005755,0.005721,0.002818,1096.02,14394282700.00,6694
2003-12-24,-0.001081,-0.001099,0.001372,0.001290,-0.001807,1094.04,14378331300.00,6692
2003-12-26,0.001947,0.001931,0.004383,0.004303,0.001691,1095.89,14404497700.00,6690
2003-12-29,0.012792,0.012420,0.011611,0.011273,0.012401,1109.48,14582971000.00,6691
2003-12-30,0.000757,0.000653,0.003599,0.003527,0.000144,1109.64,14592914100.00,6693
2003-12-31,0.000032,0.000016,-0.001174,-0.001220,0.002055,1111.92,14581819400.00,6690
2004-01-02,-0.000784,-0.000859,0.006070,0.006048,-0.003094,1108.48,14568674400.00,6684
2004-01-05,0.012269,0.012264,0.012936,0.012927,0.012395,1122.22,14747862600.00,6684
2004-01-06,0.001951,0.001917,0.004868,0.004855,0.001292,1123.67,14776987800.00,6686
2004-01-07,0.002716,0.002520,0.005653,0.005574,0.002367,1126.33,14814089100.00,6683
2004-01-08,0.004865,0.004831,0.008348,0.008317,0.004963,1131.92,14885781300.00,6684
2004-01-09,-0.006234,-0.006244,-0.000313,-0.000341,-0.008888,1121.86,14792959600.00,6684
2004-01-12,0.005251,0.005229,0.008830,0.008809,0.004787,1127.23,14870349300.00,6684
2004-01-13,-0.004591,-0.004654,-0.000546,-0.000738,-0.005332,1121.22,14801333400.00,6683
2004-01-14,0.007248,0.007204,0.006933,0.006825,0.008295,1130.52,14908092000.00,6682
2004-01-15,0.001138,0.001117,0.001466,0.001400,0.001353,1132.05,14924807500.00,6681
2004-01-16,0.006970,0.006967,0.008029,0.008025,0.006872,1139.83,15028808400.00,6678
2004-01-20,0.002584,0.002566,0.012299,0.012251,-0.000930,1138.77,15066945000.00,6677
2004-01-21,0.005595,0.005537,0.002608,0.002564,0.007772,1147.62,15151850000.00,6678
2004-01-22,-0.002894,-0.002924,-0.003088,-0.003121,-0.003207,1143.94,15104770200.00,6677
2004-01-23,-0.001380,-0.001390,0.003266,0.003247,-0.002089,1141.55,15083662700.00,6679
2004-01-26,0.010493,0.010492,0.007669,0.007654,0.012106,1155.37,15241981600.00,6678
2004-01-27,-0.008574,-0.008578,-0.002394,-0.002399,-0.009798,1144.05,15111665300.00,6679
2004-01-28,-0.014189,-0.014352,-0.013049,-0.013226,-0.013610,1128.48,14895679300.00,6681
2004-01-29,0.001361,0.001158,-0.008374,-0.008431,0.004989,1134.11,14913115300.00,6680
2004-01-30,-0.000614,-0.000621,0.003530,0.003517,-0.002628,1131.13,14913081600.00,6693
2004-02-02,0.002927,0.002910,0.000397,0.000365,0.003651,1135.26,14955476600.00,6693
2004-02-03,0.000126,0.000117,0.000035,0.000010,0.000678,1136.03,14961439400.00,6696
2004-02-04,-0.009916,-0.010059,-0.014544,-0.014624,-0.008371,1126.52,14811333700.00,6696
2004-02-05,0.002283,0.002250,0.001911,0.001839,0.001838,1128.59,14849375200.00,6701
2004-02-06,0.014345,0.014297,0.016339,0.016299,0.012556,1142.76,15063024300.00,6702
2004-02-09,-0.000402,-0.000548,0.004509,0.004477,-0.002581,1139.81,15054433000.00,6701
2004-02-10,0.005805,0.005792,0.007230,0.007169,0.005027,1145.54,15142849500.00,6702
2004-02-11,0.010254,0.009915,0.007439,0.007130,0.010668,1157.76,15288893600.00,6701
2004-02-12,-0.004532,-0.004623,-0.002436,-0.002550,-0.004880,1152.11,15221165400.00,6703
2004-02-13,-0.005320,-0.005384,-0.005332,-0.005352,-0.005468,1145.81,15138629400.00,6700
2004-02-17,0.009798,0.009789,0.009204,0.009187,0.009757,1156.99,15286120000.00,6700
2004-02-18,-0.004464,-0.004572,-0.003134,-0.003194,-0.004468,1151.82,15215099600.00,6698
2004-02-19,-0.005332,-0.005366,-0.006904,-0.006940,-0.004133,1147.06,15133602400.00,6697
2004-02-20,-0.003538,-0.003561,-0.005238,-0.005272,-0.002572,1144.11,15080314300.00,6698
2004-02-23,-0.005033,-0.005062,-0.010800,-0.010816,-0.002727,1140.99,15005015200.00,6697
2004-02-24,-0.000969,-0.000974,-0.002408,-0.002415,-0.001665,1139.09,14993126100.00,6697
2004-02-25,0.005125,0.005003,0.006740,0.006608,0.004021,1143.67,15072555300.00,6700
2004-02-26,0.002933,0.002706,0.006325,0.006240,0.001084,1144.91,15113308500.00,6699
2004-02-27,0.001570,0.001561,0.005456,0.005453,0.000026,1144.94,15166342000.00,6697
2004-03-01,0.010243,0.010203,0.012118,0.012041,0.009625,1155.96,15318992800.00,6692
2004-03-02,-0.005624,-0.005637,-0.002248,-0.002260,-0.005934,1149.10,15232695400.00,6691
2004-03-03,0.001209,0.001000,0.002227,0.002129,0.001688,1151.04,15248411000.00,6691
2004-03-04,0.004571,0.004542,0.007842,0.007797,0.003336,1154.88,15318175800.00,6691
2004-03-05,0.002974,0.002961,0.003454,0.003434,0.001723,1156.87,15364513400.00,6693
2004-03-08,-0.008043,-0.008106,-0.006010,-0.006058,-0.008350,1147.21,15239934900.00,6689
2004-03-09,-0.006631,-0.006665,-0.007299,-0.007324,-0.005779,1140.58,15138589800.00,6690
2004-03-10,-0.015184,-0.015292,-0.014762,-0.014877,-0.014633,1123.89,14907757800.00,6691
2004-03-11,-0.013977,-0.014269,-0.011873,-0.012200,-0.015224,1106.78,14695071800.00,6690
2004-03-12,0.012795,0.012781,0.014299,0.014182,0.012460,1120.57,14883718400.00,6690
2004-03-15,-0.015556,-0.015587,-0.016513,-0.016559,-0.014350,1104.49,14652640900.00,6691
2004-03-16,0.004603,0.004577,-0.001220,-0.001249,0.005623,1110.70,14720772300.00,6692
2004-03-17,0.012464,0.012397,0.013407,0.013328,0.011749,1123.75,14903737300.00,6696
2004-03-18,-0.001498,-0.001517,-0.001807,-0.001837,-0.001273,1122.32,14881393700.00,6698
2004-03-19,-0.009448,-0.009467,-0.003020,-0.003054,-0.011173,1109.78,14741950500.00,6698
2004-03-22,-0.014014,-0.014031,-0.016140,-0.016176,-0.012958,1095.40,14536086700.00,6699
2004-03-23,-0.000691,-0.000694,0.001573,0.001557,-0.001324,1093.95,14526590900.00,6701
2004-03-24,-0.003338,-0.003348,-0.003036,-0.003078,-0.002395,1091.33,14478166300.00,6700
2004-03-25,0.016648,0.016634,0.013398,0.013376,0.016365,1109.19,14715907800.00,6700
2004-03-26,0.000327,0.000321,0.003268,0.003221,-0.001019,1108.06,14724469900.00,6706
2004-03-29,0.013132,0.012923,0.011186,0.010927,0.013005,1122.47,14914863300.00,6704
2004-03-30,0.005163,0.005131,0.006653,0.006605,0.004036,1127.00,14988572100.00,6703
2004-03-31,0.000196,0.000126,0.004052,0.004012,-0.000701,1126.21,15037206200.00,6705
2004-04-01,0.006667,0.006639,0.006876,0.006830,0.005292,1132.17,15134220400.00,6702
2004-04-02,0.008538,0.008484,0.009104,0.009091,0.008515,1141.81,15264727600.00,6701
2004-04-05,0.006553,0.006550,0.005305,0.005289,0.007672,1150.57,15365618800.00,6701
2004-04-06,-0.003434,-0.003663,-0.006199,-0.006254,-0.002095,1148.16,15309273100.00,6699
2004-04-07,-0.004290,-0.004335,0.001555,0.001516,-0.006645,1140.53,15276691800.00,6698
2004-04-08,-0.001908,-0.002029,-0.000685,-0.000717,-0.001061,1139.32,15246109800.00,6697
2004-04-12,0.003994,0.003977,0.004262,0.004247,0.005161,1145.20,15306828400.00,6697
2004-04-13,-0.014956,-0.015029,-0.014536,-0.014770,-0.013762,1129.44,15076432800.00,6696
2004-04-14,-0.003373,-0.003422,-0.007152,-0.007300,-0.001124,1128.17,15025225400.00,6696
2004-04-15,-0.000039,-0.000043,-0.001682,-0.001705,0.000594,1128.84,15024436000.00,6692
2004-04-16,0.004913,0.004762,0.004400,0.004366,0.005111,1134.61,15095824900.00,6691
2004-04-19,0.002221,0.002219,0.004071,0.004063,0.001066,1135.82,15126176400.00,6688
2004-04-20,-0.015416,-0.015436,-0.012450,-0.012467,-0.015557,1118.15,14892836000.00,6689
2004-04-21,0.005474,0.005416,0.002376,0.002316,0.005312,1124.09,14973829900.00,6692
2004-04-22,0.014456,0.014418,0.010784,0.010759,0.014091,1139.93,15190692700.00,6694
2004-04-23,-0.000319,-0.000328,-0.000902,-0.000920,0.000588,1140.60,15187727600.00,6692
2004-04-26,-0.003138,-0.003142,-0.002583,-0.002617,-0.004445,1135.53,15140507000.00,6688
2004-04-27,0.001199,0.001197,-0.000098,-0.000137,0.002272,1138.11,15159135200.00,6686
2004-04-28,-0.015800,-0.015975,-0.017847,-0.018066,-0.013795,1122.41,14918076600.00,6690
2004-04-29,-0.008753,-0.008991,-0.014693,-0.014788,-0.007591,1113.89,14763429000.00,6690
2004-04-30,-0.006466,-0.006478,-0.010760,-0.010833,-0.005916,1107.30,14677486500.00,6691
2004-05-03,0.008478,0.008443,0.001712,0.001604,0.009203,1117.49,14801787800.00,6688
2004-05-04,0.003519,0.003504,0.006555,0.006521,0.001843,1119.55,14852857100.00,6688
2004-05-05,0.002468,0.002328,0.003218,0.003093,0.001769,1121.53,14887653000.00,6688
2004-05-06,-0.008363,-0.008465,-0.011141,-0.011273,-0.006723,1113.99,14763497200.00,6690
2004-05-07,-0.015939,-0.015942,-0.016933,-0.016964,-0.013725,1098.70,14528821200.00,6689
2004-05-10,-0.013774,-0.013810,-0.021226,-0.021273,-0.010540,1087.12,14328373600.00,6690
2004-05-11,0.009884,0.009728,0.012822,0.012796,0.007662,1095.45,14468292400.00,6692
2004-05-12,0.001178,0.000871,-0.001461,-0.001850,0.001671,1097.28,14479478200.00,6691
2004-05-13,-0.000889,-0.000964,-0.001152,-0.001251,-0.000766,1096.44,14465664700.00,6692
2004-05-14,-0.001343,-0.001477,-0.003696,-0.003746,-0.000675,1095.70,14444932600.00,6693
2004-05-17,-0.010757,-0.010826,-0.013039,-0.013061,-0.010587,1084.10,14288035200.00,6688
2004-05-18,0.007791,0.007620,0.007593,0.007501,0.006817,1091.49,14396923200.00,6689
2004-05-19,-0.001139,-0.001265,0.002872,0.002814,-0.002574,1088.68,14378718800.00,6689
2004-05-20,0.000381,0.000345,-0.001566,-0.001672,0.000468,1089.19,14384465200.00,6690
2004-05-21,0.004478,0.004465,0.006044,0.006007,0.004012,1093.56,14448266200.00,6690
2004-05-24,0.003686,0.003665,0.006881,0.006853,0.001692,1095.41,14499021000.00,6687
2004-05-25,0.016309,0.016305,0.014261,0.014236,0.016104,1113.05,14738039200.00,6684
2004-05-26,0.002682,0.002552,0.005591,0.005435,0.001698,1114.94,14776577200.00,6686
2004-05-27,0.005656,0.005545,0.004970,0.004862,0.005686,1121.28,14859465500.00,6691
2004-05-28,0.000307,0.000293,0.003178,0.003172,-0.000535,1120.68,14886272900.00,6691
2004-06-01,0.001364,0.001341,0.002290,0.002224,0.000464,1121.20,14906015400.00,6689
2004-06-02,0.002955,0.002705,0.002682,0.002590,0.003380,1124.99,14944007100.00,6686
2004-06-03,-0.008524,-0.008635,-0.009511,-0.009576,-0.007422,1116.64,14816146000.00,6686
2004-06-04,0.006046,0.006025,0.006289,0.006257,0.005248,1122.50,14907294300.00,6685
2004-06-07,0.015589,0.015554,0.012268,0.012243,0.015964,1140.42,15138025100.00,6679
2004-06-08,0.000582,0.000506,-0.000904,-0.000959,0.001543,1142.18,15145991200.00,6679
2004-06-09,-0.010733,-0.010808,-0.010233,-0.010313,-0.009499,1131.33,14983226600.00,6681
2004-06-10,0.003580,0.003542,0.000846,0.000778,0.004543,1136.47,15038037700.00,6682
2004-06-14,-0.011044,-0.011316,-0.013468,-0.013834,-0.009837,1125.29,14866933300.00,6677
2004-06-15,0.008004,0.007977,0.009438,0.009389,0.005972,1132.01,14985798800.00,6679
2004-06-16,0.001358,0.001334,0.001806,0.001745,0.001369,1133.56,15008247100.00,6681
2004-06-17,-0.000449,-0.000488,-0.000446,-0.000493,-0.001332,1132.05,15001918400.00,6684
2004-06-18,0.002184,0.002165,-0.000301,-0.000341,0.002624,1135.02,15034784400.00,6685
2004-06-21,-0.003711,-0.003720,-0.001545,-0.001642,-0.004159,1130.30,14978234500.00,6681
2004-06-22,0.003830,0.003808,0.003035,0.002983,0.003636,1134.41,15036544600.00,6686
2004-06-23,0.008835,0.008815,0.008442,0.008392,0.008507,1144.06,15171185300.00,6689
2004-06-24,-0.001968,-0.002131,0.001372,0.001347,-0.002981,1140.65,15139742800.00,6691
2004-06-25,-0.001940,-0.001949,0.004424,0.004400,-0.005453,1134.43,15111569000.00,6695
2004-06-28,-0.002301,-0.002503,-0.002598,-0.002899,-0.000952,1133.35,15069550500.00,6689
2004-06-29,0.002696,0.002666,0.003792,0.003756,0.002515,1136.20,15109852800.00,6690
2004-06-30,0.005474,0.005393,0.006794,0.006725,0.004084,1140.84,15187691900.00,6693
2004-07-01,-0.009929,-0.010021,-0.007867,-0.007982,-0.010431,1128.94,15030257600.00,6684
2004-07-02,-0.001833,-0.001858,0.001427,0.001416,-0.003153,1125.38,15002768700.00,6693
2004-07-06,-0.009002,-0.009005,-0.010534,-0.010554,-0.008148,1116.21,14867995900.00,6694
2004-07-07,0.001886,0.001692,0.000561,0.000478,0.001899,1118.33,14893311900.00,6694
2004-07-08,-0.009185,-0.009235,-0.012084,-0.012119,-0.008244,1109.11,14754406800.00,6694
2004-07-09,0.003273,0.003238,0.002667,0.002650,0.003336,1112.81,14800774400.00,6694
2004-07-12,0.000081,0.000059,-0.002861,-0.002882,0.001384,1114.35,14801646200.00,6692
2004-07-13,0.000549,0.000469,-0.000970,-0.001239,0.000709,1115.14,14809550200.00,6692
2004-07-14,-0.002706,-0.002745,-0.003873,-0.003962,-0.003291,1111.47,14774556000.00,6692
2004-07-15,-0.003322,-0.003326,0.000464,0.000446,-0.004301,1106.69,14724764200.00,6688
2004-07-16,-0.004665,-0.004682,-0.006544,-0.006563,-0.004789,1101.39,14658750500.00,6688
2004-07-19,-0.000594,-0.000594,-0.004278,-0.004282,-0.000445,1100.90,14652749000.00,6686
2004-07-20,0.007463,0.007453,0.008189,0.008142,0.007058,1108.67,14762214100.00,6687
2004-07-21,-0.014356,-0.014428,-0.015714,-0.015760,-0.013340,1093.88,14549051400.00,6686
2004-07-22,0.000790,0.000756,-0.004269,-0.004300,0.002706,1096.84,14564628000.00,6691
2004-07-23,-0.010177,-0.010188,-0.010551,-0.010575,-0.009701,1086.20,14416623700.00,6695
2004-07-26,-0.004618,-0.004623,-0.009922,-0.009933,-0.001970,1084.06,14349767000.00,6694
2004-07-27,0.010403,0.010402,0.010437,0.010428,0.009935,1094.83,14499257200.00,6695
2004-07-28,-0.000160,-0.000352,-0.001939,-0.002161,0.000539,1095.42,14494182900.00,6701
2004-07-29,0.006617,0.006386,0.010064,0.009986,0.004574,1100.43,14586393500.00,6699
2004-07-30,0.001476,0.001465,0.006059,0.006003,0.001172,1101.72,14611313300.00,6696
2004-08-02,0.003532,0.003515,-0.001305,-0.001348,0.004448,1106.62,14662256700.00,6694
2004-08-03,-0.006665,-0.006677,-0.006849,-0.006869,-0.006262,1099.69,14564457000.00,6693
2004-08-04,-0.002274,-0.002434,-0.003546,-0.003643,-0.000964,1098.63,14529190200.00,6693
2004-08-05,-0.015923,-0.015963,-0.012299,-0.012378,-0.016320,1080.70,14296827500.00,6693
2004-08-06,-0.014952,-0.015003,-0.015348,-0.015443,-0.015481,1063.97,14085825700.00,6695
2004-08-09,0.000136,0.000105,-0.004103,-0.004142,0.001175,1065.22,14087737100.00,6693
2004-08-10,0.013192,0.013175,0.011240,0.011221,0.012974,1079.04,14272993400.00,6692
2004-08-11,-0.003387,-0.003826,-0.006461,-0.006720,-0.003012,1075.79,14220012500.00,6696
2004-08-12,-0.011634,-0.011704,-0.011899,-0.012072,-0.011675,1063.23,14054729900.00,6699
2004-08-13,0.001956,0.001859,0.000770,0.000728,0.001477,1064.80,14079766800.00,6696
2004-08-16,0.013976,0.013908,0.010962,0.010914,0.013655,1079.34,14274521200.00,6696
2004-08-17,0.002929,0.002856,0.004403,0.004385,0.002196,1081.71,14315293300.00,6696
2004-08-18,0.012863,0.012707,0.013785,0.013701,0.012443,1095.17,14497353300.00,6697
2004-08-19,-0.003139,-0.003158,-0.001599,-0.001617,-0.003598,1091.23,14451520600.00,6695
2004-08-20,0.008171,0.008165,0.011319,0.011284,0.006525,1098.35,14569729100.00,6695
2004-08-23,-0.003444,-0.003525,-0.002831,-0.002875,-0.002431,1095.68,14517073200.00,6693
2004-08-24,0.000580,0.000568,0.000577,0.000562,0.000465,1096.19,14525607000.00,6694
2004-08-25,0.008004,0.007941,0.007774,0.007661,0.008000,1104.96,14640962600.00,6692
2004-08-26,-0.000350,-0.000371,-0.001207,-0.001232,0.000118,1105.09,14636270100.00,6694
2004-08-27,0.002978,0.002873,0.005450,0.005369,0.002425,1107.77,14678283700.00,6694
2004-08-30,-0.008130,-0.008236,-0.005770,-0.005864,-0.007781,1099.15,14556958600.00,6690
2004-08-31,0.005090,0.005065,0.005752,0.005741,0.004631,1104.24,14639197500.00,6691
2004-09-01,0.003415,0.003167,0.004554,0.004453,0.001512,1105.91,14675045100.00,6687
2004-09-02,0.010564,0.010553,0.008556,0.008530,0.011213,1118.31,14829959500.00,6685
2004-09-03,-0.004227,-0.004240,-0.003308,-0.003334,-0.004185,1113.63,14767070000.00,6684
2004-09-07,0.007449,0.007413,0.006984,0.006927,0.006887,1121.30,14876522300.00,6684
2004-09-08,-0.004534,-0.004701,-0.003547,-0.003699,-0.004486,1116.27,14806810100.00,6686
2004-09-09,0.003149,0.003136,0.007359,0.007334,0.001890,1118.38,14851748500.00,6687
2004-09-10,0.004984,0.004962,0.006192,0.006128,0.004954,1123.92,14925635500.00,6685
2004-09-13,0.003109,0.002842,0.005147,0.004861,0.001691,1125.82,14969771800.00,6687
2004-09-14,0.001931,0.001902,0.000419,0.000371,0.002229,1128.33,14998332200.00,6687
2004-09-15,-0.006368,-0.006402,-0.003611,-0.003685,-0.007055,1120.37,14902740500.00,6690
2004-09-16,0.004133,0.004104,0.006377,0.006294,0.002794,1123.50,14963638500.00,6688
2004-09-17,0.003348,0.003321,0.001165,0.001127,0.004495,1128.55,15013344200.00,6689
2004-09-20,-0.004637,-0.004641,-0.001893,-0.001904,-0.005627,1122.20,14943938500.00,6689
2004-09-21,0.007498,0.007486,0.007471,0.007448,0.006327,1129.30,15055643800.00,6690
2004-09-22,-0.012931,-0.012958,-0.009903,-0.009982,-0.013938,1113.56,14860564400.00,6690
2004-09-23,-0.003453,-0.003607,-0.000186,-0.000218,-0.004670,1108.36,14807876200.00,6691
2004-09-24,0.001526,0.001506,0.000875,0.000850,0.001579,1110.11,14830923900.00,6694
2004-09-27,-0.006775,-0.006787,-0.008093,-0.008128,-0.005936,1103.52,14729713200.00,6696
2004-09-28,0.006590,0.006380,0.006535,0.006231,0.005926,1110.06,14824845000.00,6696
2004-09-29,0.004718,0.004630,0.005864,0.005809,0.004270,1114.80,14894225900.00,6704
2004-09-30,0.001209,0.001197,0.005099,0.005085,-0.000197,1114.58,14920472000.00,6706
2004-10-01,0.014771,0.014737,0.013046,0.013004,0.015181,1131.50,15140960800.00,6702
2004-10-04,0.003670,0.003585,0.005085,0.005073,0.003243,1135.17,15194968300.00,6700
2004-10-05,-0.000539,-0.000548,-0.000080,-0.000093,-0.000608,1134.48,15187903300.00,6703
2004-10-06,0.006917,0.006661,0.005977,0.005847,0.006673,1142.05,15289144600.00,6702
2004-10-07,-0.010217,-0.010267,-0.007996,-0.008019,-0.009982,1130.65,15134357500.00,6707
2004-10-08,-0.006684,-0.006697,-0.005678,-0.005704,-0.007527,1122.14,15033198900.00,6708
2004-10-11,0.001698,0.001698,0.002379,0.002379,0.002005,1124.39,15058181900.00,6707
2004-10-12,-0.002378,-0.002382,-0.002547,-0.002568,-0.002268,1121.84,15022308500.00,6706
2004-10-13,-0.007334,-0.007471,-0.006431,-0.006764,-0.007301,1113.65,14910693500.00,6707
2004-10-14,-0.008117,-0.008125,-0.006096,-0.006171,-0.009303,1103.29,14789499900.00,6707
2004-10-15,0.004768,0.004758,0.004154,0.004141,0.004450,1108.20,14858606500.00,6709
2004-10-18,0.004412,0.004409,0.001701,0.001677,0.005252,1114.02,14922992500.00,6706
2004-10-19,-0.008645,-0.008648,-0.004585,-0.004595,-0.009686,1103.23,14793964900.00,6705
2004-10-20,0.001836,0.001771,0.002842,0.002795,0.000390,1103.66,14820187700.00,6705
2004-10-21,0.004427,0.004382,0.007061,0.006957,0.002564,1106.49,14884781200.00,6707
2004-10-22,-0.009257,-0.009278,-0.006434,-0.006446,-0.009715,1095.74,14747177300.00,6707
2004-10-25,-0.000108,-0.000108,0.002031,0.002030,-0.000849,1094.81,14749662700.00,6706
2004-10-26,0.013014,0.013013,0.006837,0.006818,0.014870,1111.09,14942101200.00,6708
2004-10-27,0.012508,0.012326,0.009868,0.009713,0.012879,1125.40,15087141200.00,6710
2004-10-28,0.001125,0.000871,0.000071,-0.000024,0.001813,1127.44,15104266300.00,6717
2004-10-29,0.002335,0.002293,0.001993,0.001957,0.002448,1130.20,15142568300.00,6720
2004-11-01,0.000818,0.000813,0.001722,0.001695,0.000274,1130.51,15154455500.00,6714
2004-11-02,0.000014,0.000009,0.000245,0.000233,0.000027,1130.54,15156436300.00,6716
2004-11-03,0.011655,0.011480,0.010250,0.010164,0.011198,1143.20,15330454000.00,6714
2004-11-04,0.014329,0.014274,0.007671,0.007588,0.016156,1161.67,15549494800.00,6715
2004-11-05,0.003812,0.003797,0.004761,0.004742,0.003874,1166.17,15611695200.00,6717
2004-11-08,-0.001256,-0.001350,-0.001109,-0.001293,-0.001098,1164.89,15590915200.00,6715
2004-11-09,0.000582,0.000276,0.004682,0.004549,-0.000695,1164.08,15595654200.00,6715
2004-11-10,0.000533,0.000328,0.005021,0.004686,-0.001005,1162.91,15602168500.00,6716
2004-11-11,0.008917,0.008917,0.008568,0.008568,0.009089,1173.48,15744357500.00,6715
2004-11-12,0.008840,0.008725,0.007782,0.007712,0.009110,1184.17,15935374600.00,6718
2004-11-15,0.000475,-0.001664,0.003901,0.003862,-0.000304,1183.81,15901823800.00,6714
2004-11-16,-0.005987,-0.006056,-0.003363,-0.003382,-0.007079,1175.43,15806064500.00,6715
2004-11-17,0.006101,0.005998,0.007896,0.007808,0.005538,1181.94,15900906200.00,6713
2004-11-18,0.000170,0.000153,0.000565,0.000523,0.001362,1183.55,15907372500.00,6718
2004-11-19,-0.009890,-0.009937,-0.005731,-0.005779,-0.011161,1170.34,15750011400.00,6718
2004-11-22,0.006188,0.006162,0.006321,0.006273,0.005896,1177.24,15846553200.00,6718
2004-11-23,0.000873,0.000829,0.003949,0.003897,-0.000255,1176.94,15861163700.00,6719
2004-11-24,0.005134,0.005093,0.007947,0.007921,0.004095,1181.76,15941997600.00,6720
2004-11-26,0.001805,0.001691,0.004959,0.004874,0.000753,1182.65,15969030900.00,6718
2004-11-29,-0.002265,-0.002424,0.003075,0.002950,-0.003450,1178.57,15930141400.00,6719
2004-11-30,-0.003304,-0.003318,-0.000669,-0.000682,-0.004030,1173.82,15892686600.00,6718
2004-12-01,0.014061,0.013820,0.009709,0.009624,0.014951,1191.37,16090304200.00,6712
2004-12-02,-0.001620,-0.001638,-0.000687,-0.000857,-0.000873,1190.33,16064332400.00,6712
2004-12-03,0.001251,0.001244,0.003183,0.003159,0.000706,1191.17,16085572500.00,6715
2004-12-06,-0.001273,-0.001314,-0.000049,-0.000091,-0.000772,1190.25,16064631600.00,6713
2004-12-07,-0.011598,-0.011621,-0.011669,-0.011685,-0.011073,1177.07,15877210300.00,6713
2004-12-08,0.004093,0.003884,0.002901,0.002766,0.004877,1182.81,15939060800.00,6715
2004-12-09,0.004163,0.004131,0.000077,0.000041,0.005436,1189.24,15985772800.00,6720
2004-12-10,-0.000318,-0.000320,0.002806,0.002794,-0.001043,1188.00,15982421200.00,6722
2004-12-13,0.008516,0.008365,0.007077,0.006743,0.008990,1198.68,16113809700.00,6719
2004-12-14,0.004305,0.004282,0.005254,0.005215,0.003921,1203.38,16186074800.00,6724
2004-12-15,0.003763,0.003676,0.006400,0.006281,0.001945,1205.72,16261390500.00,6728
2004-12-16,-0.003268,-0.003318,-0.003333,-0.003386,-0.002082,1203.21,16212933500.00,6735
2004-12-17,-0.004307,-0.004353,0.001684,0.001604,-0.007472,1194.22,16143107300.00,6736
2004-12-20,-0.000797,-0.000860,-0.003273,-0.003322,0.000360,1194.65,16129107200.00,6735
2004-12-21,0.009004,0.008953,0.007314,0.007188,0.009040,1205.45,16273613600.00,6733
2004-12-22,0.003479,0.003225,0.003717,0.003638,0.003418,1209.57,16325496700.00,6732
2004-12-23,0.001100,0.001049,0.003446,0.003315,0.000463,1210.13,16342543300.00,6733
2004-12-27,-0.003973,-0.003998,-0.000818,-0.000851,-0.004305,1204.92,16275641800.00,6732
2004-12-28,0.008061,0.008036,0.010040,0.009950,0.007154,1213.54,16405927200.00,6732
2004-12-29,0.000635,0.000414,0.002215,0.001818,-0.000074,1213.45,16412496600.00,6731
2004-12-30,0.000697,0.000617,0.004193,0.004076,0.000082,1213.55,16422528300.00,6733
2004-12-31,-0.001006,-0.001029,0.003435,0.003398,-0.001343,1211.92,16455382200.00,6732
2005-01-03,-0.010034,-0.010048,-0.009869,-0.009901,-0.008119,1202.08,16284556000.00,6721
2005-01-04,-0.012805,-0.012884,-0.014262,-0.014280,-0.011671,1188.05,16074919800.00,6721
2005-01-05,-0.006124,-0.006195,-0.010687,-0.010734,-0.003628,1183.74,15975323900.00,6720
2005-01-06,0.003483,0.003320,0.002287,0.002244,0.003506,1187.89,16028410700.00,6719
2005-01-07,-0.002217,-0.002222,-0.003704,-0.003718,-0.001431,1186.19,15991932600.00,6714
2005-01-10,0.004212,0.004201,0.003755,0.003744,0.003423,1190.25,16048701500.00,6711
2005-01-11,-0.006282,-0.006329,-0.008537,-0.008554,-0.006100,1182.99,15947229600.00,6711
2005-01-12,0.004215,0.004074,0.002705,0.002428,0.003981,1187.70,16013191700.00,6711
2005-01-13,-0.006858,-0.006863,-0.002709,-0.002747,-0.008630,1177.45,15904121400.00,6714
2005-01-14,0.006240,0.006231,0.007311,0.007270,0.006005,1184.52,16003349100.00,6712
2005-01-18,0.009229,0.009214,0.007684,0.007660,0.009675,1195.98,16150670700.00,6712
2005-01-19,-0.008926,-0.008978,-0.006363,-0.006399,-0.009490,1184.63,16005786300.00,6710
2005-01-20,-0.007464,-0.007483,-0.007668,-0.007713,-0.007783,1175.41,15886273400.00,6708
2005-01-21,-0.004617,-0.004626,-0.001068,-0.001083,-0.006415,1167.87,15813719500.00,6712
2005-01-24,-0.004884,-0.004911,-0.008397,-0.008400,-0.003528,1163.75,15735104700.00,6708
2005-01-25,0.002687,0.002685,0.001183,0.001175,0.004004,1168.41,15778251600.00,6708
2005-01-26,0.006401,0.006375,0.008623,0.008590,0.004844,1174.07,15880116600.00,6711
2005-01-27,0.000685,0.000569,0.001403,0.001292,0.000409,1174.55,15892342700.00,6716
2005-01-28,-0.002823,-0.002884,-0.001581,-0.001624,-0.002716,1171.36,15845404300.00,6718
2005-01-31,0.009458,0.009455,0.011297,0.011288,0.008460,1181.27,16003221100.00,6719
2005-02-01,0.006835,0.006824,0.005319,0.005291,0.006891,1189.41,16112492400.00,6717
2005-02-02,0.003886,0.003759,0.005535,0.005456,0.003178,1193.19,16173217700.00,6717
2005-02-03,-0.002612,-0.002847,-0.001503,-0.001560,-0.002766,1189.89,16128615000.00,6721
2005-02-04,0.010821,0.010807,0.009515,0.009488,0.011043,1203.03,16302277400.00,6722
2005-02-07,-0.001330,-0.001355,0.000092,0.000064,-0.001089,1201.72,16280363600.00,6719
2005-02-08,0.001189,0.001032,0.001395,0.001344,0.000483,1202.30,16297538900.00,6719
2005-02-09,-0.008991,-0.009183,-0.010220,-0.010301,-0.008575,1191.99,16149909000.00,6721
2005-02-10,0.004488,0.004426,0.000507,0.000413,0.004211,1197.01,16225210400.00,6726
2005-02-11,0.007830,0.007625,0.007131,0.006836,0.006926,1205.30,16354365000.00,6728
2005-02-14,0.001126,0.001050,0.002061,0.002045,0.000697,1206.14,16371889100.00,6729
2005-02-15,0.002769,0.002698,0.000199,0.000169,0.003300,1210.12,16419245700.00,6736
2005-02-16,0.001005,0.000898,0.002078,0.002001,0.000182,1210.34,16435009400.00,6735
2005-02-17,-0.007124,-0.007176,-0.005372,-0.005422,-0.007923,1200.75,16317570700.00,6736
2005-02-18,0.000171,0.000157,-0.001214,-0.001244,0.000700,1201.59,16319848000.00,6735
2005-02-22,-0.013717,-0.013735,-0.011550,-0.011569,-0.014506,1184.16,16094317600.00,6733
2005-02-23,0.004849,0.004779,0.002061,0.002000,0.005607,1190.80,16169965100.00,6732
2005-02-24,0.007576,0.007333,0.004865,0.004773,0.007894,1200.20,16292004500.00,6735
2005-02-25,0.009857,0.009741,0.008821,0.008723,0.009307,1211.37,16445982600.00,6732
2005-02-28,-0.005807,-0.005821,-0.002731,-0.002750,-0.006414,1203.60,16348814000.00,6729
2005-03-01,0.005390,0.005372,0.004735,0.004709,0.005658,1210.41,16437915800.00,6727
2005-03-02,0.000326,0.000076,-0.001383,-0.001466,-0.000273,1210.08,16437951000.00,6727
2005-03-03,0.000449,0.000417,0.000914,0.000870,0.000322,1210.47,16444951500.00,6733
2005-03-04,0.009633,0.009623,0.006282,0.006238,0.009624,1222.12,16604387000.00,6730
2005-03-07,0.002398,0.002367,0.000829,0.000807,0.002610,1225.31,16644153600.00,6730
2005-03-08,-0.004366,-0.004460,-0.004019,-0.004067,-0.004799,1219.43,16569725600.00,6727
2005-03-09,-0.009488,-0.009575,-0.007195,-0.007298,-0.010185,1207.01,16412731000.00,6728
2005-03-10,-0.000288,-0.000329,-0.004526,-0.004584,0.001856,1209.25,16407969200.00,6731
2005-03-11,-0.005027,-0.005319,-0.001217,-0.001558,-0.007583,1200.08,16320766100.00,6728
2005-03-14,0.005694,0.005660,0.001333,0.001296,0.005625,1206.83,16409163500.00,6726
2005-03-15,-0.006290,-0.006316,-0.004356,-0.004401,-0.007524,1197.75,16305583500.00,6727
2005-03-16,-0.007743,-0.007821,-0.006631,-0.006722,-0.008082,1188.07,16177214100.00,6726
2005-03-17,0.002437,0.002401,0.001191,0.001045,0.001801,1190.21,16218477100.00,6726
2005-03-18,-0.001550,-0.001573,-0.003286,-0.003318,-0.000471,1189.65,16193479000.00,6727
2005-03-21,-0.004379,-0.004380,-0.002710,-0.002718,-0.004934,1183.78,16123226800.00,6727
2005-03-22,-0.008714,-0.008753,-0.004405,-0.004479,-0.010196,1171.71,15967248400.00,6725
2005-03-23,-0.002604,-0.002632,-0.008747,-0.008779,0.000700,1172.53,15924844200.00,6724
2005-03-24,0.000349,0.000331,0.002661,0.002625,-0.000947,1171.42,15938269500.00,6724
2005-03-28,0.000872,0.000861,-0.001939,-0.001984,0.002441,1174.28,15944812900.00,6725
2005-03-29,-0.008085,-0.008456,-0.011556,-0.011894,-0.007596,1165.36,15813496200.00,6732
2005-03-30,0.013133,0.013023,0.009659,0.009588,0.013773,1181.41,16020293300.00,6733
2005-03-31,0.001237,0.001222,0.003774,0.003744,-0.000694,1180.59,16073148100.00,6732
2005-04-01,-0.005488,-0.005524,-0.003858,-0.003911,-0.006497,1172.92,15984802700.00,6730
2005-04-04,0.002121,0.002036,-0.001183,-0.001210,0.002728,1176.12,16016831400.00,6727
2005-04-05,0.003686,0.003671,0.001685,0.001663,0.004481,1181.39,16075278500.00,6726
2005-04-06,0.002551,0.002382,0.001945,0.001860,0.002269,1184.07,16114203400.00,6730
2005-04-07,0.005288,0.005117,0.005046,0.004991,0.005971,1191.14,16194681700.00,6728
2005-04-08,-0.008448,-0.008452,-0.006389,-0.006428,-0.008345,1181.20,16056076200.00,6726
2005-04-11,-0.000777,-0.000793,-0.004473,-0.004588,0.000008,1181.21,16040289300.00,6723
2005-04-12,0.005017,0.004972,0.002780,0.002753,0.005545,1187.76,16119447800.00,6723
2005-04-13,-0.011829,-0.011971,-0.009663,-0.010008,-0.011762,1173.79,15926931000.00,6723
2005-04-14,-0.011059,-0.011067,-0.012299,-0.012335,-0.010002,1162.05,15750990600.00,6724
2005-04-15,-0.015775,-0.015787,-0.014739,-0.014764,-0.016721,1142.62,15503002300.00,6725
2005-04-18,0.003002,0.002993,-0.000051,-0.000138,0.002941,1145.98,15541845200.00,6718
2005-04-19,0.008087,0.008086,0.012076,0.012058,0.005934,1152.78,15666536300.00,6717
2005-04-20,-0.012649,-0.012711,-0.009398,-0.009467,-0.013255,1137.50,15467650300.00,6718
2005-04-21,0.017855,0.017824,0.012982,0.012953,0.019736,1159.95,15743691800.00,6721
2005-04-22,-0.007110,-0.007304,-0.008138,-0.008160,-0.006750,1152.12,15628547600.00,6722
2005-04-25,0.008939,0.008937,0.006645,0.006618,0.008662,1162.10,15768166000.00,6720
2005-04-26,-0.008554,-0.008558,-0.007976,-0.008008,-0.008915,1151.74,15628988700.00,6721
2005-04-27,0.001882,0.001748,-0.002878,-0.003048,0.004029,1156.38,15657962100.00,6727
2005-04-28,-0.011559,-0.011809,-0.012810,-0.012903,-0.011380,1143.22,15472144800.00,6725
2005-04-29,0.010097,0.010088,0.005917,0.005882,0.011923,1156.85,15652628600.00,6723
2005-05-02,0.005299,0.005286,0.003072,0.003003,0.004590,1162.16,15734905800.00,6721
2005-05-03,-0.000979,-0.000993,-0.000220,-0.000240,-0.000852,1161.17,15720437200.00,6722
2005-05-04,0.013061,0.012887,0.012051,0.011944,0.012470,1175.65,15923447400.00,6724
2005-05-05,-0.001302,-0.001363,0.001332,0.001261,-0.002569,1172.63,15903511900.00,6728
2005-05-06,-0.000078,-0.000133,0.001893,0.001842,-0.001092,1171.35,15901423800.00,6729
2005-05-09,0.006436,0.006421,0.006494,0.006441,0.006394,1178.84,16003333500.00,6731
2005-05-10,-0.009783,-0.009809,-0.006555,-0.006608,-0.010705,1166.22,15847151900.00,6733
2005-05-11,0.003261,0.002849,-0.000229,-0.000556,0.004193,1171.11,15894859500.00,6736
2005-05-12,-0.010554,-0.010717,-0.008441,-0.008585,-0.010033,1159.36,15724256900.00,6734
2005-05-13,-0.005123,-0.005222,-0.003414,-0.003463,-0.004580,1154.05,15642118300.00,6734
2005-05-16,0.009719,0.009635,0.004931,0.004872,0.010086,1165.69,15792669300.00,6732
2005-05-17,0.006678,0.006574,0.003165,0.003114,0.006957,1173.80,15894990000.00,6730
2005-05-18,0.011394,0.011235,0.012251,0.012175,0.010019,1185.56,16073774800.00,6730
2005-05-19,0.004915,0.004827,0.003922,0.003874,0.004656,1191.08,16147051100.00,6726
2005-05-20,-0.001387,-0.001396,0.000746,0.000700,-0.001511,1189.28,16124221200.00,6722
2005-05-23,0.004614,0.004591,0.003867,0.003818,0.003851,1193.86,16198097500.00,6721
2005-05-24,0.000438,0.000424,0.000290,0.000246,0.000176,1194.07,16203678300.00,6716
2005-05-25,-0.004287,-0.004336,-0.004650,-0.004712,-0.003400,1190.01,16132682900.00,6719
2005-05-26,0.006905,0.006803,0.008589,0.008500,0.006395,1197.62,16244314600.00,6726
2005-05-27,0.002757,0.002652,0.004985,0.004906,0.000969,1198.78,16287392400.00,6726
2005-05-31,-0.004247,-0.004252,0.000770,0.000755,-0.006073,1191.50,16208529900.00,6723
2005-06-01,0.008958,0.008714,0.007541,0.007446,0.009039,1202.27,16349524400.00,6723
2005-06-02,0.002239,0.002222,0.003684,0.003624,0.001680,1204.29,16386576700.00,6723
2005-06-03,-0.005830,-0.005850,-0.002503,-0.002534,-0.006867,1196.02,16291940200.00,6724
2005-06-06,0.001710,0.001648,0.003161,0.003059,0.001246,1197.51,16317992600.00,6721
2005-06-07,0.000036,-0.000012,0.000076,0.000052,-0.000209,1197.26,16317771700.00,6722
2005-06-08,-0.002303,-0.002467,-0.002540,-0.002677,-0.002163,1194.67,16277173200.00,6721
2005-06-09,0.005718,0.005690,0.004700,0.004656,0.005240,1200.93,16370183600.00,6724
2005-06-10,-0.001464,-0.001478,0.000865,0.000791,-0.002348,1198.11,16346172200.00,6724
2005-06-13,0.002673,0.002383,0.002505,0.002162,0.002262,1200.82,16384731500.00,6722
2005-06-14,0.003109,0.003063,0.004470,0.004407,0.002573,1203.91,16430294900.00,6724
2005-06-15,0.002891,0.002856,0.003823,0.003747,0.002218,1206.58,16477363300.00,6724
2005-06-16,0.005130,0.005113,0.007870,0.007831,0.003630,1210.96,16559965600.00,6725
2005-06-17,0.003989,0.003965,0.002749,0.002713,0.004955,1216.96,16627466900.00,6724
2005-06-20,-0.000817,-0.000829,-0.001905,-0.001943,-0.000707,1216.10,16613862000.00,6727
2005-06-21,-0.001898,-0.001924,0.001287,0.001232,-0.002048,1213.61,16582453600.00,6726
2005-06-22,0.001043,0.001022,0.001429,0.001399,0.000222,1213.88,16600173900.00,6727
2005-06-23,-0.009884,-0.010027,-0.008207,-0.008235,-0.010833,1200.73,16435033600.00,6736
2005-06-24,-0.006615,-0.006637,-0.004097,-0.004111,-0.007629,1191.57,16328413300.00,6740
2005-06-27,-0.000434,-0.000438,-0.001855,-0.002005,-0.000739,1190.69,16317822300.00,6736
2005-06-28,0.009693,0.009463,0.010304,0.009992,0.009138,1201.57,16474315500.00,6743
2005-06-29,-0.000377,-0.000484,0.001425,0.001346,-0.001431,1199.85,16470735300.00,6746
2005-06-30,-0.005901,-0.005936,-0.000909,-0.000962,-0.007101,1191.33,16379346500.00,6752
2005-07-01,0.003720,0.003627,0.003112,0.003072,0.002611,1194.44,16444487900.00,6744
2005-07-05,0.008493,0.008478,0.007534,0.007519,0.008833,1204.99,16572753000.00,6740
2005-07-06,-0.006066,-0.006244,-0.001712,-0.001789,-0.008340,1194.94,16470132400.00,6743
2005-07-07,0.002715,0.002664,0.001399,0.001349,0.002452,1197.87,16513678700.00,6740
2005-07-08,0.011958,0.011952,0.011395,0.011368,0.011679,1211.86,16710043400.00,6740
2005-07-11,0.007191,0.007181,0.008991,0.008982,0.006255,1219.44,16830069900.00,6738
2005-07-12,0.002649,0.002609,0.002586,0.002536,0.002272,1222.21,16874124100.00,6739
2005-07-13,-0.000214,-0.000351,-0.000840,-0.001111,0.000884,1223.29,16867976800.00,6739
2005-07-14,0.000447,0.000440,-0.001923,-0.001960,0.002624,1226.50,16874632600.00,6738
2005-07-15,0.001000,0.000995,0.001540,0.001521,0.001158,1227.92,16891751200.00,6738
2005-07-18,-0.004750,-0.004760,-0.002327,-0.002344,-0.005530,1221.13,16811478500.00,6738
2005-07-19,0.008029,0.008023,0.008707,0.008691,0.006731,1229.35,16946403200.00,6737
2005-07-20,0.005585,0.005509,0.007580,0.007527,0.004759,1235.20,17037120600.00,6733
2005-07-21,-0.006793,-0.006801,-0.004299,-0.004326,-0.006606,1227.04,16922964000.00,6740
2005-07-22,0.005735,0.005688,0.007564,0.007545,0.005411,1233.68,17015512800.00,6741
2005-07-25,-0.004223,-0.004224,-0.003476,-0.003486,-0.003769,1229.03,16943434600.00,6740
2005-07-26,0.001937,0.001936,0.003417,0.003398,0.001733,1231.16,16976547400.00,6741
2005-07-27,0.004465,0.004311,0.002456,0.002280,0.004573,1236.79,17048526100.00,6745
2005-07-28,0.007127,0.006914,0.007084,0.007014,0.005603,1243.72,17166761400.00,6748
2005-07-29,-0.006238,-0.006258,-0.000079,-0.000094,-0.007671,1234.18,17064941900.00,6749
2005-08-01,0.002078,0.002068,0.002925,0.002883,0.000948,1235.35,17093972100.00,6742
2005-08-02,0.007238,0.007225,0.005400,0.005381,0.007099,1244.12,17217520000.00,6741
2005-08-03,-0.000180,-0.000363,-0.000573,-0.000686,0.000739,1245.04,17211623200.00,6744
2005-08-04,-0.007447,-0.007480,-0.006831,-0.006889,-0.007373,1235.86,17084461900.00,6745
2005-08-05,-0.008487,-0.008514,-0.007940,-0.007960,-0.007638,1226.42,16942674300.00,6752
2005-08-08,-0.003114,-0.003170,-0.004064,-0.004113,-0.002683,1223.13,16882666800.00,6749
2005-08-09,0.005458,0.005444,0.000752,0.000720,0.006745,1231.38,16977096700.00,6751
2005-08-10,-0.000374,-0.000684,-0.000990,-0.001091,-0.001827,1229.13,16967298900.00,6755
2005-08-11,0.007422,0.007277,0.006125,0.005820,0.007062,1237.81,17087109900.00,6757
2005-08-12,-0.005027,-0.005059,-0.004234,-0.004276,-0.005994,1230.39,16990649500.00,6756
2005-08-15,0.002584,0.002487,0.002420,0.002374,0.002828,1233.87,16995507500.00,6753
2005-08-16,-0.011451,-0.011470,-0.009431,-0.009455,-0.011776,1219.34,16801505300.00,6757
2005-08-17,-0.000621,-0.000829,-0.000445,-0.000518,0.000738,1220.24,16789775400.00,6755
2005-08-18,-0.002088,-0.002122,-0.003425,-0.003458,-0.001000,1219.02,16754711400.00,6756
2005-08-19,0.001963,0.001897,0.002111,0.002085,0.000566,1219.71,16784063100.00,6754
2005-08-22,0.002572,0.002560,0.003189,0.003157,0.001656,1221.73,16827109100.00,6754
2005-08-23,-0.002846,-0.002886,-0.000551,-0.000600,-0.003405,1217.57,16778376000.00,6752
2005-08-24,-0.004397,-0.004452,-0.001047,-0.001099,-0.006554,1209.59,16706271300.00,6754
2005-08-25,0.002226,0.002213,0.002507,0.002489,0.002315,1212.39,16742745800.00,6753
2005-08-26,-0.006717,-0.006731,-0.005619,-0.005638,-0.006013,1205.10,16631534300.00,6756
2005-08-29,0.006143,0.006037,0.003949,0.003885,0.005958,1212.28,16732190700.00,6752
2005-08-30,-0.002326,-0.002438,-0.001661,-0.001740,-0.003192,1208.41,16679178800.00,6749
2005-08-31,0.011704,0.011472,0.011576,0.011503,0.009864,1220.33,16915944500.00,6746
2005-09-01,0.002395,0.002370,0.002765,0.002704,0.001033,1221.59,16952050000.00,6743
2005-09-02,-0.003601,-0.003629,-0.001860,-0.001878,-0.002922,1218.02,16890316900.00,6743
2005-09-06,0.011804,0.011593,0.008458,0.008308,0.012619,1233.39,17086403100.00,6743
2005-09-07,0.002850,0.002694,0.003407,0.003291,0.002408,1236.36,17131618300.00,6743
2005-09-08,-0.003348,-0.003371,-0.001986,-0.002024,-0.003793,1231.67,17073916800.00,6744
2005-09-09,0.007809,0.007804,0.005853,0.005822,0.007965,1241.48,17204887000.00,6743
2005-09-12,-0.000641,-0.000684,0.002142,0.002085,-0.000741,1240.56,17193079500.00,6741
2005-09-13,-0.007076,-0.007345,-0.004601,-0.004885,-0.007545,1231.20,17067119600.00,6741
2005-09-14,-0.003386,-0.003422,-0.004216,-0.004315,-0.003281,1227.16,17006477900.00,6738
2005-09-15,-0.000044,-0.000083,-0.001384,-0.001421,0.000464,1227.73,17001804300.00,6740
2005-09-16,0.007278,0.007239,0.005568,0.005481,0.008292,1237.91,17125486300.00,6739
2005-09-19,-0.004308,-0.004332,-0.004028,-0.004164,-0.005566,1231.02,17049432300.00,6734
2005-09-20,-0.007402,-0.007414,-0.004835,-0.004878,-0.007863,1221.34,16924197300.00,6736
2005-09-21,-0.009359,-0.009393,-0.009264,-0.009331,-0.009121,1210.20,16765091900.00,6737
2005-09-22,0.002136,0.001988,-0.001606,-0.001625,0.003652,1214.62,16799018100.00,6738
2005-09-23,0.001564,0.001547,0.003739,0.003711,0.000552,1215.29,16825933600.00,6736
2005-09-26,0.002419,0.002397,0.003580,0.003545,0.000280,1215.63,16866276300.00,6734
2005-09-27,-0.000294,-0.000305,-0.000819,-0.000844,0.000025,1215.66,16862960300.00,6737
2005-09-28,0.001010,0.000756,-0.000577,-0.000908,0.001012,1216.89,16877376500.00,6737
2005-09-29,0.008593,0.008547,0.006485,0.006439,0.008867,1227.68,17022232800.00,6743
2005-09-30,0.002438,0.002416,0.004955,0.004943,0.000920,1228.81,17079651100.00,6744
2005-10-03,0.000359,0.000338,0.002597,0.002557,-0.001717,1226.70,17078594200.00,6739
2005-10-04,-0.009659,-0.009735,-0.005326,-0.005342,-0.009970,1214.47,16910667000.00,6736
2005-10-05,-0.016797,-0.017058,-0.016440,-0.016555,-0.014887,1196.39,16622018700.00,6735
2005-10-06,-0.006278,-0.006285,-0.008808,-0.008824,-0.004096,1191.49,16517431100.00,6737
2005-10-07,0.004763,0.004752,0.004599,0.004586,0.003701,1195.90,16592243500.00,6738
2005-10-10,-0.007354,-0.007354,-0.006311,-0.006311,-0.007166,1187.33,16468358400.00,6733
2005-10-11,-0.002660,-0.002712,-0.006699,-0.006726,-0.002072,1184.87,16423534400.00,6732
2005-10-12,-0.008149,-0.008283,-0.013183,-0.013460,-0.006068,1177.68,16289470400.00,6734
2005-10-13,-0.002073,-0.002227,-0.003260,-0.003393,-0.000713,1176.84,16253133600.00,6733
2005-10-14,0.009479,0.009464,0.009457,0.009427,0.008268,1186.57,16404191200.00,6732
2005-10-17,0.003384,0.003381,0.001986,0.001965,0.002975,1190.10,16458641000.00,6729
2005-10-18,-0.010903,-0.010916,-0.008305,-0.008340,-0.010050,1178.14,16279925600.00,6729
2005-10-19,0.014065,0.013986,0.007871,0.007819,0.014956,1195.76,16512447500.00,6731
2005-10-20,-0.014752,-0.014784,-0.010520,-0.010581,-0.015020,1177.80,16268543700.00,6730
2005-10-21,0.003546,0.003523,0.004975,0.004958,0.001520,1179.59,16326782300.00,6729
2005-10-24,0.016991,0.016971,0.012265,0.012247,0.016777,1199.38,16595653300.00,6729
2005-10-25,-0.002063,-0.002066,-0.001741,-0.001759,-0.002368,1196.54,16569857200.00,6731
2005-10-26,-0.004559,-0.004578,-0.003427,-0.003475,-0.004312,1191.38,16494326400.00,6739
2005-10-27,-0.012109,-0.012252,-0.013615,-0.013742,-0.010475,1178.90,16290407200.00,6744
2005-10-28,0.015056,0.014975,0.009761,0.009675,0.016549,1198.41,16531649900.00,6741
2005-10-31,0.009498,0.009492,0.011805,0.011777,0.007176,1207.01,16699605400.00,6739
2005-11-01,-0.002208,-0.002221,-0.001917,-0.001951,-0.003521,1202.76,16662236500.00,6737
2005-11-02,0.012030,0.011901,0.011853,0.011764,0.009977,1214.76,16860875100.00,6737
2005-11-03,0.004217,0.003968,0.002822,0.002750,0.004264,1219.94,16928231400.00,6738
2005-11-04,-0.000369,-0.000404,0.000132,0.000099,0.000164,1220.14,16921119300.00,6737
2005-11-07,0.002347,0.002311,0.002920,0.002890,0.002188,1222.81,16954615700.00,6733
2005-11-08,-0.003363,-0.003721,-0.003227,-0.003332,-0.003451,1218.59,16891586000.00,6734
2005-11-09,0.001959,0.001899,0.002089,0.002000,0.001690,1220.65,16927280800.00,6739
2005-11-10,0.006975,0.006777,0.002293,0.001965,0.008446,1230.96,17037745400.00,6737
2005-11-11,0.003481,0.003481,0.003131,0.003131,0.003055,1234.72,17098921700.00,6738
2005-11-14,-0.000808,-0.000892,-0.002344,-0.002385,-0.000778,1233.76,17083970100.00,6737
2005-11-15,-0.004674,-0.004764,-0.007574,-0.007610,-0.003850,1229.01,17002226600.00,6747
2005-11-16,0.001544,0.001385,-0.001143,-0.001242,0.001790,1231.21,17029328200.00,6748
2005-11-17,0.010690,0.010662,0.011056,0.011006,0.009414,1242.80,17206204800.00,6746
2005-11-18,0.004056,0.003966,0.004784,0.004739,0.004401,1248.27,17275306300.00,6748
2005-11-21,0.006446,0.006404,0.006370,0.006292,0.005271,1254.85,17371211100.00,6746
2005-11-22,0.005483,0.005427,0.004034,0.003951,0.005084,1261.23,17467736200.00,6749
2005-11-23,0.003323,0.003279,0.003129,0.003095,0.003473,1265.61,17525258500.00,6750
2005-11-25,0.002472,0.002448,0.001829,0.001804,0.002086,1268.25,17566124000.00,6748
2005-11-28,-0.009953,-0.010065,-0.008347,-0.008428,-0.008508,1257.46,17388516100.00,6747
2005-11-29,0.000318,0.000153,0.000601,0.000497,0.000016,1257.48,17391380600.00,6747
2005-11-30,-0.004119,-0.004350,0.002684,0.002626,-0.006362,1249.48,17357113700.00,6746
2005-12-01,0.013266,0.013252,0.011442,0.011400,0.012157,1264.67,17585404200.00,6745
2005-12-02,0.001039,0.001030,0.001856,0.001819,0.000324,1265.08,17609951400.00,6744
2005-12-05,-0.002597,-0.002634,-0.002570,-0.002586,-0.002363,1262.09,17557200900.00,6736
2005-12-06,0.001563,0.001545,0.001998,0.001982,0.001276,1263.70,17586303700.00,6740
2005-12-07,-0.004391,-0.004577,-0.002900,-0.003028,-0.005009,1257.37,17506076900.00,6741
2005-12-08,0.000351,0.000280,0.002083,0.002022,-0.001217,1255.84,17511624500.00,6741
2005-12-09,0.002604,0.002596,0.004301,0.004296,0.002811,1259.37,17555622800.00,6743
2005-12-12,0.001395,0.001367,0.001348,0.001316,0.000842,1260.43,17577359400.00,6742
2005-12-13,0.004149,0.003991,0.000277,-0.000083,0.005554,1267.43,17648210900.00,6743
2005-12-14,0.003031,0.002959,0.000873,0.000734,0.004190,1272.74,17698136200.00,6742
2005-12-15,-0.002831,-0.002885,-0.003420,-0.003484,-0.001414,1270.94,17647358900.00,6745
2005-12-16,-0.002413,-0.002468,-0.000976,-0.001103,-0.002848,1267.32,17606591000.00,6747
2005-12-19,-0.007145,-0.007158,-0.007373,-0.007428,-0.005839,1259.92,17478858900.00,6748
2005-12-20,0.000023,-0.000007,-0.001446,-0.001528,-0.000238,1259.62,17477303300.00,6748
2005-12-21,0.003791,0.003765,0.005357,0.005281,0.002517,1262.79,17535193000.00,6749
2005-12-22,0.004623,0.004428,0.005428,0.005259,0.004221,1268.12,17612762000.00,6751
2005-12-23,0.000984,0.000815,0.003363,0.003229,0.000426,1268.66,17616230000.00,6754
2005-12-27,-0.009809,-0.009818,-0.007568,-0.007618,-0.009553,1256.54,17443229600.00,6752
2005-12-28,0.002854,0.002544,0.003299,0.002694,0.001297,1258.17,17488127600.00,6753
2005-12-29,-0.002344,-0.002429,0.000077,0.000010,-0.002981,1254.42,17438339100.00,6751
2005-12-30,-0.004415,-0.004424,0.000053,0.000033,-0.004887,1248.29,17375549600.00,6748
2006-01-03,0.016406,0.016393,0.010981,0.010940,0.016431,1268.80,17626361100.00,6742
2006-01-04,0.005523,0.005384,0.007697,0.007588,0.003673,1273.46,17718789600.00,6739
2006-01-05,-0.000334,-0.000344,0.002920,0.002901,0.000016,1273.48,17712009300.00,6736
2006-01-06,0.009805,0.009609,0.009032,0.008932,0.009399,1285.45,17881128600.00,6734
2006-01-09,0.004312,0.004310,0.007009,0.006999,0.003656,1290.15,17950109500.00,6728
2006-01-10,0.000989,0.000953,0.004278,0.004268,-0.000357,1289.69,17966638100.00,6729
2006-01-11,0.003204,0.003068,0.003297,0.003076,0.003481,1294.18,18028657600.00,6729
2006-01-12,-0.006278,-0.006299,-0.002945,-0.003027,-0.006274,1286.06,17914818300.00,6728
2006-01-13,0.001439,0.001428,0.002924,0.002882,0.001205,1287.61,17940894600.00,6727
2006-01-17,-0.003421,-0.003424,-0.002867,-0.002886,-0.003635,1282.93,17880048900.00,6728
2006-01-18,-0.004248,-0.004331,-0.001829,-0.001862,-0.003897,1277.93,17802666700.00,6728
2006-01-19,0.007658,0.007642,0.010498,0.010463,0.005564,1285.04,17943656800.00,6729
2006-01-20,-0.015943,-0.015954,-0.008843,-0.008894,-0.018326,1261.49,17657860200.00,6730
2006-01-23,0.003150,0.003141,0.003408,0.003405,0.001847,1263.82,17714286900.00,6727
2006-01-24,0.004175,0.004145,0.007592,0.007583,0.002405,1266.86,17787831100.00,6728
2006-01-25,-0.002227,-0.002386,-0.000175,-0.000237,-0.001721,1264.68,17749486100.00,6729
2006-01-26,0.008213,0.008188,0.009464,0.009438,0.007235,1273.83,17886733600.00,6730
2006-01-27,0.007056,0.006935,0.005410,0.005287,0.007764,1283.72,18010939400.00,6730
2006-01-30,0.001837,0.001790,0.002908,0.002748,0.001153,1285.20,18042550900.00,6723
2006-01-31,-0.001529,-0.001536,0.002841,0.002828,-0.003984,1280.08,17999559800.00,6723
2006-02-01,0.001468,0.001333,0.002352,0.002244,0.001859,1282.46,18010105700.00,6717
2006-02-02,-0.008453,-0.008642,-0.006317,-0.006354,-0.009061,1270.84,17855140300.00,6719
2006-02-03,-0.004871,-0.004931,-0.002056,-0.002095,-0.005359,1264.03,17772063300.00,6723
2006-02-06,0.002139,0.002124,0.002836,0.002803,0.000783,1265.02,17809350600.00,6724
2006-02-07,-0.010210,-0.010237,-0.009193,-0.009213,-0.008095,1254.78,17627683900.00,6725
2006-02-08,0.006765,0.006472,0.003501,0.003404,0.008663,1265.65,17742722200.00,6724
2006-02-09,-0.001717,-0.001767,0.000101,0.000011,-0.001478,1263.78,17713818400.00,6727
2006-02-10,0.000948,0.000873,-0.001475,-0.001590,0.002540,1266.99,17730041600.00,6728
2006-02-13,-0.004783,-0.004950,-0.005837,-0.006099,-0.003260,1262.86,17642400100.00,6725
2006-02-14,0.009486,0.009400,0.006873,0.006834,0.010033,1275.53,17808749800.00,6726
2006-02-15,0.003464,0.003280,0.004129,0.004048,0.003504,1280.00,17869058900.00,6724
2006-02-16,0.007797,0.007720,0.007215,0.007137,0.007328,1289.38,18005554400.00,6721
2006-02-17,-0.000569,-0.000592,0.001237,0.001212,-0.001660,1287.24,17994694000.00,6721
2006-02-21,-0.002572,-0.002585,-0.001776,-0.001812,-0.003271,1283.03,17947878500.00,6719
2006-02-22,0.006635,0.006562,0.004830,0.004784,0.007513,1292.67,18065385100.00,6720
2006-02-23,-0.002801,-0.002981,-0.000399,-0.000427,-0.003775,1287.79,18012683500.00,6721
2006-02-24,0.002340,0.002219,0.003795,0.003717,0.001274,1289.43,18050688000.00,6723
2006-02-27,0.003461,0.003311,0.003158,0.003029,0.003637,1294.12,18103946300.00,6719
2006-02-28,-0.009851,-0.009861,-0.006854,-0.006872,-0.010401,1280.66,17988632900.00,6720
2006-03-01,0.009403,0.009193,0.009078,0.008976,0.008261,1291.24,18150111400.00,6718
2006-03-02,-0.000446,-0.000470,0.000231,0.000186,-0.001626,1289.14,18140495500.00,6715
2006-03-03,-0.001259,-0.001281,-0.001027,-0.001052,-0.001482,1287.23,18118959200.00,6716
2006-03-06,-0.007394,-0.007424,-0.005855,-0.005872,-0.006968,1278.26,17978081500.00,6712
2006-03-07,-0.005324,-0.005362,-0.009664,-0.009683,-0.001862,1275.88,17868221200.00,6717
2006-03-08,0.000706,0.000472,-0.000948,-0.001101,0.002030,1278.47,17891046800.00,6727
2006-03-09,-0.004217,-0.004239,-0.001974,-0.002015,-0.004881,1272.23,17819817200.00,6726
2006-03-10,0.007387,0.007374,0.006532,0.006471,0.007349,1281.58,17950756800.00,6724
2006-03-13,0.002782,0.002501,0.002713,0.002422,0.001990,1284.13,17995098100.00,6726
2006-03-14,0.010217,0.010196,0.006560,0.006527,0.010396,1297.48,18179128800.00,6724
2006-03-15,0.005301,0.005220,0.006043,0.005936,0.004270,1303.02,18274061000.00,6724
2006-03-16,0.001687,0.001666,0.001905,0.001874,0.001773,1305.33,18304116900.00,6723
2006-03-17,0.001372,0.001347,0.001734,0.001683,0.001471,1307.25,18330550300.00,6724
2006-03-20,-0.001418,-0.001432,0.000322,0.000291,-0.001660,1305.08,18304824100.00,6723
2006-03-21,-0.006708,-0.006720,-0.007002,-0.007034,-0.006015,1297.23,18181992300.00,6725
2006-03-22,0.005976,0.005938,0.006191,0.006100,0.006021,1305.04,18290426100.00,6727
2006-03-23,-0.001281,-0.001290,0.002541,0.002506,-0.002582,1301.67,18264498500.00,6726
2006-03-24,0.002589,0.002564,0.006016,0.005974,0.000983,1302.95,18318555400.00,6729
2006-03-27,-0.000986,-0.000996,0.000744,0.000725,-0.001028,1301.61,18301851600.00,6733
2006-03-28,-0.005286,-0.005301,-0.002449,-0.002523,-0.006438,1293.23,18204813700.00,6733
2006-03-29,0.009242,0.009001,0.010950,0.010610,0.007470,1302.89,18369869100.00,6733
2006-03-30,-0.000607,-0.000656,0.001429,0.001378,-0.002026,1300.25,18357379600.00,6734
2006-03-31,-0.002621,-0.002643,0.003551,0.003533,-0.004168,1294.83,18309607100.00,6733
2006-04-03,0.000840,0.000816,-0.003250,-0.003297,0.002301,1297.81,18285065600.00,6724
2006-04-04,0.005596,0.005525,0.001845,0.001827,0.006257,1305.93,18386780200.00,6723
2006-04-05,0.004924,0.004845,0.004004,0.003917,0.004311,1311.56,18474300800.00,6722
2006-04-06,-0.000825,-0.000994,0.000650,0.000596,-0.001921,1309.04,18456621100.00,6722
2006-04-07,-0.009971,-0.009978,-0.006807,-0.006816,-0.010344,1295.50,18274593900.00,6723
2006-04-10,0.000103,0.000078,-0.002352,-0.002379,0.000849,1296.60,18276000800.00,6722
2006-04-11,-0.008218,-0.008388,-0.009424,-0.009675,-0.007736,1286.57,18122948200.00,6723
2006-04-12,0.001730,0.001681,0.003313,0.003125,0.001205,1288.12,18151294400.00,6724
2006-04-13,0.001237,0.001130,0.002778,0.002731,0.000776,1289.12,18172142000.00,6725
2006-04-17,-0.001500,-0.001502,-0.000978,-0.000995,-0.002940,1285.33,18143107300.00,6725
2006-04-18,0.017369,0.017363,0.013838,0.013816,0.017365,1307.65,18458159800.00,6725
2006-04-19,0.004286,0.004217,0.007719,0.007645,0.001744,1309.93,18538668400.00,6724
2006-04-20,-0.000820,-0.000984,-0.001617,-0.001661,0.001168,1311.46,18511135300.00,6723
2006-04-21,0.000196,0.000163,0.001230,0.001201,-0.000137,1311.28,18517645800.00,6726
2006-04-24,-0.002941,-0.002952,-0.003063,-0.003088,-0.002417,1308.11,18435064800.00,6724
2006-04-25,-0.004011,-0.004134,-0.001083,-0.001155,-0.004870,1301.74,18359471600.00,6726
2006-04-26,0.002145,0.002015,0.002321,0.002177,0.002819,1305.41,18398649500.00,6730
2006-04-27,0.001845,0.001643,-0.001708,-0.001797,0.003302,1309.72,18429806800.00,6729
2006-04-28,0.001336,0.001320,0.003117,0.003080,0.000680,1310.61,18447495800.00,6731
2006-05-01,-0.003281,-0.003289,-0.002505,-0.002549,-0.004135,1305.19,18387029500.00,6728
2006-05-02,0.006042,0.006003,0.004142,0.004074,0.006145,1313.21,18497663100.00,6729
2006-05-03,-0.003151,-0.003321,-0.000189,-0.000318,-0.004082,1307.85,18432615100.00,6727
2006-05-04,0.003972,0.003903,0.005046,0.004974,0.003364,1312.25,18503022100.00,6727
2006-05-05,0.010548,0.010529,0.007474,0.007424,0.010295,1325.76,18705991000.00,6736
2006-05-08,-0.000123,-0.000193,0.000513,0.000446,-0.000830,1324.66,18695393900.00,6733
2006-05-09,0.000884,0.000863,-0.000121,-0.000203,0.000362,1325.14,18711705600.00,6734
2006-05-10,-0.001461,-0.001812,-0.003500,-0.003589,-0.001728,1322.85,18679579500.00,6739
2006-05-11,-0.013542,-0.013703,-0.015043,-0.015386,-0.012798,1305.92,18421719000.00,6737
2006-05-12,-0.012833,-0.012922,-0.013382,-0.013446,-0.011241,1291.24,18180524000.00,6736
2006-05-15,-0.001102,-0.001189,-0.008804,-0.008841,0.002525,1294.50,18158962600.00,6734
2006-05-16,-0.001033,-0.001057,0.000396,0.000340,-0.001869,1292.08,18140371300.00,6732
2006-05-17,-0.017065,-0.017277,-0.012913,-0.012983,-0.016841,1270.32,17820973000.00,6734
2006-05-18,-0.007167,-0.007206,-0.005529,-0.005575,-0.006699,1261.81,17694324100.00,6734
2006-05-19,0.004179,0.004172,0.001897,0.001859,0.004137,1267.03,17765862200.00,6737
2006-05-22,-0.006254,-0.006275,-0.010935,-0.010997,-0.003915,1262.07,17651476200.00,6735
2006-05-23,-0.003447,-0.003469,-0.000263,-0.000295,-0.004350,1256.58,17590202200.00,6733
2006-05-24,-0.000251,-0.000286,-0.004145,-0.004206,0.001584,1258.57,17588223300.00,6735
2006-05-25,0.013911,0.013819,0.012579,0.012553,0.011370,1272.88,17834739600.00,6735
2006-05-26,0.006310,0.006198,0.006560,0.006485,0.005719,1280.16,17944769400.00,6738
2006-05-30,-0.015231,-0.015326,-0.012826,-0.012915,-0.015873,1259.84,17669814200.00,6738
2006-05-31,0.009340,0.009089,0.008139,0.008082,0.008136,1270.09,17856804400.00,6741
2006-06-01,0.012579,0.012541,0.012271,0.012197,0.012298,1285.71,18080281400.00,6741
2006-06-02,0.002584,0.002478,0.004354,0.004323,0.001952,1288.22,18111963900.00,6741
2006-06-05,-0.018875,-0.018914,-0.016441,-0.016469,-0.017800,1265.29,17768627600.00,6735
2006-06-06,-0.003566,-0.003600,-0.006274,-0.006314,-0.001138,1263.85,17705585800.00,6735
2006-06-07,-0.006568,-0.006744,-0.003708,-0.003885,-0.006093,1256.15,17586324400.00,6737
2006-06-08,-0.001106,-0.001173,-0.006287,-0.006373,0.001417,1257.93,17565595300.00,6737
2006-06-09,-0.003265,-0.003272,-0.001844,-0.001890,-0.004476,1252.30,17506620500.00,6737
2006-06-12,-0.014845,-0.014865,-0.018169,-0.018188,-0.012697,1236.40,17242716400.00,6731
2006-06-13,-0.013068,-0.013349,-0.016883,-0.017208,-0.010280,1223.69,17011855100.00,6731
2006-06-14,0.005104,0.005046,0.003091,0.002974,0.005189,1230.04,17100899200.00,6732
2006-06-15,0.023848,0.023819,0.024470,0.024425,0.021235,1256.16,17510087200.00,6735
2006-06-16,-0.004451,-0.004478,-0.005124,-0.005186,-0.003678,1251.54,17431885200.00,6756
2006-06-19,-0.010177,-0.010179,-0.010771,-0.010806,-0.009109,1240.14,17254260200.00,6755
2006-06-20,-0.000519,-0.000547,-0.001002,-0.001092,-0.000016,1240.12,17246689200.00,6756
2006-06-21,0.011788,0.011751,0.011320,0.011247,0.009741,1252.20,17450638100.00,6768
2006-06-22,-0.004869,-0.005061,-0.002921,-0.003005,-0.005271,1245.60,17370772500.00,6773
2006-06-23,0.000926,0.000910,0.002375,0.002333,-0.000883,1244.50,17386209800.00,6780
2006-06-26,0.005543,0.005521,0.004767,0.004755,0.004869,1250.56,17483083800.00,6785
2006-06-27,-0.009672,-0.009683,-0.010046,-0.010062,-0.009084,1239.20,17307745900.00,6786
2006-06-28,0.004934,0.004669,0.002077,0.001677,0.005487,1246.00,17386693300.00,6789
2006-06-29,0.023620,0.023551,0.022214,0.022107,0.021565,1272.87,17810908900.00,6794
2006-06-30,0.001016,0.001005,0.007850,0.007758,-0.002098,1270.20,17830180800.00,6795
2006-07-03,0.007911,0.007819,0.006226,0.006166,0.007865,1280.19,17961261200.00,6784
2006-07-05,-0.008493,-0.008586,-0.007863,-0.007940,-0.007249,1270.91,17804433900.00,6783
2006-07-06,0.002202,0.002021,0.002125,0.002072,0.002494,1274.08,17840368300.00,6783
2006-07-07,-0.007512,-0.007513,-0.008871,-0.008878,-0.006750,1265.48,17706339500.00,6782
2006-07-10,0.000428,0.000393,-0.002190,-0.002200,0.001470,1267.34,17712468600.00,6780
2006-07-11,0.004158,0.004107,0.003267,0.003227,0.004087,1272.52,17783023500.00,6784
2006-07-12,-0.010938,-0.011056,-0.009838,-0.010072,-0.010939,1258.60,17589538200.00,6786
2006-07-13,-0.014147,-0.014186,-0.014840,-0.014945,-0.012959,1242.29,17338419700.00,6787
2006-07-14,-0.005289,-0.005292,-0.006891,-0.006905,-0.004902,1236.20,17245251300.00,6788
2006-07-17,-0.003578,-0.003579,-0.006947,-0.006955,-0.001383,1234.49,17182223500.00,6788
2006-07-18,0.001632,0.001617,0.000127,0.000104,0.001920,1236.86,17210819900.00,6786
2006-07-19,0.019847,0.019772,0.019059,0.019029,0.018555,1259.81,17551045300.00,6784
2006-07-20,-0.011008,-0.011022,-0.013452,-0.013519,-0.008477,1249.13,17357706200.00,6786
2006-07-21,-0.008937,-0.008951,-0.010792,-0.010822,-0.007077,1240.29,17203828800.00,6790
2006-07-24,0.017719,0.017660,0.015016,0.015007,0.016625,1260.91,17508003200.00,6793
2006-07-25,0.007591,0.007590,0.006220,0.006215,0.006321,1268.88,17641481200.00,6791
2006-07-26,0.000335,0.000319,0.000631,0.000575,-0.000378,1268.40,17646264100.00,6793
2006-07-27,-0.005474,-0.005642,-0.005409,-0.005535,-0.004100,1263.20,17548753800.00,6792
2006-07-28,0.013052,0.013001,0.011783,0.011721,0.012152,1278.55,17785994300.00,6790
2006-07-31,-0.000515,-0.000542,0.002443,0.002405,-0.001478,1276.66,17766489300.00,6786
2006-08-01,-0.005261,-0.005273,-0.007660,-0.007698,-0.004496,1270.92,17672677300.00,6789
2006-08-02,0.006701,0.006545,0.006878,0.006753,0.006004,1278.55,17788904500.00,6789
2006-08-03,0.002366,0.002143,0.003799,0.003732,0.001345,1280.27,17826981500.00,6787
2006-08-04,-0.001169,-0.001180,-0.001980,-0.002001,-0.000711,1279.36,17805576500.00,6788
2006-08-07,-0.003005,-0.003041,-0.004334,-0.004364,-0.002806,1275.77,17751123900.00,6787
2006-08-08,-0.003901,-0.003963,-0.006171,-0.006236,-0.003363,1271.48,17681908800.00,6787
2006-08-09,-0.004165,-0.004368,-0.005288,-0.005392,-0.004349,1265.95,17604355600.00,6787
2006-08-10,0.003936,0.003799,0.002548,0.002474,0.004629,1271.81,17670915700.00,6788
2006-08-11,-0.004552,-0.004693,-0.006284,-0.006535,-0.003986,1266.74,17572197400.00,6789
2006-08-14,0.000695,0.000633,0.000266,0.000233,0.001160,1268.21,17583373500.00,6790
2006-08-15,0.014926,0.014847,0.012949,0.012912,0.013697,1285.58,17844246500.00,6790
2006-08-16,0.009373,0.009168,0.009995,0.009899,0.007662,1295.43,18008576500.00,6794
2006-08-17,0.001454,0.001425,0.003179,0.003134,0.001582,1297.48,18034131000.00,6792
2006-08-18,0.002968,0.002957,0.002935,0.002901,0.003715,1302.30,18064054100.00,6790
2006-08-21,-0.003124,-0.003135,-0.003393,-0.003415,-0.003670,1297.52,18007621500.00,6792
2006-08-22,0.001258,0.001244,0.002716,0.002672,0.001002,1298.82,18030034300.00,6790
2006-08-23,-0.005159,-0.005227,-0.006090,-0.006149,-0.004489,1292.99,17934975600.00,6791
2006-08-24,0.001257,0.001237,0.000662,0.000645,0.002374,1296.06,17953302900.00,6792
2006-08-25,-0.000292,-0.000366,0.001549,0.001533,-0.000748,1295.09,17947005000.00,6792
2006-08-28,0.005565,0.005564,0.005269,0.005267,0.005166,1301.78,18045741200.00,6790
2006-08-29,0.003015,0.002869,0.006953,0.006851,0.001920,1304.28,18093067200.00,6790
2006-08-30,0.001335,0.000993,0.005191,0.005071,-0.000008,1304.27,18110824300.00,6788
2006-08-31,0.000892,0.000877,0.003152,0.003124,-0.000345,1303.82,18104286800.00,6787
2006-09-01,0.005059,0.005030,0.003610,0.003549,0.005515,1311.01,18196716200.00,6786
2006-09-05,0.002570,0.002528,0.004396,0.004385,0.001709,1313.25,18239830200.00,6783
2006-09-06,-0.011469,-0.011615,-0.012579,-0.012702,-0.009891,1300.26,18028212800.00,6784
2006-09-07,-0.005378,-0.005433,-0.005234,-0.005294,-0.004799,1294.02,17930216300.00,6782
2006-09-08,0.002437,0.002433,0.001332,0.001311,0.003787,1298.92,17969798000.00,6782
2006-09-11,-0.001584,-0.001623,-0.004027,-0.004054,0.000477,1299.54,17941340300.00,6781
2006-09-12,0.011411,0.011378,0.011914,0.011889,0.010442,1313.11,18145286700.00,6782
2006-09-13,0.005111,0.004808,0.006698,0.006300,0.003777,1318.07,18233648100.00,6782
2006-09-14,-0.002190,-0.002232,-0.001893,-0.001919,-0.001358,1316.28,18193029500.00,6782
2006-09-15,0.002145,0.002115,0.001515,0.001421,0.002727,1319.87,18230904400.00,6778
2006-09-18,0.001524,0.001513,0.001479,0.001437,0.000993,1321.18,18253546800.00,6779
2006-09-19,-0.003259,-0.003272,-0.003654,-0.003689,-0.002172,1318.31,18193907000.00,6776
2006-09-20,0.005183,0.005137,0.004920,0.004814,0.005211,1325.18,18286640000.00,6785
2006-09-21,-0.004423,-0.004572,-0.003890,-0.003926,-0.005395,1318.03,18209239100.00,6802
2006-09-22,-0.003776,-0.003777,-0.005440,-0.005449,-0.002466,1314.78,18142936400.00,6806
2006-09-25,0.007915,0.007907,0.004573,0.004554,0.008815,1326.37,18286656000.00,6806
2006-09-26,0.007254,0.007213,0.003932,0.003894,0.007517,1336.34,18419628300.00,6808
2006-09-27,0.002109,0.001858,0.003680,0.003335,0.000187,1336.59,18454703900.00,6806
2006-09-28,0.001863,0.001831,0.001176,0.001130,0.001915,1339.15,18489395700.00,6810
2006-09-29,-0.002990,-0.003023,-0.001974,-0.002049,-0.002464,1335.85,18424728400.00,6813
2006-10-02,-0.003890,-0.003917,-0.005594,-0.005638,-0.003391,1331.32,18323655500.00,6810
2006-10-03,-0.000401,-0.000423,-0.003132,-0.003195,0.002096,1334.11,18315791000.00,6811
2006-10-04,0.012363,0.012197,0.010910,0.010823,0.012076,1350.22,18538762600.00,6812
2006-10-05,0.005072,0.004874,0.008536,0.008497,0.002222,1353.22,18629028300.00,6810
2006-10-06,-0.003112,-0.003114,-0.001430,-0.001441,-0.002690,1349.58,18561924000.00,6806
2006-10-09,0.002159,0.002159,0.003724,0.003724,0.000800,1350.66,18602168500.00,6805
2006-10-10,0.002247,0.002219,0.002689,0.002641,0.002043,1353.42,18643537400.00,6805
2006-10-11,-0.003595,-0.003705,-0.002578,-0.002762,-0.002564,1349.95,18574715900.00,6806
2006-10-12,0.010567,0.010530,0.012753,0.012625,0.009541,1362.83,18770150600.00,6816
2006-10-13,0.003346,0.003334,0.005475,0.005451,0.002047,1365.62,18834016400.00,6829
2006-10-16,0.004362,0.004356,0.007510,0.007494,0.002512,1369.05,18916122500.00,6829
2006-10-17,-0.004576,-0.004577,-0.004043,-0.004057,-0.003652,1364.05,18829387400.00,6827
2006-10-18,0.001011,0.000943,0.000516,0.000468,0.001400,1365.96,18850220400.00,6831
2006-10-19,0.002379,0.002339,0.004938,0.004883,0.000732,1366.96,18894615800.00,6836
2006-10-20,-0.000425,-0.000437,-0.002823,-0.002855,0.001200,1368.60,18888217000.00,6835
2006-10-23,0.005418,0.005409,0.001171,0.001163,0.006152,1377.02,18995915300.00,6834
2006-10-24,0.000818,0.000794,0.000190,0.000186,0.000261,1377.38,19011178900.00,6838
2006-10-25,0.004353,0.004337,0.004211,0.004190,0.003514,1382.22,19086468800.00,6841
2006-10-26,0.006477,0.006425,0.006882,0.006831,0.004963,1389.08,19210758300.00,6841
2006-10-27,-0.008193,-0.008338,-0.005486,-0.005584,-0.008452,1377.34,19042590500.00,6835
2006-10-30,0.000333,0.000286,0.001295,0.001234,0.000428,1377.93,19048425200.00,6833
2006-10-31,0.000053,0.000049,0.000668,0.000658,0.000007,1377.94,19076842400.00,6831
2006-11-01,-0.008999,-0.009138,-0.010090,-0.010214,-0.007352,1367.81,18902515500.00,6835
2006-11-02,-0.000135,-0.000330,-0.002943,-0.003005,-0.000344,1367.34,18898133700.00,6834
2006-11-03,-0.000312,-0.000430,0.002871,0.002826,-0.002223,1364.30,18889010600.00,6836
2006-11-06,0.011518,0.011490,0.009337,0.009308,0.011347,1379.78,19104243900.00,6834
2006-11-07,0.001818,0.001793,0.001225,0.001195,0.002218,1382.84,19131071400.00,6842
2006-11-08,0.003357,0.003174,0.003894,0.003800,0.002083,1385.72,19191961400.00,6838
2006-11-09,-0.004640,-0.004789,-0.003960,-0.004029,-0.005333,1378.33,19102878800.00,6843
2006-11-10,0.002155,0.002143,0.003670,0.003611,0.001865,1380.90,19147942600.00,6841
2006-11-13,0.002257,0.002032,0.003079,0.002800,0.002549,1384.42,19184543400.00,6836
2006-11-14,0.006933,0.006820,0.008046,0.008002,0.006356,1393.22,19315808000.00,6838
2006-11-15,0.004008,0.003836,0.005532,0.005456,0.002405,1396.57,19387917300.00,6840
2006-11-16,0.001138,0.001108,0.000185,0.000128,0.002284,1399.76,19416682800.00,6840
2006-11-17,0.000214,0.000087,-0.000954,-0.001048,0.001029,1401.20,19418573500.00,6842
2006-11-20,0.000481,0.000407,0.001416,0.001335,-0.000500,1400.50,19404447400.00,6841
2006-11-21,0.003124,0.003073,0.003135,0.003070,0.001649,1402.81,19466930600.00,6844
2006-11-22,0.003000,0.002916,0.003233,0.003136,0.002338,1406.09,19524880600.00,6846
2006-11-24,-0.001904,-0.001981,0.001694,0.001622,-0.003656,1400.95,19485557900.00,6844
2006-11-27,-0.014745,-0.014749,-0.014156,-0.014171,-0.013598,1381.90,19198567400.00,6846
2006-11-28,0.003038,0.002871,0.002724,0.002629,0.003488,1386.72,19255154500.00,6847
2006-11-29,0.009670,0.009322,0.009720,0.009594,0.009202,1399.48,19434497900.00,6843
2006-11-30,0.001694,0.001680,0.004401,0.004385,0.000822,1400.63,19461563000.00,6843
2006-12-01,-0.002826,-0.002872,-0.002653,-0.002726,-0.002799,1396.71,19380586200.00,6845
2006-12-04,0.009992,0.009957,0.009365,0.009308,0.008885,1409.12,19554711400.00,6836
2006-12-05,0.003862,0.003831,0.003597,0.003566,0.004003,1414.76,19630140100.00,6837
2006-12-06,-0.001081,-0.001284,0.000116,0.000011,-0.001315,1412.90,19604903600.00,6836
2006-12-07,-0.003428,-0.003465,-0.001337,-0.001391,-0.003971,1407.29,19534164800.00,6835
2006-12-08,0.001159,0.001142,0.000435,0.000410,0.001812,1409.84,19556923200.00,6837
2006-12-11,0.001969,0.001949,0.000909,0.000884,0.002270,1413.04,19595117200.00,6837
2006-12-12,-0.002021,-0.002046,-0.003558,-0.003585,-0.001047,1411.56,19555226200.00,6833
2006-12-13,0.001191,0.000957,0.000337,-0.000051,0.001169,1413.21,19579754100.00,6839
2006-12-14,0.007678,0.007606,0.004441,0.004384,0.008689,1425.49,19729594800.00,6842
2006-12-15,0.000016,-0.000031,-0.000502,-0.000628,0.001122,1427.09,19728151200.00,6852
2006-12-18,-0.004988,-0.004995,-0.007153,-0.007214,-0.003230,1422.48,19629787400.00,6847
2006-12-19,0.001873,0.001835,-0.000050,-0.000117,0.002158,1425.55,19666413300.00,6849
2006-12-20,-0.000615,-0.000736,0.002350,0.002092,-0.001417,1423.53,19649530400.00,6853
2006-12-21,-0.003813,-0.004024,-0.001329,-0.001436,-0.003674,1418.30,19567798100.00,6852
2006-12-22,-0.004549,-0.004663,-0.000630,-0.000694,-0.005316,1410.76,19478402300.00,6855
2006-12-26,0.004335,0.004307,0.004164,0.004091,0.004352,1416.90,19561945900.00,6854
2006-12-27,0.007793,0.007464,0.008709,0.008230,0.007015,1426.84,19706943200.00,6855
2006-12-28,-0.001042,-0.001106,-0.000452,-0.000511,-0.001479,1424.73,19684983000.00,6853
2006-12-29,-0.004516,-0.004527,-0.001133,-0.001175,-0.004513,1418.30,19619322200.00,6852
2007-01-03,-0.001338,-0.001502,-0.000159,-0.000273,-0.001199,1416.60,19585810700.00,6845
2007-01-04,0.000549,0.000546,0.000591,0.000575,0.001228,1418.34,19591206800.00,6838
2007-01-05,-0.007297,-0.007302,-0.009809,-0.009830,-0.006085,1409.71,19448486000.00,6847
2007-01-08,0.002568,0.002355,0.001731,0.001693,0.002220,1412.84,19494054900.00,6841
2007-01-09,0.000006,0.000005,0.000262,0.000260,-0.000517,1412.11,19494147500.00,6840
2007-01-10,0.002093,0.001984,0.001338,0.001163,0.001940,1414.85,19526336300.00,6835
2007-01-11,0.007322,0.007298,0.007760,0.007652,0.006340,1423.82,19668619700.00,6843
2007-01-12,0.006142,0.006130,0.006821,0.006794,0.004853,1430.73,19786823000.00,6844
2007-01-16,0.000297,0.000294,0.000561,0.000544,0.000818,1431.90,19789292700.00,6843
2007-01-17,-0.000608,-0.000676,-0.000106,-0.000139,-0.000894,1430.62,19775748800.00,6844
2007-01-18,-0.004686,-0.004712,-0.007338,-0.007375,-0.002971,1426.37,19684153100.00,6844
2007-01-19,0.004348,0.004338,0.005339,0.005324,0.002895,1430.50,19771319900.00,6846
2007-01-22,-0.005379,-0.005397,-0.004337,-0.004381,-0.005278,1422.95,19665085500.00,6844
2007-01-23,0.005216,0.005190,0.006200,0.006187,0.003542,1427.99,19768821000.00,6850
2007-01-24,0.008798,0.008775,0.006918,0.006903,0.008501,1440.13,19939876600.00,6848
2007-01-25,-0.010735,-0.010745,-0.007872,-0.007889,-0.011270,1423.90,19726249800.00,6854
2007-01-26,0.000090,0.000088,0.003034,0.003026,-0.001208,1422.18,19724028000.00,6855
2007-01-29,0.000150,0.000027,0.003428,0.003336,-0.001097,1420.62,19721072800.00,6851
2007-01-30,0.005761,0.005729,0.005123,0.005045,0.005772,1428.82,19829580700.00,6847
2007-01-31,0.006358,0.006252,0.003520,0.003472,0.006593,1438.24,19944053500.00,6851
2007-02-01,0.006258,0.006068,0.006416,0.006337,0.005354,1445.94,20060317100.00,6871
2007-02-02,0.001257,0.001242,0.002299,0.002276,0.001694,1448.39,20084225100.00,6870
2007-02-05,-0.000608,-0.000685,-0.001074,-0.001117,-0.000967,1446.99,20069201700.00,6857
2007-02-06,0.001509,0.001497,0.003197,0.003167,0.000698,1448.00,20102029700.00,6871
2007-02-07,0.002194,0.001910,0.003716,0.003624,0.001395,1450.02,20138335200.00,6871
2007-02-08,-0.000426,-0.000458,0.001075,0.000988,-0.001179,1448.31,20130212800.00,6874
2007-02-09,-0.006912,-0.006966,-0.004901,-0.004933,-0.007077,1438.06,19993189300.00,6878
2007-02-12,-0.003886,-0.003958,-0.002915,-0.002953,-0.003261,1433.37,19893296500.00,6874
2007-02-13,0.008049,0.007875,0.005359,0.005090,0.007597,1444.26,20050185100.00,6875
2007-02-14,0.007231,0.007048,0.004639,0.004547,0.007644,1455.30,20188568400.00,6878
2007-02-15,0.001732,0.001659,0.001444,0.001407,0.001038,1456.81,20217998100.00,6881
2007-02-16,0.000511,0.000471,0.002640,0.002593,-0.000872,1455.54,20227963400.00,6881
2007-02-20,0.003573,0.003558,0.005982,0.005941,0.002844,1459.68,20299656300.00,6881
2007-02-21,-0.000293,-0.000344,0.001667,0.001616,-0.001404,1457.63,20293017000.00,6878
2007-02-22,-0.000379,-0.000586,0.002277,0.002212,-0.000858,1456.38,20280114400.00,6887
2007-02-23,-0.002574,-0.002648,0.000068,0.000056,-0.003564,1451.19,20237031800.00,6896
2007-02-26,-0.001268,-0.001367,-0.001080,-0.001145,-0.001254,1449.37,20209941100.00,6894
2007-02-27,-0.034119,-0.034210,-0.031231,-0.031302,-0.034725,1399.04,19519055000.00,6893
2007-02-28,0.004744,0.004512,0.003802,0.003754,0.005561,1406.82,19605264100.00,6891
2007-03-01,-0.002843,-0.002871,-0.004932,-0.004992,-0.002595,1403.17,19586252600.00,6894
2007-03-02,-0.012476,-0.012610,-0.011435,-0.011535,-0.011403,1387.17,19337828900.00,6892
2007-03-05,-0.012010,-0.012044,-0.017184,-0.017204,-0.009408,1374.12,19096614200.00,6890
2007-03-06,0.016740,0.016696,0.017683,0.017657,0.015494,1395.41,19415104500.00,6890
2007-03-07,-0.001349,-0.001568,0.000064,-0.000070,-0.002465,1391.97,19385601500.00,6890
2007-03-08,0.007245,0.007186,0.005598,0.005518,0.007127,1401.89,19527968500.00,6889
2007-03-09,0.001632,0.001628,0.001708,0.001691,0.000685,1402.85,19560128100.00,6891
2007-03-12,0.003138,0.003106,0.004002,0.003971,0.002673,1406.60,19622159300.00,6901
2007-03-13,-0.020154,-0.020426,-0.017483,-0.017793,-0.020368,1377.95,19221461200.00,6898
2007-03-14,0.005427,0.005336,0.002280,0.002182,0.006691,1387.17,19324835500.00,6898
2007-03-15,0.004778,0.004738,0.006076,0.006021,0.003684,1392.28,19415859900.00,6898
2007-03-16,-0.003606,-0.003638,-0.003144,-0.003212,-0.003828,1386.95,19346382000.00,6905
2007-03-19,0.011056,0.011055,0.007394,0.007376,0.010894,1402.06,19558466000.00,6903
2007-03-20,0.006794,0.006760,0.005634,0.005593,0.006334,1410.94,19665596900.00,6903
2007-03-21,0.016761,0.016726,0.012048,0.011948,0.017081,1435.04,19995096700.00,6903
2007-03-22,-0.000141,-0.000149,0.002375,0.002346,-0.000348,1434.54,19965546200.00,6901
2007-03-23,0.001713,0.001694,0.002268,0.002236,0.001094,1436.11,19999178900.00,6908
2007-03-26,0.000555,0.000489,0.000050,-0.000055,0.000968,1437.50,20009058300.00,6909
2007-03-27,-0.005696,-0.005706,-0.004883,-0.004908,-0.006184,1428.61,19891891400.00,6905
2007-03-28,-0.007002,-0.007244,-0.004442,-0.004751,-0.007966,1417.23,19750590300.00,6913
2007-03-29,0.003513,0.003473,0.001980,0.001934,0.003740,1422.53,19810325600.00,6913
2007-03-30,-0.000365,-0.000391,0.002461,0.002428,-0.001174,1420.86,19860575400.00,6915
2007-04-02,0.003037,0.003000,0.002025,0.001973,0.002597,1424.55,19869827500.00,6917
2007-04-03,0.008915,0.008657,0.006778,0.006603,0.009280,1437.77,20037817200.00,6912
2007-04-04,0.001478,0.001459,0.001204,0.001164,0.001113,1439.37,20078257800.00,6916
2007-04-05,0.003628,0.003326,0.003187,0.003144,0.003050,1443.76,20145306600.00,6914
2007-04-09,0.000584,0.000571,0.000858,0.000826,0.000589,1444.61,20155766500.00,6912
2007-04-10,0.002692,0.002669,0.002476,0.002396,0.002617,1448.39,20203090400.00,6915
2007-04-11,-0.005864,-0.005962,-0.004224,-0.004394,-0.006573,1438.87,20082750200.00,6916
2007-04-12,0.006386,0.006333,0.005780,0.005620,0.006206,1447.80,20210888200.00,6917
2007-04-13,0.003735,0.003725,0.005191,0.005141,0.003488,1452.85,20284164100.00,6914
2007-04-16,0.010487,0.010482,0.009227,0.009216,0.010751,1468.47,20496883200.00,6912
2007-04-17,0.001030,0.001021,-0.000892,-0.000915,0.002050,1471.48,20517948800.00,6912
2007-04-18,0.000311,0.000299,-0.000862,-0.000926,0.000693,1472.50,20525947300.00,6914
2007-04-19,-0.002812,-0.003013,-0.004174,-0.004230,-0.001202,1470.73,20476799800.00,6917
2007-04-20,0.009344,0.009321,0.007880,0.007857,0.009261,1484.35,20653818300.00,6913
2007-04-23,-0.001728,-0.001765,-0.000693,-0.000708,-0.002304,1480.93,20613736500.00,6909
2007-04-24,-0.000741,-0.000741,-0.001111,-0.001131,-0.000351,1480.41,20601961200.00,6911
2007-04-25,0.009470,0.009401,0.005081,0.005052,0.010139,1495.42,20794252500.00,6912
2007-04-26,-0.000595,-0.000712,-0.000090,-0.000207,-0.000782,1494.25,20782784200.00,6920
2007-04-27,-0.000789,-0.000830,-0.001686,-0.001732,-0.000120,1494.07,20763390400.00,6917
2007-04-30,-0.009282,-0.009287,-0.008639,-0.008668,-0.007831,1482.37,20591732800.00,6918
2007-05-01,0.001749,0.001738,-0.000804,-0.000869,0.002651,1486.30,20626703400.00,6914
2007-05-02,0.008276,0.008158,0.009140,0.009043,0.006472,1495.92,20794175500.00,6914
2007-05-03,0.003886,0.003669,0.001993,0.001926,0.004325,1502.39,20875249000.00,6916
2007-05-04,0.002895,0.002836,0.002650,0.002482,0.002150,1505.62,20936288500.00,6921
2007-05-07,0.002600,0.002533,0.000893,0.000795,0.002564,1509.48,20988662600.00,6918
2007-05-08,-0.001403,-0.001478,-0.002055,-0.002122,-0.001166,1507.72,20955348800.00,6915
2007-05-09,0.003691,0.003496,0.003003,0.002901,0.003223,1512.58,21029254100.00,6916
2007-05-10,-0.013745,-0.013857,-0.013007,-0.013039,-0.013956,1491.47,20739553600.00,6935
2007-05-11,0.010361,0.010199,0.008263,0.007987,0.009641,1505.85,20950347500.00,6940
2007-05-14,-0.002703,-0.002773,-0.004631,-0.004694,-0.001793,1503.15,20891319400.00,6940
2007-05-15,-0.001860,-0.001935,-0.006056,-0.006225,-0.001304,1501.19,20851861100.00,6944
2007-05-16,0.007337,0.007096,0.002548,0.002421,0.008626,1514.14,21000077500.00,6944
2007-05-17,-0.000512,-0.000618,-0.002035,-0.002071,-0.000918,1512.75,20988827200.00,6947
2007-05-18,0.006785,0.006775,0.005646,0.005619,0.006610,1522.75,21131914400.00,6946
2007-05-21,0.003249,0.003216,0.005990,0.005960,0.001543,1525.10,21199804900.00,6943
2007-05-22,0.000937,0.000910,0.004045,0.003977,-0.000643,1524.12,21218844900.00,6942
2007-05-23,-0.000932,-0.000957,-0.000894,-0.000950,-0.001207,1522.28,21200197700.00,6944
2007-05-24,-0.011308,-0.011386,-0.011304,-0.011322,-0.009703,1507.51,20959761800.00,6947
2007-05-25,0.006387,0.006251,0.006418,0.006396,0.005453,1515.73,21095123100.00,6955
2007-05-29,0.003050,0.002947,0.004874,0.004783,0.001570,1518.11,21155781700.00,6954
2007-05-30,0.008239,0.007959,0.004318,0.004205,0.007984,1530.23,21321548100.00,6957
2007-05-31,0.001606,0.001560,0.004507,0.004487,0.000255,1530.62,21313415700.00,6957
2007-06-01,0.005135,0.005118,0.005396,0.005339,0.003737,1536.34,21419334600.00,6954
2007-06-04,0.002104,0.002075,0.002545,0.002481,0.001849,1539.18,21461229000.00,6946
2007-06-05,-0.005316,-0.005352,-0.003570,-0.003590,-0.005347,1530.95,21345846400.00,6947
2007-06-06,-0.009360,-0.009556,-0.007294,-0.007409,-0.008864,1517.38,21143169400.00,6949
2007-06-07,-0.018105,-0.018162,-0.014220,-0.014345,-0.017570,1490.72,20758860900.00,6948
2007-06-08,0.010780,0.010776,0.006328,0.006314,0.011370,1507.67,20985666000.00,6950
2007-06-11,0.001116,0.001098,0.000193,0.000169,0.000962,1509.12,21006733100.00,6946
2007-06-12,-0.010821,-0.010850,-0.010319,-0.010383,-0.010682,1493.00,20777156700.00,6945
2007-06-13,0.014158,0.013862,0.008852,0.008333,0.015184,1515.67,21065295800.00,6952
2007-06-14,0.005360,0.005304,0.004925,0.004874,0.004816,1522.97,21172475100.00,6949
2007-06-15,0.007418,0.007392,0.007951,0.007872,0.006527,1532.91,21326228800.00,6947
2007-06-18,-0.000898,-0.000928,0.000237,0.000140,-0.001213,1531.05,21305009400.00,6941
2007-06-19,0.001782,0.001766,0.002899,0.002853,0.001731,1533.70,21328764300.00,6940
2007-06-20,-0.012706,-0.012748,-0.008315,-0.008408,-0.013601,1512.84,21057572700.00,6925
2007-06-21,0.005398,0.005244,0.002338,0.002304,0.006180,1522.19,21169137100.00,6940
2007-06-22,-0.010740,-0.010745,-0.005932,-0.005951,-0.012896,1502.56,20949643300.00,6942
2007-06-25,-0.004829,-0.004834,-0.006476,-0.006499,-0.003208,1497.74,20847040600.00,6943
2007-06-26,-0.004021,-0.004066,-0.003078,-0.003186,-0.003238,1492.89,20762134700.00,6943
2007-06-27,0.009350,0.009120,0.008031,0.007730,0.009009,1506.34,20958447500.00,6956
2007-06-28,0.000736,0.000687,0.002357,0.002286,-0.000418,1505.71,20974986200.00,6959
2007-06-29,-0.000739,-0.000776,0.000124,0.000087,-0.001567,1503.35,20948255300.00,6960
2007-07-02,0.011414,0.011375,0.008541,0.008417,0.010696,1519.43,21177159000.00,6963
2007-07-03,0.003443,0.003302,0.002199,0.002134,0.003580,1524.87,21241407100.00,6962
2007-07-05,0.001215,0.001203,0.001641,0.001610,0.000348,1525.40,21266400400.00,6961
2007-07-06,0.004468,0.004273,0.003896,0.003859,0.003304,1530.44,21361516300.00,6960
2007-07-09,0.001553,0.001548,0.002156,0.002147,0.000921,1531.85,21388257700.00,6962
2007-07-10,-0.013593,-0.013604,-0.010451,-0.010494,-0.014186,1510.12,21096756500.00,6961
2007-07-11,0.005071,0.004966,0.002479,0.002316,0.005721,1518.76,21201707400.00,6963
2007-07-12,0.017514,0.017487,0.010693,0.010573,0.019055,1547.70,21572254800.00,6960
2007-07-13,0.003170,0.003154,0.001082,0.001046,0.003101,1552.50,21628071400.00,6960
2007-07-16,-0.003056,-0.003060,-0.004465,-0.004484,-0.001919,1549.52,21561017700.00,6959
2007-07-17,-0.000064,-0.000070,0.000060,0.000032,-0.000097,1549.37,21559199400.00,6956
2007-07-18,-0.001562,-0.001641,-0.003549,-0.003599,-0.002065,1546.17,21524224500.00,6957
2007-07-19,0.004847,0.004819,0.005587,0.005530,0.004469,1553.08,21624432300.00,6959
2007-07-20,-0.011679,-0.011745,-0.009234,-0.009288,-0.012221,1534.10,21371868600.00,6958
2007-07-23,0.003035,0.003019,-0.000493,-0.000505,0.004869,1541.57,21437315200.00,6956
2007-07-24,-0.020135,-0.020163,-0.019044,-0.019065,-0.019805,1511.04,21005368100.00,6956
2007-07-25,0.002672,0.002660,-0.002476,-0.002506,0.004666,1518.09,21055361700.00,6958
2007-07-26,-0.023859,-0.023901,-0.021884,-0.021934,-0.023339,1482.66,20552825000.00,6960
2007-07-27,-0.014757,-0.014907,-0.010659,-0.010765,-0.015992,1458.95,20246711900.00,6962
2007-07-30,0.009317,0.009285,0.004439,0.004386,0.010254,1473.91,20436300500.00,6964
2007-07-31,-0.010143,-0.010155,-0.003866,-0.003890,-0.012647,1455.27,20203332300.00,6963
2007-08-01,0.004114,0.004023,-0.005684,-0.005803,0.007243,1465.81,20282002900.00,6967
2007-08-02,0.005966,0.005780,0.004093,0.004035,0.004359,1472.20,20401276700.00,6966
2007-08-03,-0.025944,-0.026002,-0.022608,-0.022662,-0.026586,1433.06,19868409700.00,6968
2007-08-06,0.018013,0.017993,0.000292,0.000259,0.024151,1467.67,20223511400.00,6963
2007-08-07,0.006577,0.006539,0.005444,0.005401,0.006159,1476.71,20356530600.00,6964
2007-08-08,0.015607,0.015362,0.017706,0.017598,0.014072,1497.49,20671140400.00,6967
2007-08-09,-0.026888,-0.027018,-0.015519,-0.015578,-0.029650,1453.09,20112829700.00,6971
2007-08-10,-0.000469,-0.000501,-0.000983,-0.001019,0.000379,1453.64,20105115800.00,6972
2007-08-13,-0.000555,-0.000713,-0.001632,-0.001918,-0.000495,1452.92,20086741100.00,6974
2007-08-14,-0.019068,-0.019150,-0.017482,-0.017548,-0.018157,1426.54,19703861300.00,6975
2007-08-15,-0.015670,-0.015894,-0.016746,-0.016858,-0.013908,1406.70,19387896000.00,6976
2007-08-16,0.001849,0.001788,-0.003934,-0.003973,0.003249,1411.27,19422284900.00,6973
2007-08-17,0.024410,0.024402,0.021044,0.021019,0.024567,1445.94,19895042900.00,6970
2007-08-20,0.001614,0.001599,0.004000,0.003978,-0.000270,1445.55,19923131100.00,6966
2007-08-21,0.002145,0.002128,0.003189,0.003139,0.001086,1447.12,19963937100.00,6963
2007-08-22,0.013032,0.012969,0.013399,0.013290,0.011713,1464.07,20223361500.00,6967
2007-08-23,-0.001611,-0.001628,-0.002708,-0.002765,-0.001072,1462.50,20190164200.00,6967
2007-08-24,0.012342,0.012270,0.009734,0.009721,0.011535,1479.37,20438933100.00,6966
2007-08-27,-0.008307,-0.008314,-0.004717,-0.004730,-0.008504,1466.79,20258809600.00,6962
2007-08-28,-0.023434,-0.023465,-0.018346,-0.018356,-0.023473,1432.36,19784211300.00,6962
2007-08-29,0.021811,0.021505,0.016637,0.016457,0.021922,1463.76,20209937100.00,6962
2007-08-30,-0.003810,-0.003868,-0.002015,-0.002077,-0.004181,1457.64,20131703900.00,6964
2007-08-31,0.012300,0.012262,0.012035,0.011998,0.011217,1473.99,20380196000.00,6961
2007-09-04,0.011092,0.011066,0.008003,0.007940,0.010468,1489.42,20601066600.00,6954
2007-09-05,-0.010081,-0.010406,-0.007605,-0.007708,-0.011501,1472.29,20387670700.00,6956
2007-09-06,0.004420,0.004288,0.003937,0.003894,0.004252,1478.55,20474237500.00,6953
2007-09-07,-0.016224,-0.016228,-0.012457,-0.012469,-0.016909,1453.55,20134267700.00,6951
2007-09-10,-0.002909,-0.002943,-0.005696,-0.005729,-0.001273,1451.70,20075432900.00,6953
2007-09-11,0.013507,0.013494,0.009619,0.009595,0.013632,1471.49,20346349300.00,6952
2007-09-12,0.000216,-0.000079,-0.001838,-0.002287,0.000048,1471.56,20345296300.00,6952
2007-09-13,0.007386,0.007328,0.001737,0.001651,0.008420,1483.95,20492174400.00,6949
2007-09-14,0.001266,0.001262,0.002020,0.001996,0.000202,1484.25,20518175100.00,6949
2007-09-17,-0.005816,-0.005821,-0.007233,-0.007241,-0.005120,1476.65,20394949700.00,6945
2007-09-18,0.029282,0.029269,0.023126,0.023084,0.029208,1519.78,20992439500.00,6945
2007-09-19,0.005785,0.005745,0.008313,0.008177,0.006086,1529.03,21112573000.00,6942
2007-09-20,-0.005199,-0.005355,-0.004041,-0.004100,-0.006723,1518.75,21000479800.00,6942
2007-09-21,0.004909,0.004879,0.004343,0.004279,0.004609,1525.75,21100686200.00,6938
2007-09-24,-0.004467,-0.004473,-0.004006,-0.004033,-0.005256,1517.73,21004431500.00,6938
2007-09-25,-0.000433,-0.000469,-0.002189,-0.002283,-0.000343,1517.21,20969033200.00,6935
2007-09-26,0.005497,0.005258,0.005468,0.005143,0.005411,1525.42,21069076200.00,6938
2007-09-27,0.005356,0.005313,0.006289,0.006236,0.003907,1531.38,21181585000.00,6942
2007-09-28,-0.002684,-0.002714,-0.001759,-0.001794,-0.003023,1526.75,21127714800.00,6950
2007-10-01,0.013730,0.013672,0.012510,0.012439,0.013290,1547.04,21408017900.00,6945
2007-10-02,0.000505,0.000499,0.004613,0.004601,-0.000265,1546.63,21401282200.00,6941
2007-10-03,-0.005146,-0.005297,-0.003678,-0.003768,-0.004552,1539.59,21291341800.00,6946
2007-10-04,0.002714,0.002699,0.003147,0.003133,0.002111,1542.84,21348104000.00,6943
2007-10-05,0.011823,0.011632,0.012578,0.012526,0.009560,1557.59,21595804000.00,6947
2007-10-08,-0.003018,-0.003018,-0.002330,-0.002330,-0.003217,1552.58,21517573200.00,6948
2007-10-09,0.008034,0.008002,0.006015,0.005914,0.008096,1565.15,21691015100.00,6950
2007-10-10,-0.000231,-0.000308,0.001133,0.001070,-0.001712,1562.47,21684695600.00,6953
2007-10-11,-0.005186,-0.005263,-0.007075,-0.007326,-0.005159,1554.41,21540224600.00,6960
2007-10-12,0.005326,0.005319,0.005038,0.005022,0.004754,1561.80,21654209500.00,6960
2007-10-15,-0.008594,-0.008608,-0.008211,-0.008257,-0.008381,1548.71,21459597300.00,6959
2007-10-16,-0.007019,-0.007020,-0.006445,-0.006452,-0.006573,1538.53,21308101600.00,6958
2007-10-17,0.002874,0.002806,0.001282,0.001243,0.001761,1541.24,21367582800.00,6962
2007-10-18,0.000420,0.000385,0.000275,0.000237,-0.000753,1540.08,21376205500.00,6962
2007-10-19,-0.024591,-0.024598,-0.020867,-0.020896,-0.025616,1500.63,20848881500.00,6963
2007-10-22,0.003280,0.003261,0.003886,0.003846,0.003798,1506.33,20917871400.00,6963
2007-10-23,0.010240,0.010208,0.007451,0.007439,0.008803,1519.59,21131118400.00,6963
2007-10-24,-0.003240,-0.003254,-0.004884,-0.004899,-0.002441,1515.88,21061917300.00,6964
2007-10-25,-0.001014,-0.001071,-0.002181,-0.002271,-0.000976,1514.40,21023669900.00,6965
2007-10-26,0.013813,0.013811,0.010354,0.010344,0.013788,1535.28,21305659700.00,6967
2007-10-29,0.005375,0.005234,0.002897,0.002798,0.003713,1540.98,21414768000.00,6965
2007-10-30,-0.006892,-0.006932,-0.005773,-0.005841,-0.006463,1531.02,21266961200.00,6966
2007-10-31,0.013188,0.013102,0.009577,0.009513,0.011992,1549.38,21531420000.00,6968
2007-11-01,-0.025887,-0.026067,-0.024121,-0.024221,-0.026424,1508.44,20970392400.00,6971
2007-11-02,0.002063,0.001989,-0.000496,-0.000535,0.000802,1509.65,21016280900.00,6975
2007-11-05,-0.006631,-0.006726,-0.009896,-0.009956,-0.004955,1502.17,20870986800.00,6970
2007-11-06,0.012829,0.012807,0.006438,0.006400,0.012049,1520.27,21142149500.00,6968
2007-11-07,-0.026880,-0.027239,-0.022753,-0.022913,-0.029370,1475.62,20560687000.00,6974
2007-11-08,-0.000584,-0.000616,-0.001326,-0.001363,-0.000576,1474.77,20545353800.00,6980
2007-11-09,-0.015044,-0.015074,-0.010192,-0.010225,-0.014287,1453.70,20230839700.00,6985
2007-11-12,-0.014034,-0.014034,-0.011190,-0.011190,-0.009988,1439.18,19948265500.00,6983
2007-11-13,0.027892,0.027604,0.018369,0.018042,0.029093,1481.05,20500898200.00,6986
2007-11-14,-0.005799,-0.005988,-0.004734,-0.004841,-0.007069,1470.58,20373730500.00,6983
2007-11-15,-0.014097,-0.014150,-0.011762,-0.011807,-0.013213,1451.15,20048741800.00,6985
2007-11-16,0.004588,0.004563,-0.001512,-0.001562,0.005230,1458.74,20132900600.00,6996
2007-11-19,-0.018698,-0.018743,-0.020127,-0.020189,-0.017460,1433.27,19728907800.00,6991
2007-11-20,0.003988,0.003925,-0.003493,-0.003632,0.004486,1439.70,19807577900.00,6991
2007-11-21,-0.015274,-0.015323,-0.011390,-0.011448,-0.015927,1416.77,19503258600.00,6987
2007-11-23,0.016333,0.016260,0.015283,0.015269,0.016891,1440.70,19817347000.00,6981
2007-11-26,-0.020441,-0.020453,-0.016998,-0.017014,-0.023239,1407.22,19411868500.00,6982
2007-11-27,0.012176,0.012137,0.003977,0.003953,0.014930,1428.23,19633629900.00,6983
2007-11-28,0.029412,0.029097,0.024263,0.024072,0.028560,1469.02,20205976400.00,6986
2007-11-29,-0.000339,-0.000415,-0.000088,-0.000149,0.000477,1469.72,20199327300.00,6975
2007-11-30,0.007109,0.007085,0.007040,0.007035,0.007770,1481.14,20313135400.00,6987
2007-12-03,-0.005527,-0.005567,-0.006714,-0.006780,-0.005887,1472.42,20200653700.00,6980
2007-12-04,-0.007229,-0.007238,-0.007347,-0.007389,-0.006540,1462.79,20059496600.00,6983
2007-12-05,0.014447,0.014072,0.010811,0.010714,0.015190,1485.01,20342358500.00,6987
2007-12-06,0.015710,0.015631,0.016994,0.016936,0.015037,1507.34,20660100000.00,6988
2007-12-07,-0.000210,-0.000228,0.002029,0.001901,-0.001778,1504.66,20656875500.00,6992
2007-12-10,0.007767,0.007673,0.005163,0.005078,0.007510,1515.96,20815537700.00,6992
2007-12-11,-0.025421,-0.025442,-0.020362,-0.020424,-0.025271,1477.65,20286429500.00,6993
2007-12-12,0.005673,0.005471,0.002328,0.001910,0.006050,1486.59,20397348800.00,7000
2007-12-13,-0.000994,-0.001050,-0.005211,-0.005337,0.001224,1488.41,20377880900.00,7002
2007-12-14,-0.013436,-0.013472,-0.013185,-0.013262,-0.013746,1467.95,20098563300.00,7002
2007-12-17,-0.016014,-0.016039,-0.017896,-0.018037,-0.015021,1445.90,19775581300.00,6996
2007-12-18,0.006433,0.006405,0.007592,0.007425,0.006280,1454.98,19902739200.00,7000
2007-12-19,-0.000322,-0.000423,0.000468,0.000187,-0.001361,1453.00,19894161900.00,6999
2007-12-20,0.006285,0.006058,0.005770,0.005536,0.004900,1460.12,20014217100.00,7006
2007-12-21,0.017143,0.017004,0.015064,0.014867,0.016670,1484.46,20336896700.00,7005
2007-12-24,0.009125,0.008986,0.009065,0.008946,0.008077,1496.45,20514196700.00,6996
2007-12-26,0.001511,0.001458,0.003201,0.002971,0.000809,1497.66,20544535000.00,7005
2007-12-27,-0.013539,-0.013920,-0.014165,-0.014800,-0.014216,1476.37,20257522300.00,7003
2007-12-28,0.002045,0.001988,-0.000388,-0.000463,0.001436,1478.49,20292076200.00,7006
2007-12-31,-0.006516,-0.006527,0.001093,0.001062,-0.006852,1468.36,20221929400.00,7002
2008-01-02,-0.011818,-0.011983,-0.006580,-0.006655,-0.014438,1447.16,19970007200.00,6999
2008-01-03,-0.000953,-0.000957,-0.004544,-0.004569,0.000000,1447.16,19949780500.00,7004
2008-01-04,-0.025688,-0.025689,-0.022417,-0.022428,-0.024552,1411.63,19435613900.00,7001
2008-01-07,0.000185,0.000165,-0.001854,-0.001906,0.003223,1416.18,19438283500.00,6997
2008-01-08,-0.017053,-0.017276,-0.014033,-0.014073,-0.018352,1390.19,19101017300.00,7000
2008-01-09,0.009987,0.009914,-0.000434,-0.000568,0.013624,1409.13,19290613800.00,6999
2008-01-10,0.008434,0.008406,0.009699,0.009638,0.007948,1420.33,19453236300.00,7002
2008-01-11,-0.013919,-0.013982,-0.011295,-0.011448,-0.013595,1401.02,19181013900.00,7002
2008-01-14,0.010459,0.010452,0.007797,0.007768,0.010871,1416.25,19378226700.00,6997
2008-01-15,-0.024754,-0.024764,-0.018427,-0.018449,-0.024925,1380.95,18899608400.00,7000
2008-01-16,-0.006665,-0.006752,-0.000088,-0.000147,-0.005612,1373.20,18773296200.00,7000
2008-01-17,-0.027744,-0.027777,-0.021596,-0.021664,-0.029093,1333.25,18248644800.00,6996
2008-01-18,-0.005560,-0.005580,-0.007317,-0.007332,-0.006045,1325.19,18145450600.00,6997
2008-01-22,-0.009421,-0.009465,-0.010336,-0.010386,-0.011085,1310.50,17973129400.00,6997
2008-01-23,0.019784,0.019760,0.018216,0.018187,0.021442,1338.60,18329565100.00,6996
2008-01-24,0.012578,0.012561,0.011073,0.011062,0.010063,1352.07,18559843200.00,6999
2008-01-25,-0.012957,-0.012965,-0.001540,-0.001545,-0.015872,1330.61,18317233000.00,6996
2008-01-28,0.017161,0.017151,0.013508,0.013493,0.017556,1353.97,18610095500.00,6986
2008-01-29,0.006401,0.006304,0.007683,0.007579,0.006152,1362.30,18725696300.00,6999
2008-01-30,-0.005359,-0.005464,-0.002545,-0.002636,-0.004764,1355.81,18621181900.00,6999
2008-01-31,0.014960,0.014828,0.015154,0.015102,0.016772,1378.55,18903060500.00,7003
2008-02-01,0.016003,0.015984,0.015752,0.015673,0.012238,1395.42,19196917800.00,7003
2008-02-04,-0.008995,-0.009019,-0.003026,-0.003053,-0.010463,1380.82,19023700200.00,7000
2008-02-05,-0.030849,-0.030935,-0.021564,-0.021632,-0.031996,1336.64,18436199800.00,7002
2008-02-06,-0.008002,-0.008277,-0.007234,-0.007339,-0.007624,1326.45,18283110300.00,6999
2008-02-07,0.007713,0.007547,0.005190,0.005105,0.007886,1336.91,18429328100.00,7000
2008-02-08,-0.002069,-0.002110,-0.002751,-0.002793,-0.004204,1331.29,18389590900.00,7000
2008-02-11,0.005789,0.005751,0.002814,0.002776,0.005889,1339.13,18496026900.00,7001
2008-02-12,0.006264,0.006221,0.004114,0.004074,0.007266,1348.86,18610781100.00,7004
2008-02-13,0.014377,0.014033,0.013171,0.012760,0.013604,1367.21,18872076800.00,7005
2008-02-14,-0.013217,-0.013241,-0.013637,-0.013663,-0.013422,1348.86,18621081300.00,7009
2008-02-15,-0.000457,-0.000502,-0.004058,-0.004099,0.000838,1349.99,18611184400.00,7009
2008-02-19,0.000611,0.000534,0.002554,0.002507,-0.000896,1348.78,18619497600.00,7006
2008-02-20,0.008875,0.008796,0.005108,0.004970,0.008341,1360.03,18779776700.00,6992
2008-02-21,-0.011826,-0.012055,-0.009669,-0.009713,-0.012867,1342.53,18552707000.00,6991
2008-02-22,0.006783,0.006702,0.000398,0.000367,0.007881,1353.11,18673168700.00,6990
2008-02-25,0.015093,0.015048,0.013327,0.013319,0.013813,1371.80,18952702600.00,6988
2008-02-26,0.008250,0.008237,0.009598,0.009566,0.006918,1381.29,19105817300.00,6989
2008-02-27,-0.000760,-0.000957,-0.000004,-0.000165,-0.000919,1380.02,19090130100.00,6989
2008-02-28,-0.007712,-0.007818,-0.008707,-0.008768,-0.008942,1367.68,18940914600.00,6986
2008-02-29,-0.026162,-0.026190,-0.020156,-0.020187,-0.027090,1330.63,18381043000.00,6983
2008-03-03,-0.000440,-0.000504,-0.005173,-0.005238,0.000534,1331.34,18373226200.00,6981
2008-03-04,-0.004797,-0.004815,-0.006713,-0.006747,-0.003448,1326.75,18284191400.00,6984
2008-03-05,0.006941,0.006599,0.003282,0.003172,0.005238,1333.70,18405404700.00,6986
2008-03-06,-0.022033,-0.022165,-0.021415,-0.021506,-0.022014,1304.34,17996515500.00,6985
2008-03-07,-0.008764,-0.008800,-0.007650,-0.007707,-0.008410,1293.37,17839029400.00,6980
2008-03-10,-0.018223,-0.018269,-0.020818,-0.020884,-0.015464,1273.37,17510368000.00,6970
2008-03-11,0.035783,0.035741,0.027089,0.026985,0.037130,1320.65,18137592700.00,6981
2008-03-12,-0.007002,-0.007322,-0.004185,-0.004620,-0.008996,1308.77,18005005800.00,6981
2008-03-13,0.007295,0.007224,0.007472,0.007298,0.005127,1315.48,18134314000.00,6981
2008-03-14,-0.020005,-0.020027,-0.018156,-0.018222,-0.020783,1288.14,17769118400.00,6977
2008-03-17,-0.014947,-0.015047,-0.020958,-0.020983,-0.008959,1276.60,17495576900.00,6976
2008-03-18,0.039596,0.039549,0.028541,0.028376,0.042410,1330.74,18186080000.00,6969
2008-03-19,-0.026077,-0.026105,-0.017066,-0.017168,-0.024287,1298.42,17733982000.00,6969
2008-03-20,0.021232,0.021192,0.014587,0.014501,0.023945,1329.51,18109991600.00,6972
2008-03-24,0.017603,0.017589,0.021720,0.021668,0.015321,1349.88,18427880400.00,6971
2008-03-25,0.005737,0.005701,0.010894,0.010797,0.002304,1352.99,18533467100.00,6972
2008-03-26,-0.006417,-0.006488,-0.002748,-0.002807,-0.008766,1341.13,18412780500.00,6971
2008-03-27,-0.010149,-0.010389,-0.004629,-0.004944,-0.011461,1325.76,18221120300.00,6962
2008-03-28,-0.007963,-0.008033,-0.007239,-0.007315,-0.007950,1315.22,18073959500.00,6968
2008-03-31,0.005316,0.005299,0.005286,0.005196,0.005687,1322.70,18186717200.00,6958
2008-04-01,0.032159,0.032116,0.020949,0.020874,0.035896,1370.18,18771442500.00,6964
2008-04-02,0.000356,0.000205,0.003264,0.003193,-0.001934,1367.53,18774342100.00,6962
2008-04-03,0.002689,0.002676,0.001723,0.001693,0.001302,1369.31,18824327400.00,6962
2008-04-04,0.001956,0.001946,0.002790,0.002778,0.000796,1370.40,18859484200.00,6959
2008-04-07,0.001709,0.001698,0.001831,0.001800,0.001562,1372.54,18890954000.00,6957
2008-04-08,-0.003187,-0.003413,-0.002678,-0.002727,-0.005100,1365.54,18827116100.00,6957
2008-04-09,-0.009015,-0.009076,-0.011449,-0.011542,-0.008092,1354.49,18656466700.00,6961
2008-04-10,0.005600,0.005389,0.005070,0.005008,0.004474,1360.55,18756969000.00,6961
2008-04-11,-0.019553,-0.019636,-0.015648,-0.015910,-0.020374,1332.83,18388442500.00,6963
2008-04-14,-0.002547,-0.002581,-0.004390,-0.004434,-0.003384,1328.32,18340619500.00,6955
2008-04-15,0.005102,0.005095,0.002152,0.002118,0.004600,1334.43,18434587000.00,6964
2008-04-16,0.024171,0.024089,0.017917,0.017852,0.022691,1364.71,18875445200.00,6964
2008-04-17,-0.001209,-0.001228,-0.001984,-0.002075,0.000623,1365.56,18852433700.00,6962
2008-04-18,0.016587,0.016578,0.012480,0.012443,0.018139,1390.33,19163702900.00,6960
2008-04-21,-0.000549,-0.000578,-0.001554,-0.001630,-0.001554,1388.17,19151994800.00,6952
2008-04-22,-0.009247,-0.009297,-0.012820,-0.012850,-0.008810,1375.94,18970682800.00,6957
2008-04-23,0.001109,0.001102,0.002103,0.002084,0.002900,1379.93,18997190100.00,6961
2008-04-24,0.005093,0.005086,0.007875,0.007845,0.006442,1388.82,19091490100.00,6956
2008-04-25,0.006936,0.006927,0.005700,0.005692,0.006495,1397.84,19223054700.00,6956
2008-04-28,0.000288,0.000186,0.003713,0.003586,-0.001052,1396.37,19226752900.00,6944
2008-04-29,-0.005660,-0.005700,-0.004852,-0.004917,-0.003889,1390.94,19116991800.00,6954
2008-04-30,-0.001543,-0.001615,0.001720,0.001660,-0.003846,1385.59,19069937900.00,6953
2008-05-01,0.014565,0.014397,0.010972,0.010829,0.017141,1409.34,19344246600.00,6948
2008-05-02,0.003265,0.003252,0.000372,0.000327,0.003236,1413.90,19407455800.00,6946
2008-05-05,-0.002623,-0.002702,-0.001149,-0.001239,-0.004534,1407.49,19349555900.00,6935
2008-05-06,0.008434,0.008366,0.006279,0.006164,0.007652,1418.26,19514036500.00,6943
2008-05-07,-0.015892,-0.016179,-0.011596,-0.011755,-0.018114,1392.57,19203902700.00,6943
2008-05-08,0.004607,0.004526,0.002007,0.001917,0.003669,1397.68,19290034900.00,6944
2008-05-09,-0.004564,-0.004707,-0.000632,-0.000676,-0.006725,1388.28,19198342800.00,6942
2008-05-12,0.011008,0.010953,0.010800,0.010765,0.011021,1403.58,19408930900.00,6945
2008-05-13,0.000777,0.000552,0.002637,0.002291,-0.000385,1403.04,19419834400.00,6948
2008-05-14,0.003042,0.002881,0.002006,0.001870,0.004006,1408.66,19475878500.00,6952
2008-05-15,0.011160,0.011039,0.008123,0.008057,0.010585,1423.57,19683371900.00,6953
2008-05-16,0.002444,0.002421,0.001134,0.001076,0.001250,1425.35,19730569000.00,6951
2008-05-19,-0.000218,-0.000343,-0.000465,-0.000502,0.000898,1426.63,19723343700.00,6952
2008-05-20,-0.005979,-0.005993,-0.003441,-0.003529,-0.009274,1413.40,19605720300.00,6958
2008-05-21,-0.015336,-0.015414,-0.009030,-0.009184,-0.016054,1390.71,19303262700.00,6960
2008-05-22,0.002913,0.002786,0.003284,0.003248,0.002617,1394.35,19357554900.00,6957
2008-05-23,-0.011537,-0.011550,-0.007284,-0.007309,-0.013211,1375.93,19134152500.00,6959
2008-05-27,0.004890,0.004883,0.006128,0.006116,0.006846,1385.35,19223129800.00,6957
2008-05-28,0.005731,0.005546,0.003516,0.003347,0.003963,1390.84,19328232100.00,6955
2008-05-29,0.004398,0.004293,0.005273,0.005167,0.005335,1398.26,19410552100.00,6953
2008-05-30,0.003259,0.003061,0.004897,0.004872,0.001516,1400.38,19466784200.00,6953
2008-06-02,-0.008973,-0.009050,-0.008327,-0.008391,-0.010504,1385.67,19286624500.00,6943
2008-06-03,-0.004849,-0.004877,-0.001827,-0.001854,-0.005788,1377.65,19192787600.00,6949
2008-06-04,-0.000875,-0.001216,0.001370,0.001266,-0.000327,1377.20,19169895400.00,6950
2008-06-05,0.020267,0.020205,0.014712,0.014676,0.019496,1404.05,19555418800.00,6950
2008-06-06,-0.026707,-0.026802,-0.019843,-0.019893,-0.030889,1360.68,19022731500.00,6949
2008-06-09,-0.000595,-0.000623,-0.007748,-0.007792,0.000794,1361.76,19009548200.00,6945
2008-06-10,-0.005030,-0.005049,-0.005357,-0.005401,-0.002438,1358.44,18918112100.00,6943
2008-06-11,-0.015201,-0.015429,-0.014938,-0.015278,-0.016894,1335.49,18625547700.00,6940
2008-06-12,0.001469,0.001354,0.001032,0.000722,0.003280,1339.87,18650483800.00,6948
2008-06-13,0.014706,0.014685,0.012214,0.012186,0.015046,1360.03,18923573200.00,6950
2008-06-16,0.003269,0.003268,0.005457,0.005419,0.000081,1360.14,18985610400.00,6945
2008-06-17,-0.003948,-0.003965,-0.004326,-0.004350,-0.006771,1350.93,18910510700.00,6950
2008-06-18,-0.008270,-0.008291,-0.008336,-0.008453,-0.009712,1337.81,18754342500.00,6952
2008-06-19,0.002404,0.002220,0.002764,0.002654,0.003752,1342.83,18795526300.00,6953
2008-06-20,-0.017501,-0.017550,-0.013806,-0.013938,-0.018543,1317.93,18465794300.00,6951
2008-06-23,-0.000861,-0.000880,-0.008977,-0.009091,0.000053,1318.00,18449792700.00,6953
2008-06-24,-0.006232,-0.006262,-0.009804,-0.009883,-0.002815,1314.29,18334536800.00,6952
2008-06-25,0.006273,0.006108,0.007383,0.007241,0.005843,1321.97,18447462700.00,6959
2008-06-26,-0.026181,-0.026486,-0.019205,-0.019557,-0.029365,1283.15,17957149100.00,6958
2008-06-27,-0.002492,-0.002526,-0.005735,-0.005772,-0.003717,1278.38,17911605700.00,6957
2008-06-30,-0.001020,-0.001049,-0.005703,-0.005719,0.001267,1280.00,17930444800.00,6955
2008-07-01,0.001815,0.001670,-0.006281,-0.006391,0.003836,1284.91,17958158500.00,6956
2008-07-02,-0.020998,-0.021064,-0.018104,-0.018159,-0.018204,1261.52,17579691100.00,6956
2008-07-03,-0.002418,-0.002433,-0.006058,-0.006075,0.001094,1262.90,17534320700.00,6954
2008-07-07,-0.008580,-0.008619,-0.011638,-0.011669,-0.008385,1252.31,17383184300.00,6951
2008-07-08,0.017020,0.016762,0.018354,0.018279,0.017080,1273.70,17674957700.00,6951
2008-07-09,-0.019383,-0.019467,-0.014159,-0.014260,-0.022776,1244.69,17341091800.00,6952
2008-07-10,0.007644,0.007638,0.002293,0.002266,0.006990,1253.39,17466464900.00,6949
2008-07-11,-0.008282,-0.008378,-0.003134,-0.003414,-0.011090,1239.49,17320808700.00,6948
2008-07-14,-0.008231,-0.008237,-0.012314,-0.012361,-0.009028,1228.30,17177689900.00,6946
2008-07-15,-0.011492,-0.011506,-0.009188,-0.009229,-0.010901,1214.91,16979230900.00,6943
2008-07-16,0.024079,0.023989,0.026523,0.026472,0.025064,1245.36,17387140900.00,6947
2008-07-17,0.009662,0.009638,0.016424,0.016398,0.012013,1260.32,17555104700.00,6946
2008-07-18,0.000317,0.000307,0.000886,0.000861,0.000286,1260.68,17559387500.00,6946
2008-07-21,0.003991,0.003970,0.006922,0.006900,-0.000539,1260.00,17628674000.00,6942
2008-07-22,0.011136,0.011078,0.015198,0.015126,0.013492,1277.00,17823863600.00,6950
2008-07-23,0.001831,0.001820,0.006601,0.006569,0.004064,1282.19,17856298100.00,6949
2008-07-24,-0.024336,-0.024365,-0.018608,-0.018647,-0.023125,1252.54,17423223700.00,6952
2008-07-25,0.005552,0.005543,0.006381,0.006369,0.004168,1257.76,17518412300.00,6941
2008-07-28,-0.016515,-0.016518,-0.013748,-0.013761,-0.018597,1234.37,17228814200.00,6938
2008-07-29,0.021268,0.021141,0.016848,0.016734,0.023356,1263.20,17593713500.00,6938
2008-07-30,0.016480,0.016369,0.006791,0.006677,0.016672,1284.26,17879448200.00,6939
2008-07-31,-0.011726,-0.011876,-0.002700,-0.002778,-0.013144,1267.38,17667658700.00,6939
2008-08-01,-0.005172,-0.005197,-0.000643,-0.000741,-0.005578,1260.31,17572361100.00,6935
2008-08-04,-0.013381,-0.013422,-0.012175,-0.012228,-0.008966,1249.01,17336196400.00,6933
2008-08-05,0.024519,0.024408,0.013529,0.013398,0.028719,1284.88,17757040900.00,6928
2008-08-06,0.005716,0.005401,0.006614,0.006504,0.003354,1289.19,17855547800.00,6928
2008-08-07,-0.016834,-0.016913,-0.012514,-0.012611,-0.017934,1266.07,17553735200.00,6924
2008-08-08,0.019189,0.019184,0.015856,0.015813,0.023893,1296.32,17890707400.00,6924
2008-08-11,0.006653,0.006494,0.010688,0.010650,0.006943,1305.32,18008158500.00,6922
2008-08-12,-0.009640,-0.009678,-0.005649,-0.005693,-0.012051,1289.59,17834871200.00,6923
2008-08-13,-0.000114,-0.000440,0.002639,0.002201,-0.002916,1285.83,17827495300.00,6922
2008-08-14,0.005112,0.005079,0.006583,0.006533,0.005522,1292.93,17918420300.00,6921
2008-08-15,0.001349,0.001250,-0.000840,-0.000882,0.004076,1298.20,17941133400.00,6920
2008-08-18,-0.013401,-0.013495,-0.009901,-0.009930,-0.015098,1278.60,17698836400.00,6920
2008-08-19,-0.008881,-0.008958,-0.011698,-0.011751,-0.009315,1266.69,17537348200.00,6919
2008-08-20,0.006869,0.006780,0.002737,0.002565,0.006197,1274.54,17656679100.00,6919
2008-08-21,0.003188,0.003140,-0.002198,-0.002240,0.002495,1277.72,17712347500.00,6921
2008-08-22,0.009527,0.009445,0.009552,0.009536,0.011333,1292.20,17876507700.00,6919
2008-08-25,-0.018552,-0.018561,-0.015097,-0.015117,-0.019625,1266.84,17544316000.00,6922
2008-08-26,0.003558,0.003551,0.002901,0.002870,0.003686,1271.51,17593954600.00,6921
2008-08-27,0.009602,0.009433,0.008219,0.008050,0.007983,1281.66,17759308500.00,6919
2008-08-28,0.014314,0.014185,0.013386,0.013313,0.014840,1300.68,18011420900.00,6918
2008-08-29,-0.011672,-0.011718,-0.003383,-0.003495,-0.013724,1282.83,17817627900.00,6916
2008-09-02,-0.007020,-0.007105,-0.003504,-0.003574,-0.004093,1277.58,17689956000.00,6911
2008-09-03,-0.002974,-0.003323,-0.000438,-0.000519,-0.002035,1274.98,17630954000.00,6913
2008-09-04,-0.028947,-0.028970,-0.021585,-0.021621,-0.029922,1236.83,17119478200.00,6910
2008-09-05,0.003865,0.003813,-0.000287,-0.000339,0.004431,1242.31,17181767200.00,6909
2008-09-08,0.014831,0.014694,0.007695,0.007628,0.020510,1267.79,17434505400.00,6908
2008-09-09,-0.034997,-0.035007,-0.028931,-0.028945,-0.034138,1224.51,16824316900.00,6911
2008-09-10,0.008558,0.008494,0.003563,0.003445,0.006149,1232.04,16967274600.00,6912
2008-09-11,0.010959,0.010642,-0.002848,-0.003333,0.013806,1249.05,17146292100.00,6910
2008-09-12,0.005355,0.005325,0.004946,0.004843,0.002122,1251.70,17238057400.00,6908
2008-09-15,-0.045694,-0.045703,-0.039339,-0.039367,-0.047136,1192.70,16450253700.00,6905
2008-09-16,0.015211,0.015178,0.003425,0.003354,0.017515,1213.59,16701880100.00,6906
2008-09-17,-0.045480,-0.045510,-0.040852,-0.040954,-0.047133,1156.39,15933706200.00,6902
2008-09-18,0.044149,0.043930,0.041546,0.041432,0.043342,1206.51,16635055900.00,6907
2008-09-19,0.046130,0.046072,0.049560,0.049390,0.040257,1255.08,17399947600.00,6904
2008-09-22,-0.036823,-0.036855,-0.026831,-0.026898,-0.038237,1207.09,16758945300.00,6889
2008-09-23,-0.015606,-0.015644,-0.012835,-0.012863,-0.015633,1188.22,16494394000.00,6890
2008-09-24,-0.003261,-0.003309,-0.009146,-0.009260,-0.001978,1185.87,16439629300.00,6889
2008-09-25,0.016536,0.016499,0.008866,0.008804,0.019657,1209.18,16711028100.00,6887
2008-09-26,-0.001974,-0.002232,-0.008251,-0.008583,0.003167,1213.01,16673442900.00,6888
2008-09-29,-0.082622,-0.082667,-0.061273,-0.061315,-0.087897,1106.39,15295843100.00,6885
2008-09-30,0.046630,0.046624,0.027764,0.027735,0.054203,1166.36,16077006900.00,6879
2008-10-01,-0.005703,-0.005865,-0.004615,-0.004764,-0.004544,1161.06,15982951700.00,6878
2008-10-02,-0.045669,-0.045793,-0.039095,-0.039139,-0.040291,1114.28,15249050100.00,6873
2008-10-03,-0.014310,-0.014354,-0.016888,-0.016903,-0.013507,1099.23,15029514200.00,6871
2008-10-06,-0.042386,-0.042400,-0.059322,-0.059337,-0.038518,1056.89,14392541700.00,6871
2008-10-07,-0.057971,-0.057978,-0.047021,-0.047041,-0.057395,996.23,13541118800.00,6871
2008-10-08,-0.011662,-0.012057,-0.026835,-0.026977,-0.011333,984.94,13381741900.00,6870
2008-10-09,-0.072777,-0.072814,-0.063671,-0.063757,-0.076167,909.92,12406686900.00,6870
2008-10-10,-0.012027,-0.012148,-0.006462,-0.006893,-0.011759,899.22,12255216300.00,6869
2008-10-13,0.114918,0.114856,0.107422,0.107335,0.115800,1003.35,13663162600.00,6866
2008-10-14,-0.009039,-0.009054,-0.001674,-0.001721,-0.005322,998.01,13539060100.00,6865
2008-10-15,-0.089818,-0.089896,-0.070781,-0.070866,-0.090350,907.84,12322448100.00,6864
2008-10-16,0.039640,0.039610,0.029535,0.029520,0.042508,946.43,12809723600.00,6862
2008-10-17,-0.002514,-0.002527,0.001630,0.001614,-0.006213,940.55,12776427300.00,6861
2008-10-20,0.046511,0.046499,0.035555,0.035474,0.047685,985.40,13368114900.00,6858
2008-10-21,-0.031528,-0.031536,-0.020675,-0.020720,-0.030800,955.05,12946041400.00,6856
2008-10-22,-0.059158,-0.059307,-0.048848,-0.048987,-0.061013,896.78,12174900400.00,6852
2008-10-23,0.000863,0.000784,-0.020278,-0.020324,0.012634,908.11,12184803700.00,6851
2008-10-24,-0.033427,-0.033433,-0.031303,-0.031311,-0.034511,876.77,11776751100.00,6847
2008-10-27,-0.036965,-0.036967,-0.035386,-0.035395,-0.031764,848.92,11340683800.00,6844
2008-10-28,0.095343,0.095337,0.050386,0.050347,0.107890,940.51,12408817400.00,6843
2008-10-29,0.001444,0.001204,0.021629,0.021377,-0.011079,930.09,12423214800.00,6842
2008-10-30,0.031975,0.031793,0.035643,0.035530,0.025804,954.09,12814157400.00,6837
2008-10-31,0.018105,0.018086,0.033921,0.033871,0.015365,968.75,13038974400.00,6835
2008-11-03,-0.000641,-0.000681,0.008679,0.008574,-0.002529,966.30,13026523200.00,6823
2008-11-04,0.039047,0.039025,0.026558,0.026518,0.040826,1005.75,13523792600.00,6822
2008-11-05,-0.050732,-0.051220,-0.037384,-0.037610,-0.052677,952.77,12831764900.00,6826
2008-11-06,-0.049131,-0.049359,-0.038083,-0.038225,-0.050264,904.88,12199081300.00,6828
2008-11-07,0.026437,0.026195,0.014462,0.014395,0.028855,930.99,12521589400.00,6838
2008-11-10,-0.013354,-0.013454,-0.019190,-0.019251,-0.012653,919.21,12353256000.00,6836
2008-11-11,-0.024377,-0.024377,-0.028206,-0.028206,-0.022041,898.95,12052158600.00,6835
2008-11-12,-0.053638,-0.054033,-0.053999,-0.054534,-0.051894,852.30,11405959000.00,6835
2008-11-13,0.068028,0.067916,0.048470,0.048289,0.069213,911.29,12180384700.00,6836
2008-11-14,-0.043682,-0.043855,-0.039602,-0.039664,-0.041699,873.29,11644743900.00,6835
2008-11-17,-0.023999,-0.024051,-0.022056,-0.022115,-0.025810,850.75,11364163000.00,6834
2008-11-18,0.005702,0.005537,-0.010726,-0.010832,0.009838,859.12,11377386900.00,6833
2008-11-19,-0.063961,-0.064128,-0.064334,-0.064622,-0.061156,806.58,10647238200.00,6832
2008-11-20,-0.070116,-0.070165,-0.067040,-0.067122,-0.067123,752.44,9900046280.00,6832
2008-11-21,0.061122,0.060956,0.033462,0.033422,0.063248,800.03,10503857900.00,6828
2008-11-24,0.066174,0.066132,0.063643,0.063574,0.064723,851.81,11195381000.00,6828
2008-11-25,0.009671,0.009497,0.015473,0.015273,0.006551,857.39,11295841700.00,6833
2008-11-26,0.038407,0.038065,0.052113,0.051933,0.035328,887.68,11724584300.00,6830
2008-11-28,0.010100,0.010071,0.020016,0.019966,0.009643,896.24,11872551200.00,6828
2008-12-01,-0.089406,-0.089489,-0.078240,-0.078335,-0.089295,816.21,10809787000.00,6827
2008-12-02,0.037723,0.037615,0.035206,0.035171,0.039941,848.81,11211701900.00,6823
2008-12-03,0.024009,0.023611,0.014731,0.014519,0.025836,870.74,11475498900.00,6825
2008-12-04,-0.030146,-0.030186,-0.021850,-0.021918,-0.029308,845.22,11129258600.00,6826
2008-12-05,0.036150,0.036106,0.026043,0.025995,0.036499,876.07,11531179800.00,6825
2008-12-08,0.040442,0.040291,0.037923,0.037800,0.038387,909.70,11995912300.00,6822
2008-12-09,-0.022388,-0.022424,-0.014899,-0.014945,-0.023118,888.67,11727081800.00,6820
2008-12-10,0.015166,0.015048,0.022018,0.021801,0.011894,899.24,11902610400.00,6815
2008-12-11,-0.029891,-0.030256,-0.026441,-0.027158,-0.028524,873.59,11542601800.00,6815
2008-12-12,0.010480,0.010457,0.017838,0.017702,0.007028,879.73,11662891400.00,6815
2008-12-15,-0.013872,-0.013920,-0.019337,-0.019502,-0.012686,868.57,11500236800.00,6815
2008-12-16,0.052898,0.052875,0.046643,0.046585,0.051360,913.18,12108510800.00,6812
2008-12-17,-0.004826,-0.004892,0.010979,0.010663,-0.009593,904.42,12049262300.00,6817
2008-12-18,-0.020525,-0.020583,-0.011857,-0.012006,-0.021163,885.28,11801478500.00,6817
2008-12-19,0.003924,0.003790,0.003826,0.003476,0.002937,887.88,11844387300.00,6815
2008-12-22,-0.019157,-0.019278,-0.012689,-0.013129,-0.018302,871.63,11616035500.00,6809
2008-12-23,-0.007592,-0.007877,-0.007736,-0.008267,-0.009717,863.16,11515711400.00,6807
2008-12-24,0.004521,0.004077,0.005042,0.004547,0.005781,868.15,11561942300.00,6801
2008-12-26,0.007194,0.007160,0.011107,0.010885,0.005356,872.80,11644304900.00,6798
2008-12-29,-0.004360,-0.004741,-0.015163,-0.015756,-0.003873,869.42,11588717500.00,6793
2008-12-30,0.024798,0.024640,0.021418,0.021245,0.024407,890.64,11871875600.00,6791
2008-12-31,0.017414,0.017395,0.034457,0.034415,0.014158,903.25,12141691400.00,6789
2009-01-02,0.030510,0.030309,0.038274,0.038221,0.031608,931.80,12507804600.00,6780
2009-01-05,-0.000600,-0.000623,0.016764,0.016737,-0.004668,927.45,12499978700.00,6779
2009-01-06,0.011304,0.011294,0.033647,0.033620,0.007817,934.70,12630129000.00,6774
2009-01-07,-0.030514,-0.030887,-0.022271,-0.022326,-0.030010,906.65,12240183400.00,6773
2009-01-08,0.006280,0.006246,0.011896,0.011791,0.003397,909.73,12316759800.00,6770
2009-01-09,-0.022413,-0.022424,-0.018748,-0.018761,-0.021303,890.35,12040794000.00,6764
2009-01-12,-0.025568,-0.025571,-0.026589,-0.026627,-0.022564,870.26,11732839200.00,6763
2009-01-13,0.003519,0.003435,0.003554,0.003321,0.001758,871.79,11773201900.00,6761
2009-01-14,-0.035213,-0.035286,-0.035065,-0.035146,-0.033460,842.62,11357320100.00,6760
2009-01-15,0.004642,0.004593,0.005630,0.005560,0.001329,843.74,11409407100.00,6760
2009-01-16,0.008418,0.008407,0.008792,0.008781,0.007562,850.12,11505147400.00,6759
2009-01-20,-0.055325,-0.055336,-0.051506,-0.051547,-0.052816,805.22,10868164900.00,6760
2009-01-21,0.043230,0.043057,0.036151,0.036035,0.043491,840.24,11336370500.00,6761
2009-01-22,-0.018234,-0.018311,-0.021960,-0.021994,-0.015162,827.50,11129074100.00,6759
2009-01-23,0.006850,0.006849,0.003373,0.003358,0.005378,831.95,11205118800.00,6762
2009-01-26,0.006103,0.006096,0.010068,0.010055,0.005553,836.57,11272371500.00,6760
2009-01-27,0.011298,0.011296,0.010037,0.010029,0.010926,845.71,11399689300.00,6760
2009-01-28,0.033821,0.033635,0.030523,0.030370,0.033558,874.09,11783194200.00,6761
2009-01-29,-0.032865,-0.032937,-0.028890,-0.028987,-0.033120,845.14,11395119900.00,6759
2009-01-30,-0.020762,-0.020784,-0.012829,-0.012876,-0.022789,825.88,11173591700.00,6757
2009-02-02,-0.001062,-0.001098,0.001559,0.001473,-0.000533,825.44,11160505200.00,6753
2009-02-03,0.014347,0.014300,0.008983,0.008913,0.015834,838.51,11320117900.00,6754
2009-02-04,-0.004421,-0.005023,-0.004053,-0.004255,-0.007489,832.23,11263245500.00,6752
2009-02-05,0.015561,0.015498,0.011978,0.011872,0.016366,845.85,11437284200.00,6751
2009-02-06,0.027958,0.027670,0.026723,0.026639,0.026896,868.60,11753756400.00,6752
2009-02-09,0.001231,0.001196,0.000768,0.000726,0.001485,869.89,11764265500.00,6748
2009-02-10,-0.046016,-0.046067,-0.035051,-0.035136,-0.049121,827.16,11222555700.00,6731
2009-02-11,0.007331,0.006906,0.004636,0.004182,0.007955,833.74,11301558500.00,6729
2009-02-12,0.002613,0.002454,-0.000766,-0.000841,0.001739,835.19,11329093100.00,6725
2009-02-13,-0.008813,-0.008896,-0.002111,-0.002143,-0.009998,826.84,11227792400.00,6724
2009-02-17,-0.045276,-0.045410,-0.041883,-0.041936,-0.045559,789.17,10718007500.00,6722
2009-02-18,-0.003754,-0.003949,-0.011621,-0.011852,-0.000950,788.42,10676445600.00,6723
2009-02-19,-0.011181,-0.011596,-0.015135,-0.015205,-0.012024,778.94,10553137600.00,6720
2009-02-20,-0.011754,-0.011934,-0.020020,-0.020080,-0.011413,770.05,10427116600.00,6718
2009-02-23,-0.036170,-0.036247,-0.030842,-0.030867,-0.034699,743.33,10049018100.00,6718
2009-02-24,0.040235,0.040229,0.037750,0.037721,0.040103,773.14,10437418300.00,6719
2009-02-25,-0.010685,-0.010897,-0.015518,-0.015701,-0.010658,764.90,10323660300.00,6719
2009-02-26,-0.012138,-0.012320,-0.007036,-0.007250,-0.015780,752.83,10196379400.00,6716
2009-02-27,-0.019064,-0.019107,-0.010389,-0.010422,-0.023564,735.09,9985857770.00,6710
2009-03-02,-0.049821,-0.049868,-0.055698,-0.055772,-0.046620,700.82,9487871380.00,6709
2009-03-03,-0.006348,-0.006363,-0.013924,-0.013959,-0.006407,696.33,9427709220.00,6706
2009-03-04,0.025915,0.025605,0.029680,0.029521,0.023753,712.87,9669478720.00,6702
2009-03-05,-0.041860,-0.041923,-0.049091,-0.049146,-0.042532,682.55,9264602670.00,6703
2009-03-06,0.001621,0.001406,-0.002234,-0.002324,0.001216,683.38,9277814140.00,6699
2009-03-09,-0.011377,-0.012485,-0.016324,-0.016503,-0.010024,676.53,9161364220.00,6699
2009-03-10,0.063423,0.063350,0.062630,0.062493,0.063663,719.60,9741599050.00,6697
2009-03-11,0.004072,0.003701,0.005505,0.004968,0.002446,721.36,9777730590.00,6699
2009-03-12,0.041933,0.041676,0.051270,0.050889,0.040729,750.74,10185900600.00,6695
2009-03-13,0.006023,0.005980,0.009588,0.009467,0.007739,756.55,10248129500.00,6693
2009-03-16,-0.004804,-0.004822,0.001275,0.001224,-0.003516,753.89,10199357900.00,6693
2009-03-17,0.031034,0.031011,0.030369,0.030329,0.032140,778.12,10514908100.00,6691
2009-03-18,0.022385,0.022347,0.034165,0.034035,0.020858,794.35,10749837900.00,6690
2009-03-19,-0.008012,-0.008021,0.007670,0.007594,-0.012979,784.04,10663555400.00,6687
2009-03-20,-0.020275,-0.020381,-0.014139,-0.014321,-0.019769,768.54,10445401900.00,6684
2009-03-23,0.069105,0.068951,0.064792,0.064724,0.070758,822.92,11166746200.00,6680
2009-03-24,-0.019974,-0.020017,-0.016054,-0.016144,-0.020415,806.12,10943266700.00,6679
2009-03-25,0.009027,0.008945,0.017815,0.017629,0.009626,813.88,11041130900.00,6677
2009-03-26,0.025297,0.025258,0.035827,0.035754,0.023320,832.86,11320359200.00,6670
2009-03-27,-0.021626,-0.021843,-0.021526,-0.021833,-0.020316,815.94,10967804100.00,6670
2009-03-30,-0.036280,-0.036335,-0.031869,-0.031938,-0.034819,787.53,10568906900.00,6666
2009-03-31,0.014267,0.014262,0.020144,0.020124,0.013130,797.87,10734182800.00,6665
2009-04-01,0.017240,0.016962,0.015828,0.015614,0.016557,811.08,10916446200.00,6664
2009-04-02,0.031761,0.031716,0.039004,0.038943,0.028727,834.38,11246052900.00,6661
2009-04-03,0.011627,0.011577,0.012703,0.012668,0.009732,842.50,11376547600.00,6657
2009-04-06,-0.009808,-0.009856,-0.007213,-0.007254,-0.008332,835.48,11264377300.00,6658
2009-04-07,-0.024674,-0.025105,-0.020098,-0.020181,-0.023855,815.55,10981410200.00,6654
2009-04-08,0.013138,0.013096,0.017512,0.017410,0.011784,825.16,11124765900.00,6653
2009-04-09,0.039518,0.039441,0.045860,0.045828,0.038053,856.56,11564208400.00,6654
2009-04-13,0.003955,0.003857,0.007468,0.007148,0.002533,858.73,11608685300.00,6650
2009-04-14,-0.019520,-0.019538,-0.012727,-0.012781,-0.020065,841.50,11382273600.00,6647
2009-04-15,0.012453,0.012422,0.013648,0.013558,0.012549,852.06,11524366500.00,6647
2009-04-16,0.016079,0.016044,0.020373,0.020349,0.015539,865.30,11709796600.00,6651
2009-04-17,0.006012,0.006011,0.013755,0.013748,0.004969,869.60,11780339500.00,6650
2009-04-20,-0.044786,-0.044809,-0.042003,-0.042046,-0.042790,832.39,11251037300.00,6644
2009-04-21,0.022800,0.022738,0.029020,0.028919,0.021252,850.08,11506791600.00,6644
2009-04-22,-0.005681,-0.005823,0.005406,0.005351,-0.007682,843.55,11439711800.00,6644
2009-04-23,0.009211,0.009196,0.001729,0.001693,0.009922,851.92,11544830400.00,6642
2009-04-24,0.018978,0.018977,0.021507,0.021483,0.016797,866.23,11762241700.00,6641
2009-04-27,-0.011404,-0.011406,-0.011690,-0.011724,-0.010067,857.51,11628275500.00,6634
2009-04-28,-0.002835,-0.002962,0.005018,0.004866,-0.002740,855.16,11594023100.00,6638
2009-04-29,0.024540,0.024390,0.028567,0.028455,0.021610,873.64,11877026100.00,6637
2009-04-30,-0.000430,-0.000495,0.004244,0.004180,-0.000950,872.81,11900168200.00,6635
2009-05-01,0.005987,0.005919,0.008472,0.008345,0.005396,877.52,11971607600.00,6634
2009-05-04,0.035889,0.035878,0.037639,0.037603,0.033868,907.24,12401061400.00,6632
2009-05-05,-0.003448,-0.003547,0.002787,0.002620,-0.003792,903.80,12357605100.00,6631
2009-05-06,0.016053,0.015756,0.015218,0.015040,0.017404,919.53,12552396200.00,6634
2009-05-07,-0.015484,-0.015632,-0.011281,-0.011422,-0.013202,907.39,12356377900.00,6632
2009-05-08,0.027335,0.027331,0.033986,0.033944,0.024069,929.23,12694662100.00,6631
2009-05-11,-0.020759,-0.020996,-0.006809,-0.006886,-0.021512,909.24,12428053400.00,6628
2009-05-12,-0.002677,-0.002716,-0.005772,-0.005804,-0.000979,908.35,12395065800.00,6627
2009-05-13,-0.031176,-0.031578,-0.036948,-0.037350,-0.026895,883.92,12004037400.00,6627
2009-05-14,0.012419,0.012335,0.013597,0.013520,0.010352,893.07,12153033500.00,6624
2009-05-15,-0.010650,-0.010770,-0.008198,-0.008228,-0.011410,882.88,12021871200.00,6624
2009-05-18,0.033054,0.032856,0.034462,0.034404,0.030389,909.71,12417158500.00,6624
2009-05-19,0.000466,0.000331,0.004847,0.004793,-0.001737,908.13,12421421400.00,6605
2009-05-20,-0.001755,-0.001869,0.000386,0.000185,-0.005131,903.47,12398932400.00,6606
2009-05-21,-0.016571,-0.016786,-0.013910,-0.013953,-0.016758,888.33,12191288200.00,6607
2009-05-22,-0.000103,-0.000138,0.000888,0.000876,-0.001497,887.00,12189488800.00,6603
2009-05-26,0.028135,0.028131,0.027228,0.027208,0.026302,910.33,12531869100.00,6601
2009-05-27,-0.017294,-0.017476,-0.010079,-0.010206,-0.018971,893.06,12313472600.00,6602
2009-05-28,0.015059,0.014907,0.008296,0.008145,0.015419,906.83,12497607800.00,6601
2009-05-29,0.014740,0.014733,0.014973,0.014954,0.013575,919.14,12747112200.00,6598
2009-06-01,0.027052,0.026991,0.029234,0.029159,0.025818,942.87,13090865700.00,6594
2009-06-02,0.003122,0.003108,0.006477,0.006465,0.001983,944.74,13131247900.00,6592
2009-06-03,-0.017238,-0.017388,-0.010874,-0.010969,-0.013739,931.76,12903461600.00,6591
2009-06-04,0.013645,0.013500,0.019881,0.019853,0.011484,942.46,13077732100.00,6595
2009-06-05,-0.003123,-0.003179,0.001207,0.001178,-0.002515,940.09,13037195500.00,6595
2009-06-08,-0.002646,-0.002809,-0.003553,-0.003627,-0.001011,939.14,13002008500.00,6592
2009-06-09,0.005508,0.005460,0.008719,0.008643,0.003503,942.43,13073864400.00,6593
2009-06-10,-0.002825,-0.002868,-0.002291,-0.002354,-0.003480,939.15,13036359900.00,6593
2009-06-11,0.007230,0.006911,0.010810,0.010297,0.006112,944.89,13126405600.00,6591
2009-06-12,-0.001361,-0.001400,-0.002603,-0.002662,0.001397,946.21,13107443700.00,6588
2009-06-15,-0.025446,-0.025451,-0.023409,-0.023442,-0.023769,923.72,12773641200.00,6587
2009-06-16,-0.013130,-0.013141,-0.011483,-0.011502,-0.012720,911.97,12605934400.00,6584
2009-06-17,-0.003046,-0.003073,-0.001874,-0.001974,-0.001382,910.71,12566537200.00,6581
2009-06-18,0.006605,0.006483,0.003136,0.002944,0.008411,918.37,12647997200.00,6583
2009-06-19,0.004131,0.004067,0.006317,0.006121,0.003114,921.23,12699692200.00,6582
2009-06-22,-0.033191,-0.033313,-0.033322,-0.033507,-0.030600,893.04,12277821600.00,6580
2009-06-23,0.002281,0.002151,-0.002680,-0.002855,0.002307,895.10,12304569500.00,6578
2009-06-24,0.008957,0.008911,0.008663,0.008541,0.006524,900.94,12414050900.00,6577
2009-06-25,0.021607,0.021555,0.021954,0.021920,0.021444,920.26,12682063500.00,6578
2009-06-26,0.000918,0.000698,0.009696,0.009455,-0.001478,918.90,12692762300.00,6576
2009-06-29,0.007681,0.007646,0.002620,0.002581,0.009065,927.23,12789753200.00,6574
2009-06-30,-0.007744,-0.007806,-0.001692,-0.001845,-0.008531,919.32,12746070400.00,6575
2009-07-01,0.006075,0.005920,0.011727,0.011637,0.004362,923.33,12822244900.00,6578
2009-07-02,-0.028164,-0.028231,-0.024530,-0.024559,-0.029145,896.42,12460787400.00,6579
2009-07-06,-0.001715,-0.001739,-0.008867,-0.008899,0.002566,898.72,12438923000.00,6575
2009-07-07,-0.019566,-0.019567,-0.015999,-0.016017,-0.019684,881.03,12195024200.00,6573
2009-07-08,-0.003674,-0.004079,-0.010970,-0.011067,-0.001669,879.56,12144759600.00,6572
2009-07-09,0.004887,0.004867,0.005021,0.004944,0.003547,882.68,12203701800.00,6571
2009-07-10,-0.003400,-0.003402,-0.000116,-0.000134,-0.004022,879.13,12161945600.00,6570
2009-07-13,0.023959,0.023842,0.016221,0.015919,0.024934,901.05,12451412000.00,6572
2009-07-14,0.007242,0.007240,0.008312,0.008303,0.005316,905.84,12541665200.00,6573
2009-07-15,0.031167,0.031131,0.029617,0.029538,0.029630,932.68,12932588700.00,6574
2009-07-16,0.009462,0.009439,0.008224,0.008213,0.008642,940.74,13054689500.00,6575
2009-07-17,-0.000100,-0.000101,-0.001876,-0.001883,-0.000383,940.38,13053032300.00,6575
2009-07-20,0.013517,0.013508,0.015347,0.015309,0.011432,951.13,13229892000.00,6575
2009-07-21,0.002507,0.002496,-0.001750,-0.001774,0.003627,954.58,13263109200.00,6572
2009-07-22,0.000626,0.000492,0.006326,0.006205,-0.000534,954.07,13269274500.00,6570
2009-07-23,0.024248,0.024191,0.022672,0.022647,0.023290,976.29,13590341000.00,6569
2009-07-24,0.004318,0.004310,0.006538,0.006533,0.003042,979.26,13647720800.00,6569
2009-07-27,0.003428,0.003424,0.007161,0.007145,0.002982,982.18,13694458300.00,6563
2009-07-28,-0.003760,-0.003763,0.001287,0.001271,-0.002606,979.62,13642940200.00,6560
2009-07-29,-0.006496,-0.006687,-0.005145,-0.005267,-0.004563,975.15,13551978900.00,6561
2009-07-30,0.013405,0.013290,0.015049,0.014810,0.011896,986.75,13733188500.00,6564
2009-07-31,0.002687,0.002662,0.004968,0.004931,0.000740,987.48,13798187500.00,6563
2009-08-03,0.017978,0.017943,0.019051,0.018979,0.015342,1002.63,14046686300.00,6553
2009-08-04,0.002512,0.002472,0.006835,0.006793,0.003012,1005.65,14082201500.00,6553
2009-08-05,-0.002058,-0.002375,0.000603,0.000454,-0.002914,1002.72,14049232600.00,6551
2009-08-06,-0.007500,-0.007611,-0.007208,-0.007286,-0.005625,997.08,13946179400.00,6553
2009-08-07,0.013329,0.013312,0.017848,0.017830,0.013439,1010.48,14132047200.00,6553
2009-08-10,-0.004378,-0.004406,0.002096,0.002061,-0.003345,1007.10,14070125900.00,6553
2009-08-11,-0.013741,-0.013931,-0.011713,-0.011763,-0.012660,994.35,13874576800.00,6554
2009-08-12,0.012283,0.011953,0.012435,0.012079,0.011525,1005.81,14042743800.00,6555
2009-08-13,0.008382,0.008316,0.007157,0.007076,0.006880,1012.73,14160130600.00,6556
2009-08-14,-0.010026,-0.010054,-0.012073,-0.012103,-0.008531,1004.09,14017776700.00,6556
2009-08-17,-0.026025,-0.026166,-0.025879,-0.025955,-0.024261,979.73,13650749300.00,6551
2009-08-18,0.012018,0.011883,0.015007,0.014958,0.010146,989.67,13813229600.00,6550
2009-08-19,0.006913,0.006793,0.006590,0.006480,0.006861,996.46,13907281800.00,6550
2009-08-20,0.010693,0.010639,0.010307,0.010238,0.010949,1007.37,14055095800.00,6549
2009-08-21,0.018218,0.018075,0.016437,0.016415,0.018623,1026.13,14309140700.00,6547
2009-08-24,-0.000860,-0.000883,0.001050,0.001040,-0.000546,1025.57,14296677500.00,6544
2009-08-25,0.002744,0.002737,0.005311,0.005296,0.002369,1028.00,14335986800.00,6546
2009-08-26,-0.000795,-0.000867,0.003465,0.003416,0.000117,1028.12,14323686100.00,6545
2009-08-27,0.003060,0.002958,0.002991,0.002886,0.002782,1030.98,14366569400.00,6544
2009-08-28,-0.001408,-0.001534,-0.001743,-0.001820,-0.001988,1028.93,14344683100.00,6544
2009-08-31,-0.009184,-0.009217,-0.009000,-0.009010,-0.008076,1020.62,14273510400.00,6544
2009-09-01,-0.021972,-0.022031,-0.019637,-0.019693,-0.022124,998.04,13959724500.00,6544
2009-09-02,-0.002627,-0.002822,-0.000628,-0.000708,-0.003296,994.75,13916960300.00,6543
2009-09-03,0.010726,0.010669,0.010589,0.010550,0.008535,1003.24,14065578800.00,6542
2009-09-04,0.014000,0.013934,0.013220,0.013169,0.013118,1016.40,14262229200.00,6544
2009-09-08,0.010437,0.010302,0.011746,0.011679,0.008845,1025.39,14407555200.00,6543
2009-09-09,0.007804,0.007750,0.011660,0.011559,0.007782,1033.37,14519633300.00,6544
2009-09-10,0.011127,0.011110,0.012918,0.012868,0.010422,1044.14,14681010400.00,6542
2009-09-11,0.000072,-0.000187,0.002029,0.001629,-0.001350,1042.73,14684676000.00,6542
2009-09-14,0.006409,0.006375,0.008107,0.008033,0.006339,1049.34,14778376100.00,6540
2009-09-15,0.006161,0.006147,0.009201,0.009161,0.003135,1052.63,14870028100.00,6537
2009-09-16,0.016251,0.016221,0.016894,0.016803,0.015324,1068.76,15110039300.00,6532
2009-09-17,-0.003713,-0.003803,0.000090,0.000060,-0.003060,1065.49,15054885500.00,6539
2009-09-18,0.001851,0.001797,0.002461,0.002374,0.002637,1068.30,15083177600.00,6541
2009-09-21,-0.004265,-0.004286,-0.001788,-0.001907,-0.003407,1064.66,15019092200.00,6542
2009-09-22,0.008567,0.008525,0.009561,0.009500,0.006575,1071.66,15147939800.00,6543
2009-09-23,-0.010386,-0.010416,-0.005232,-0.005315,-0.010069,1060.87,14991394400.00,6543
2009-09-24,-0.012689,-0.012804,-0.015847,-0.015891,-0.009511,1050.78,14804189900.00,6551
2009-09-25,-0.006367,-0.006367,-0.002444,-0.002460,-0.006091,1044.38,14712429600.00,6557
2009-09-28,0.017970,0.017780,0.015758,0.015544,0.017810,1062.98,14973115800.00,6551
2009-09-29,-0.001059,-0.001128,0.000061,0.000021,-0.002230,1060.61,14956706500.00,6551
2009-09-30,-0.002862,-0.002932,-0.004316,-0.004365,-0.003328,1057.08,14998826000.00,6551
2009-10-01,-0.027110,-0.027187,-0.024204,-0.024291,-0.025760,1029.85,14593590900.00,6547
2009-10-02,-0.005280,-0.005345,-0.006507,-0.006520,-0.004506,1025.21,14514869100.00,6551
2009-10-05,0.016024,0.016007,0.015677,0.015665,0.014875,1040.46,14746351200.00,6549
2009-10-06,0.014541,0.014528,0.013401,0.013380,0.013706,1054.72,14960634900.00,6550
2009-10-07,0.003057,0.002712,0.002384,0.002310,0.002712,1057.58,15004557500.00,6551
2009-10-08,0.009684,0.009669,0.009296,0.009247,0.007470,1065.48,15150257000.00,6554
2009-10-09,0.005240,0.005217,0.006573,0.006551,0.005641,1071.49,15229520800.00,6554
2009-10-12,0.003864,0.003864,0.000513,0.000513,0.004386,1076.19,15288486200.00,6554
2009-10-13,-0.001931,-0.002017,-0.000480,-0.000771,-0.002788,1073.19,15258702700.00,6553
2009-10-14,0.017853,0.017762,0.014102,0.014018,0.017546,1092.02,15528290300.00,6550
2009-10-15,0.002388,0.002381,0.000130,0.000114,0.004157,1096.56,15566288000.00,6550
2009-10-16,-0.008156,-0.008157,-0.006059,-0.006072,-0.008098,1087.68,15373099100.00,6550
2009-10-19,0.009989,0.009987,0.007874,0.007863,0.009405,1097.91,15526295800.00,6549
2009-10-20,-0.007955,-0.007970,-0.009123,-0.009151,-0.006239,1091.06,15402834500.00,6549
2009-10-21,-0.008387,-0.008500,-0.006952,-0.007087,-0.008854,1081.40,15270532800.00,6550
2009-10-22,0.010145,0.010056,0.006973,0.006950,0.010644,1092.91,15424149400.00,6550
2009-10-23,-0.012745,-0.012749,-0.013168,-0.013179,-0.012179,1079.60,15227674900.00,6550
2009-10-26,-0.013211,-0.013216,-0.012990,-0.012992,-0.011717,1066.95,15023118700.00,6546
2009-10-27,-0.006312,-0.006312,-0.010169,-0.010174,-0.003318,1063.41,14928602000.00,6549
2009-10-28,-0.023878,-0.024058,-0.030393,-0.030507,-0.019541,1042.63,14570122200.00,6549
2009-10-29,0.023842,0.023752,0.020349,0.020269,0.022520,1066.11,14912541000.00,6550
2009-10-30,-0.027998,-0.028012,-0.023885,-0.023906,-0.028065,1036.19,14537672900.00,6550
2009-11-02,0.005094,0.005057,-0.001022,-0.001091,0.006456,1042.88,14611305500.00,6552
2009-11-03,0.005758,0.005726,0.009401,0.009361,0.002426,1045.41,14695152000.00,6555
2009-11-04,0.000887,0.000592,-0.002387,-0.002537,0.001043,1046.50,14654267200.00,6553
2009-11-05,0.019376,0.019272,0.020275,0.020203,0.019236,1066.63,14940045500.00,6556
2009-11-06,0.001559,0.001455,-0.000597,-0.000677,0.002503,1069.30,14962989400.00,6556
2009-11-09,0.023285,0.023070,0.015690,0.015610,0.022239,1093.08,15306708800.00,6551
2009-11-10,-0.000683,-0.000901,-0.006304,-0.006625,-0.000064,1093.01,15293173300.00,6554
2009-11-11,0.005488,0.005488,0.005813,0.005813,0.005032,1098.51,15377544000.00,6554
2009-11-12,-0.011725,-0.011838,-0.014038,-0.014165,-0.010259,1087.24,15195669500.00,6552
2009-11-13,0.006830,0.006809,0.007890,0.007858,0.005739,1093.48,15307781800.00,6553
2009-11-16,0.015600,0.015462,0.016714,0.016677,0.014468,1109.30,15544804900.00,6552
2009-11-17,0.001234,0.001115,-0.001824,-0.001859,0.000919,1110.32,15562425200.00,6556
2009-11-18,-0.000955,-0.001175,-0.001355,-0.001495,-0.000468,1109.80,15545474600.00,6553
2009-11-19,-0.014033,-0.014067,-0.014576,-0.014780,-0.013426,1094.90,15326939900.00,6552
2009-11-20,-0.003935,-0.004077,-0.001469,-0.001490,-0.003215,1091.38,15254729700.00,6559
2009-11-23,0.012969,0.012915,0.010755,0.010613,0.013616,1106.24,15451130800.00,6565
2009-11-24,-0.001315,-0.001361,-0.002305,-0.002342,-0.000533,1105.65,15431125200.00,6567
2009-11-25,0.005831,0.005707,0.003686,0.003603,0.004504,1110.63,15519456500.00,6566
2009-11-27,-0.018568,-0.018780,-0.016734,-0.016937,-0.017234,1091.49,15227337800.00,6564
2009-11-30,0.003952,0.003841,0.002433,0.002409,0.003793,1095.63,15347895900.00,6561
2009-12-01,0.014001,0.013946,0.012539,0.012471,0.012075,1108.86,15562049200.00,6564
2009-12-02,0.002350,0.002244,0.005848,0.005799,0.000343,1109.24,15597215400.00,6564
2009-12-03,-0.008827,-0.008852,-0.006843,-0.006883,-0.008402,1099.92,15459390800.00,6566
2009-12-04,0.005376,0.005361,0.011082,0.011062,0.005509,1105.98,15543040500.00,6566
2009-12-07,-0.001596,-0.001626,0.001961,0.001938,-0.002468,1103.25,15517251600.00,6561
2009-12-08,-0.010591,-0.010700,-0.007915,-0.007994,-0.010252,1091.94,15352466800.00,6564
2009-12-09,0.003547,0.003419,0.002190,0.002074,0.003672,1095.95,15406046400.00,6573
2009-12-10,0.005297,0.005225,-0.001180,-0.001239,0.005840,1102.35,15485218000.00,6575
2009-12-11,0.003164,0.002965,0.005236,0.004861,0.003683,1106.41,15533011400.00,6580
2009-12-14,0.008485,0.008404,0.009914,0.009792,0.006959,1114.11,15662483200.00,6573
2009-12-15,-0.004616,-0.004639,-0.004277,-0.004327,-0.005547,1107.93,15590338000.00,6574
2009-12-16,0.003319,0.003278,0.005027,0.004849,0.001128,1109.18,15646398700.00,6575
2009-12-17,-0.012564,-0.012619,-0.010307,-0.010388,-0.011811,1096.08,15450211900.00,6577
2009-12-18,0.006076,0.006004,0.005057,0.004816,0.005830,1102.47,15541598000.00,6575
2009-12-21,0.009765,0.009732,0.009406,0.009236,0.010504,1114.05,15691794800.00,6569
2009-12-22,0.004612,0.004473,0.005825,0.005508,0.003564,1118.02,15760636300.00,6565
2009-12-23,0.004734,0.004493,0.008581,0.008398,0.002299,1120.59,15824094200.00,6564
2009-12-24,0.005243,0.005127,0.005349,0.005212,0.005256,1126.48,15905661200.00,6559
2009-12-28,0.000985,0.000887,-0.000148,-0.000222,0.001154,1127.78,15919803000.00,6557
2009-12-29,-0.000929,-0.001164,0.001686,0.001206,-0.001401,1126.20,15902186600.00,6557
2009-12-30,-0.000670,-0.000751,0.000497,0.000454,0.000195,1126.42,15890219700.00,6557
2009-12-31,-0.008656,-0.008692,-0.002657,-0.002666,-0.010050,1115.10,15825927000.00,6558
2010-01-04,0.017123,0.017047,0.019120,0.019077,0.016043,1132.99,16093308800.00,6556
2010-01-05,0.003374,0.003368,0.002475,0.002451,0.003116,1136.52,16147410800.00,6556
2010-01-06,0.002046,0.001762,0.003210,0.003180,0.000546,1137.14,16175442400.00,6553
2010-01-07,0.002860,0.002822,0.006887,0.006834,0.004001,1141.69,16220828500.00,6551
2010-01-08,0.004173,0.004173,0.007230,0.007224,0.002882,1144.98,16290065400.00,6559
2010-01-11,0.001141,0.001140,0.003568,0.003547,0.001747,1146.98,16312555900.00,6559
2010-01-12,-0.010995,-0.011005,-0.010170,-0.010224,-0.009381,1136.22,16133437000.00,6558
2010-01-13,0.008636,0.008532,0.008890,0.008648,0.008326,1145.68,16271121900.00,6559
2010-01-14,0.002307,0.002283,0.004431,0.004398,0.002427,1148.46,16308520100.00,6559
2010-01-15,-0.011325,-0.011351,-0.008664,-0.008675,-0.010823,1136.03,16123644300.00,6559
2010-01-19,0.012057,0.012054,0.011286,0.011274,0.012500,1150.23,16317278400.00,6559
2010-01-20,-0.011076,-0.011183,-0.009048,-0.009150,-0.010598,1138.04,16133283300.00,6558
2010-01-21,-0.017773,-0.017797,-0.014191,-0.014217,-0.018945,1116.48,15846049800.00,6560
2010-01-22,-0.021001,-0.021042,-0.014432,-0.014439,-0.022141,1091.76,15515601900.00,6569
2010-01-25,0.003901,0.003891,0.000975,0.000966,0.004598,1096.78,15574270500.00,6570
2010-01-26,-0.004922,-0.004934,-0.006016,-0.006019,-0.004203,1092.17,15497675200.00,6569
2010-01-27,0.004186,0.004081,0.001880,0.001787,0.004880,1097.50,15552778100.00,6566
2010-01-28,-0.011333,-0.011441,-0.008876,-0.008945,-0.011818,1084.53,15375103100.00,6565
2010-01-29,-0.010301,-0.010325,-0.008187,-0.008227,-0.009829,1073.87,15216588000.00,6566
2010-02-01,0.015111,0.015084,0.011349,0.011288,0.014266,1089.19,15448144400.00,6558
2010-02-02,0.012229,0.012220,0.008665,0.008635,0.012973,1103.32,15637246100.00,6560
2010-02-03,-0.004982,-0.005259,-0.003824,-0.003951,-0.005474,1097.28,15555729700.00,6559
2010-02-04,-0.031982,-0.032029,-0.028128,-0.028184,-0.031141,1063.11,15056856800.00,6557
2010-02-05,0.002652,0.002642,0.000458,0.000434,0.002897,1066.19,15096856500.00,6557
2010-02-08,-0.008235,-0.008453,-0.005335,-0.005379,-0.008863,1056.74,14964924400.00,6553
2010-02-09,0.013880,0.013847,0.011905,0.011833,0.013040,1070.52,15173095100.00,6552
2010-02-10,-0.001476,-0.001752,0.000019,-0.000331,-0.002233,1068.13,15148863500.00,6559
2010-02-11,0.012086,0.011978,0.012798,0.012720,0.009680,1078.47,15332187400.00,6570
2010-02-12,-0.000652,-0.000789,0.003119,0.003092,-0.002745,1075.51,15320068700.00,6570
2010-02-16,0.017979,0.017872,0.014446,0.014415,0.018001,1094.87,15559385100.00,6569
2010-02-17,0.004659,0.004483,0.005052,0.004903,0.004238,1099.51,15629161900.00,6570
2010-02-18,0.006192,0.006115,0.004381,0.004324,0.006585,1106.75,15725472900.00,6569
2010-02-19,0.002459,0.002339,0.001958,0.001937,0.002187,1109.17,15762677100.00,6568
2010-02-22,-0.001114,-0.001153,0.001988,0.001978,-0.001046,1108.01,15743837200.00,6565
2010-02-23,-0.013085,-0.013096,-0.008433,-0.008450,-0.012103,1094.60,15537084900.00,6563
2010-02-24,0.008534,0.008385,0.005357,0.005264,0.009720,1105.24,15667963200.00,6566
2010-02-25,-0.000709,-0.000905,-0.000974,-0.001062,-0.002081,1102.94,15654034000.00,6566
2010-02-26,0.001843,0.001807,0.001600,0.001587,0.001405,1104.49,15717328300.00,6564
2010-03-01,0.011987,0.011947,0.012953,0.012900,0.010159,1115.71,15892934500.00,6562
2010-03-02,0.004423,0.004417,0.007848,0.007818,0.002330,1118.31,15963566600.00,6560
2010-03-03,0.001605,0.001473,0.002861,0.002778,0.000429,1118.79,15987270900.00,6559
2010-03-04,0.003100,0.003055,0.004645,0.004598,0.003736,1122.97,16036430700.00,6559
2010-03-05,0.014507,0.014472,0.015185,0.015161,0.014008,1138.70,16279195700.00,6560
2010-03-08,0.000714,0.000571,0.003795,0.003733,-0.000176,1138.50,16289275000.00,6556
2010-03-09,0.001653,0.001592,0.002518,0.002425,0.001713,1140.45,16315245600.00,6560
2010-03-10,0.005048,0.004922,0.006226,0.006166,0.004525,1145.61,16395720900.00,6559
2010-03-11,0.003968,0.003628,0.003264,0.002816,0.004042,1150.24,16456080800.00,6566
2010-03-12,0.000759,0.000747,0.000603,0.000584,-0.000217,1149.99,16469057600.00,6569
2010-03-15,-0.000684,-0.000715,-0.003172,-0.003222,0.000452,1150.51,16455804100.00,6563
2010-03-16,0.008745,0.008729,0.007171,0.007143,0.007779,1159.46,16600698900.00,6563
2010-03-17,0.005613,0.005590,0.004725,0.004619,0.005822,1166.21,16694295400.00,6563
2010-03-18,-0.002034,-0.002052,-0.002672,-0.002720,-0.000326,1165.83,16660721400.00,6566
2010-03-19,-0.006911,-0.006948,-0.007940,-0.008016,-0.005087,1159.90,16543251800.00,6565
2010-03-22,0.005863,0.005833,0.006288,0.006227,0.005095,1165.81,16641018900.00,6566
2010-03-23,0.007665,0.007582,0.008460,0.008390,0.007171,1174.17,16767828400.00,6567
2010-03-24,-0.006621,-0.006646,-0.005153,-0.005210,-0.005493,1167.72,16658190700.00,6570
2010-03-25,-0.002437,-0.002494,-0.003448,-0.003563,-0.001704,1165.73,16616625700.00,6556
2010-03-26,0.000678,0.000670,0.000871,0.000841,0.000738,1166.59,16627818300.00,6555
2010-03-29,0.006797,0.006603,0.005715,0.005471,0.005683,1173.22,16737819400.00,6555
2010-03-30,0.000458,0.000344,0.001625,0.001550,0.000043,1173.27,16745405600.00,6554
2010-03-31,-0.002766,-0.002803,-0.002948,-0.002986,-0.003273,1169.43,16761940300.00,6557
2010-04-01,0.008641,0.008524,0.006962,0.006870,0.007414,1178.10,16906137400.00,6556
2010-04-05,0.009547,0.009522,0.013143,0.013117,0.007928,1187.44,17066866200.00,6554
2010-04-06,0.002121,0.002118,0.005218,0.005208,0.001684,1189.44,17103144700.00,6556
2010-04-07,-0.005367,-0.005654,-0.000949,-0.000997,-0.005877,1182.45,17006477500.00,6566
2010-04-08,0.002831,0.002794,0.002699,0.002641,0.003374,1186.44,17053353200.00,6567
2010-04-09,0.006705,0.006699,0.005829,0.005814,0.006684,1194.37,17168232700.00,6570
2010-04-12,0.001771,0.001755,0.003871,0.003844,0.001767,1196.48,17194899700.00,6566
2010-04-13,0.000740,0.000631,0.001573,0.001328,0.000685,1197.30,17206197000.00,6567
2010-04-14,0.012332,0.012290,0.014969,0.014916,0.011150,1210.65,17418062600.00,6569
2010-04-15,0.000089,0.000082,0.002767,0.002731,0.000843,1211.67,17430848600.00,6572
2010-04-16,-0.016122,-0.016122,-0.010971,-0.010972,-0.016127,1192.13,17142965600.00,6571
2010-04-19,0.002261,0.002253,-0.002903,-0.002906,0.004521,1197.52,17181944000.00,6569
2010-04-20,0.009813,0.009766,0.011967,0.011934,0.008058,1207.17,17350291500.00,6570
2010-04-21,-0.000540,-0.000562,0.002920,0.002809,-0.001019,1205.94,17340928700.00,6570
2010-04-22,0.003577,0.003540,0.007545,0.007493,0.002264,1208.67,17404133900.00,6578
2010-04-23,0.007444,0.007443,0.010060,0.010043,0.007124,1217.28,17534712500.00,6582
2010-04-26,-0.003232,-0.003237,0.002679,0.002673,-0.004296,1212.05,17478596600.00,6580
2010-04-27,-0.023848,-0.023853,-0.018844,-0.018856,-0.023382,1183.71,17061539500.00,6579
2010-04-28,0.005240,0.005038,0.001550,0.001416,0.006463,1191.36,17147810100.00,6578
2010-04-29,0.013643,0.013546,0.013172,0.013094,0.012943,1206.78,17374388600.00,6582
2010-04-30,-0.016839,-0.016855,-0.015033,-0.015082,-0.016648,1186.69,17099184300.00,6582
2010-05-03,0.012859,0.012821,0.011350,0.011279,0.013121,1202.26,17316304100.00,6577
2010-05-04,-0.025371,-0.025378,-0.023941,-0.023975,-0.023838,1173.60,16878059800.00,6578
2010-05-05,-0.009209,-0.009486,-0.013606,-0.013733,-0.006561,1165.90,16718231400.00,6580
2010-05-06,-0.032542,-0.032662,-0.033677,-0.033759,-0.032378,1128.15,16172615000.00,6580
2010-05-07,-0.015859,-0.015865,-0.016992,-0.017016,-0.015308,1110.88,15916631200.00,6581
2010-05-10,0.044920,0.044865,0.042802,0.042748,0.043974,1159.73,16631269300.00,6581
2010-05-11,-0.000949,-0.001091,0.004206,0.004126,-0.003397,1155.79,16612861600.00,6582
2010-05-12,0.016270,0.015920,0.019119,0.018783,0.013740,1171.67,16877424700.00,6580
2010-05-13,-0.010837,-0.010893,-0.004853,-0.004924,-0.012145,1157.44,16696153100.00,6585
2010-05-14,-0.019413,-0.019435,-0.018570,-0.018610,-0.018800,1135.68,16370106200.00,6585
2010-05-17,-0.000579,-0.000710,-0.003152,-0.003188,0.001109,1136.94,16356489600.00,6580
2010-05-18,-0.013644,-0.013785,-0.012878,-0.012958,-0.014196,1120.80,16131770400.00,6583
2010-05-19,-0.007142,-0.007246,-0.013288,-0.013456,-0.005130,1115.05,16014590800.00,6585
2010-05-20,-0.040377,-0.040440,-0.039086,-0.039115,-0.038976,1071.59,15368690800.00,6588
2010-05-21,0.015298,0.015267,0.011581,0.011561,0.015024,1087.69,15601561000.00,6586
2010-05-24,-0.012043,-0.012134,-0.006554,-0.006592,-0.012908,1073.65,15411489800.00,6573
2010-05-25,-0.000159,-0.000173,-0.006471,-0.006491,0.000354,1074.03,15408425800.00,6573
2010-05-26,-0.002863,-0.003071,0.004589,0.004472,-0.005661,1067.95,15361574600.00,6574
2010-05-27,0.035093,0.034826,0.033666,0.033581,0.032876,1103.06,15896962600.00,6574
2010-05-28,-0.011760,-0.011837,-0.006628,-0.006673,-0.012375,1089.41,15725380100.00,6574
2010-06-01,-0.018508,-0.018575,-0.020725,-0.020809,-0.017165,1070.71,15426730700.00,6568
2010-06-02,0.026567,0.026427,0.020302,0.020234,0.025843,1098.38,15832685300.00,6570
2010-06-03,0.004783,0.004745,0.005511,0.005493,0.004051,1102.83,15907803700.00,6569
2010-06-04,-0.035862,-0.035892,-0.032259,-0.032278,-0.034412,1064.88,15336819500.00,6568
2010-06-07,-0.014029,-0.014072,-0.018178,-0.018234,-0.013532,1050.47,15070987800.00,6572
2010-06-08,0.009235,0.009114,-0.001211,-0.001300,0.010976,1062.00,15208943800.00,6574
2010-06-09,-0.003825,-0.003884,-0.000233,-0.000344,-0.005942,1055.69,15146486000.00,6575
2010-06-10,0.029517,0.029501,0.024919,0.024885,0.029507,1086.84,15593154400.00,6575
2010-06-11,0.006194,0.005844,0.009434,0.009022,0.004380,1091.60,15683223900.00,6578
2010-06-14,0.000013,-0.000022,0.004188,0.004134,-0.001805,1089.63,15682776600.00,6579
2010-06-15,0.023852,0.023819,0.019400,0.019335,0.023494,1115.23,16058158600.00,6581
2010-06-16,-0.001219,-0.001246,-0.001970,-0.002044,-0.000556,1114.61,16038353200.00,6583
2010-06-17,0.000896,0.000798,-0.000025,-0.000065,0.001283,1116.04,16053107500.00,6584
2010-06-18,0.001710,0.001662,0.002965,0.002824,0.001317,1117.51,16079425500.00,6584
2010-06-21,-0.004309,-0.004343,-0.006300,-0.006434,-0.003857,1113.20,16012428800.00,6581
2010-06-22,-0.016156,-0.016253,-0.013866,-0.013948,-0.016071,1095.31,15751013500.00,6585
2010-06-23,-0.002917,-0.003033,-0.001882,-0.002017,-0.002985,1092.04,15703852100.00,6585
2010-06-24,-0.016272,-0.016315,-0.012408,-0.012466,-0.016803,1073.69,15448299300.00,6586
2010-06-25,0.006060,0.006034,0.010254,0.010236,0.002859,1076.76,15542878800.00,6587
2010-06-28,-0.003129,-0.003341,-0.004658,-0.004938,-0.002034,1074.57,15490667300.00,6585
2010-06-29,-0.032886,-0.032922,-0.031189,-0.031228,-0.031017,1041.24,14982426000.00,6587
2010-06-30,-0.008948,-0.009029,-0.005544,-0.005580,-0.010113,1030.71,14872527600.00,6588
2010-07-01,-0.003930,-0.004076,-0.007591,-0.007698,-0.003240,1027.37,14812980600.00,6587
2010-07-02,-0.004749,-0.004793,-0.004375,-0.004430,-0.004662,1022.58,14735890400.00,6586
2010-07-06,0.003316,0.003314,-0.006417,-0.006430,0.005359,1028.06,14786709300.00,6588
2010-07-07,0.030891,0.030565,0.021937,0.021879,0.031331,1060.27,15238499800.00,6586
2010-07-08,0.009561,0.009506,0.010030,0.009951,0.009413,1070.25,15381429200.00,6583
2010-07-09,0.008916,0.008913,0.011699,0.011683,0.007204,1077.96,15518139900.00,6585
2010-07-12,-0.001350,-0.001372,-0.005484,-0.005537,0.000733,1078.75,15497047800.00,6582
2010-07-13,0.017213,0.017115,0.021559,0.021313,0.015379,1095.34,15759074400.00,6578
2010-07-14,-0.000642,-0.000663,-0.001117,-0.001163,-0.000155,1095.17,15748905100.00,6584
2010-07-15,0.000415,0.000411,-0.003625,-0.003647,0.001196,1096.48,15751834100.00,6585
2010-07-16,-0.028543,-0.028562,-0.024113,-0.024116,-0.028820,1064.88,15304054000.00,6595
2010-07-19,0.004999,0.004981,0.003037,0.003008,0.005982,1071.25,15377292700.00,6593
2010-07-20,0.012639,0.012261,0.011592,0.011477,0.011417,1083.48,15566136800.00,6594
2010-07-21,-0.012835,-0.012944,-0.009823,-0.009925,-0.012820,1069.59,15365526000.00,6596
2010-07-22,0.023576,0.023506,0.023307,0.023280,0.022513,1093.67,15725238700.00,6595
2010-07-23,0.009631,0.009623,0.013518,0.013511,0.008220,1102.66,15882406300.00,6595
2010-07-26,0.011615,0.011610,0.013842,0.013837,0.011200,1115.01,16066218800.00,6593
2010-07-27,-0.002540,-0.002541,-0.002167,-0.002176,-0.001049,1113.84,16025286200.00,6594
2010-07-28,-0.007459,-0.007594,-0.007823,-0.007925,-0.006922,1106.13,15904024800.00,6592
2010-07-29,-0.002589,-0.002745,0.000452,0.000380,-0.004159,1101.53,15863070500.00,6593
2010-07-30,0.001513,0.001497,0.003374,0.003346,0.000064,1101.60,15884757300.00,6588
2010-08-02,0.020555,0.020521,0.013605,0.013546,0.022023,1125.86,16210970200.00,6590
2010-08-03,-0.005157,-0.005190,-0.004573,-0.004615,-0.004796,1120.46,16127676400.00,6591
2010-08-04,0.007461,0.007180,0.007322,0.007186,0.006051,1127.24,16244351400.00,6591
2010-08-05,-0.002496,-0.002561,-0.004130,-0.004177,-0.001269,1125.81,16199663400.00,6588
2010-08-06,-0.003549,-0.003638,-0.002666,-0.002714,-0.003704,1121.64,16144335700.00,6594
2010-08-09,0.005856,0.005839,0.006811,0.006791,0.005483,1127.79,16238729800.00,6594
2010-08-10,-0.007992,-0.008042,-0.011581,-0.011659,-0.005967,1121.06,16108592600.00,6595
2010-08-11,-0.029230,-0.029640,-0.028502,-0.028716,-0.028179,1089.47,15630453800.00,6598
2010-08-12,-0.004674,-0.004793,-0.003016,-0.003204,-0.005379,1083.61,15555421200.00,6599
2010-08-13,-0.003874,-0.003921,-0.004213,-0.004261,-0.004024,1079.25,15493336700.00,6597
2010-08-16,0.001455,0.001411,0.003631,0.003590,0.000120,1079.38,15515335600.00,6595
2010-08-17,0.013886,0.013672,0.012328,0.012292,0.012192,1092.54,15727514300.00,6594
2010-08-18,0.002330,0.002202,0.001916,0.001772,0.001483,1094.16,15761261500.00,6593
2010-08-19,-0.016704,-0.016723,-0.016574,-0.016616,-0.016935,1075.63,15497747200.00,6593
2010-08-20,-0.003305,-0.003347,-0.001645,-0.001696,-0.003663,1071.69,15445817500.00,6593
2010-08-23,-0.004861,-0.004894,-0.008722,-0.008745,-0.004040,1067.36,15370210900.00,6592
2010-08-24,-0.014445,-0.014456,-0.011858,-0.011869,-0.014512,1051.87,15147192100.00,6592
2010-08-25,0.004577,0.004495,0.005699,0.005647,0.003289,1055.33,15213855900.00,6592
2010-08-26,-0.006625,-0.006642,-0.004951,-0.004980,-0.007685,1047.22,15112825600.00,6591
2010-08-27,0.018433,0.018222,0.018579,0.018479,0.016587,1064.59,15388416400.00,6590
2010-08-30,-0.014218,-0.014380,-0.013765,-0.013840,-0.014719,1048.92,15163330500.00,6586
2010-08-31,0.000119,0.000085,0.000366,0.000346,0.000391,1049.33,15161037200.00,6586
2010-09-01,0.029106,0.028989,0.024893,0.024799,0.029505,1080.29,15600764200.00,6586
2010-09-02,0.009547,0.009477,0.008303,0.008255,0.009081,1090.10,15748934400.00,6587
2010-09-03,0.012980,0.012954,0.011739,0.011720,0.013219,1104.51,15950471000.00,6585
2010-09-07,-0.011863,-0.011925,-0.012416,-0.012451,-0.011471,1091.84,15760426100.00,6585
2010-09-08,0.006330,0.006132,0.006089,0.005972,0.006439,1098.87,15857000500.00,6584
2010-09-09,0.003763,0.003615,0.002379,0.002270,0.004832,1104.18,15914579900.00,6593
2010-09-10,0.004477,0.004456,0.004090,0.004066,0.004863,1109.55,15985382400.00,6593
2010-09-13,0.012869,0.012516,0.015657,0.015247,0.011131,1121.90,16184879900.00,6585
2010-09-14,-0.000108,-0.000130,-0.000759,-0.000812,-0.000713,1121.10,16186789500.00,6587
2010-09-15,0.002952,0.002919,0.001408,0.001318,0.003541,1125.07,16234499600.00,6588
2010-09-16,-0.000750,-0.000858,-0.002683,-0.002750,-0.000364,1124.66,16219368500.00,6584
2010-09-17,0.001128,0.001080,0.003161,0.003086,0.000827,1125.59,16237534400.00,6587
2010-09-20,0.015179,0.015156,0.017205,0.017142,0.015210,1142.71,16485429900.00,6584
2010-09-21,-0.003097,-0.003120,-0.002993,-0.003086,-0.002564,1139.78,16434758200.00,6587
2010-09-22,-0.005023,-0.005124,-0.005274,-0.005351,-0.004825,1134.28,16347398300.00,6594
2010-09-23,-0.008117,-0.008140,-0.006130,-0.006175,-0.008331,1124.83,16215140800.00,6593
2010-09-24,0.021202,0.021146,0.020093,0.020025,0.021194,1148.67,16559120600.00,6595
2010-09-27,-0.004459,-0.004466,-0.001482,-0.001507,-0.005667,1142.16,16483821600.00,6590
2010-09-28,0.005787,0.005588,0.007419,0.007196,0.004850,1147.70,16571502000.00,6591
2010-09-29,-0.001083,-0.001174,0.002010,0.001957,-0.002588,1144.73,16552538900.00,6595
2010-09-30,-0.001975,-0.002021,0.001188,0.001154,-0.003084,1141.20,16540780700.00,6596
2010-10-01,0.004939,0.004825,0.004493,0.004375,0.004416,1146.24,16613309900.00,6593
2010-10-04,-0.008293,-0.008639,-0.009039,-0.009108,-0.008035,1137.03,16465367700.00,6592
2010-10-05,0.020563,0.020560,0.018553,0.018543,0.020861,1160.75,16803496100.00,6590
2010-10-06,-0.000333,-0.000668,-0.000476,-0.000572,-0.000672,1159.97,16810298600.00,6584
2010-10-07,-0.002121,-0.002136,-0.001649,-0.001676,-0.001647,1158.06,16773557700.00,6585
2010-10-08,0.007621,0.007617,0.009940,0.009938,0.006122,1165.15,16900856200.00,6584
2010-10-11,0.000566,0.000566,0.001864,0.001864,0.000146,1165.32,16910333200.00,6584
2010-10-12,0.003647,0.003644,0.003778,0.003754,0.003819,1169.77,16971690300.00,6584
2010-10-13,0.008784,0.008646,0.011162,0.010883,0.007121,1178.10,17117248300.00,6583
2010-10-14,-0.003666,-0.003674,-0.001719,-0.001737,-0.003641,1173.81,17069147700.00,6584
2010-10-15,0.000702,0.000700,-0.000571,-0.000613,0.002028,1176.19,17082459000.00,6586
2010-10-18,0.006296,0.006276,0.005752,0.005687,0.007244,1184.71,17186701800.00,6585
2010-10-19,-0.017210,-0.017214,-0.016750,-0.016775,-0.015877,1165.90,16892116900.00,6587
2010-10-20,0.011274,0.011159,0.010230,0.010113,0.010524,1178.17,17077385500.00,6586
2010-10-21,0.000265,0.000227,-0.003004,-0.003027,0.001774,1180.26,17082559400.00,6586
2010-10-22,0.002654,0.002613,0.005054,0.005048,0.002389,1183.08,17129231500.00,6586
2010-10-25,0.003724,0.003717,0.005161,0.005155,0.002147,1185.62,17195253100.00,6584
2010-10-26,-0.000427,-0.000427,0.000521,0.000520,0.000017,1185.64,17188654200.00,6586
2010-10-27,-0.003317,-0.003480,-0.004152,-0.004244,-0.002691,1182.45,17131051600.00,6589
2010-10-28,0.001141,0.001030,-0.000819,-0.000903,0.001125,1183.78,17149722000.00,6591
2010-10-29,0.001662,0.001643,0.003562,0.003530,-0.000439,1183.26,17187976900.00,6592
2010-11-01,0.000145,0.000117,-0.003470,-0.003524,0.000947,1184.38,17189955500.00,6597
2010-11-02,0.009053,0.009030,0.011679,0.011650,0.007759,1193.57,17345202800.00,6599
2010-11-03,0.003439,0.003283,0.002310,0.002206,0.003678,1197.96,17402110200.00,6599
2010-11-04,0.019913,0.019760,0.017272,0.017195,0.019283,1221.06,17745319900.00,6599
2010-11-05,0.004019,0.003973,0.004520,0.004475,0.003923,1225.85,17818084100.00,6601
2010-11-08,-0.000910,-0.001016,0.002139,0.002021,-0.002121,1223.25,17799202200.00,6601
2010-11-09,-0.008463,-0.008717,-0.009238,-0.009379,-0.008052,1213.40,17644202600.00,6600
2010-11-10,0.005389,0.005183,0.005936,0.005575,0.004376,1218.71,17735942300.00,6604
2010-11-11,-0.003605,-0.003605,-0.004355,-0.004355,-0.004242,1213.54,17673296700.00,6607
2010-11-12,-0.013391,-0.013464,-0.012542,-0.012589,-0.011808,1199.21,17435422800.00,6606
2010-11-15,-0.001330,-0.001380,-0.001282,-0.001320,-0.001217,1197.75,17413439800.00,6604
2010-11-16,-0.016850,-0.017062,-0.016690,-0.016745,-0.016205,1178.34,17114676200.00,6601
2010-11-17,0.001622,0.001487,0.002874,0.002721,0.000212,1178.59,17137761500.00,6599
2010-11-18,0.015558,0.015529,0.012536,0.012444,0.015357,1196.69,17457802400.00,6600
2010-11-19,0.003742,0.003617,0.003857,0.003797,0.002540,1199.73,17521448600.00,6602
2010-11-22,-0.000273,-0.000321,0.001012,0.000991,-0.001575,1197.84,17516209300.00,6601
2010-11-23,-0.014121,-0.014158,-0.010233,-0.010275,-0.014284,1180.73,17266774900.00,6599
2010-11-24,0.015679,0.015645,0.014284,0.014256,0.014923,1198.35,17537092100.00,6601
2010-11-26,-0.006877,-0.007053,-0.002551,-0.002615,-0.007469,1189.40,17412870300.00,6600
2010-11-29,-0.000917,-0.001145,-0.000616,-0.000769,-0.001379,1187.76,17393305100.00,6601
2010-11-30,-0.005788,-0.005825,-0.005337,-0.005365,-0.006070,1180.55,17360347300.00,6600
2010-12-01,0.020817,0.020659,0.013248,0.013127,0.021617,1206.07,17717831700.00,6593
2010-12-02,0.012228,0.012204,0.008930,0.008892,0.012819,1221.53,17932662300.00,6596
2010-12-03,0.003962,0.003865,0.005112,0.005076,0.002603,1224.71,18001671000.00,6599
2010-12-06,0.000025,-0.000022,0.002998,0.002941,-0.001298,1223.12,18000498300.00,6596
2010-12-07,0.000191,0.000153,0.000222,0.000134,0.000515,1223.75,17996374400.00,6596
2010-12-08,0.001544,0.001312,-0.000997,-0.001084,0.003702,1228.28,18020211700.00,6606
2010-12-09,0.003574,0.003501,0.003485,0.003386,0.003843,1233.00,18087241300.00,6608
2010-12-10,0.006422,0.006395,0.006810,0.006763,0.006002,1240.40,18202055500.00,6610
2010-12-13,0.000182,-0.000081,-0.001497,-0.001961,0.000048,1240.46,18200654600.00,6607
2010-12-14,0.000271,0.000228,-0.001438,-0.001551,0.000911,1241.59,18205161300.00,6607
2010-12-15,-0.005256,-0.005304,-0.004135,-0.004320,-0.005122,1235.23,18113350800.00,6602
2010-12-16,0.005846,0.005693,0.007872,0.007732,0.006185,1242.87,18217475200.00,6601
2010-12-17,0.001571,0.001495,0.003659,0.003401,0.000837,1243.91,18245629300.00,6604
2010-12-20,0.001818,0.001792,0.000713,0.000637,0.002548,1247.08,18279637100.00,6605
2010-12-21,0.007205,0.007002,0.008646,0.008323,0.006030,1254.60,18404624400.00,6603
2010-12-22,0.003135,0.002923,0.003308,0.003100,0.003380,1258.84,18460575500.00,6604
2010-12-23,-0.001198,-0.001300,0.000450,0.000295,-0.001644,1256.77,18435757000.00,6600
2010-12-27,0.000668,0.000622,0.003488,0.003367,0.000613,1257.54,18447179400.00,6600
2010-12-28,0.000786,0.000725,-0.000240,-0.000357,0.000771,1258.51,18460798100.00,6599
2010-12-29,0.002732,0.002491,0.004122,0.003642,0.001009,1259.78,18505630500.00,6598
2010-12-30,-0.000803,-0.000833,0.001311,0.001282,-0.001508,1257.88,18490143200.00,6597
2010-12-31,-0.000232,-0.000264,0.000868,0.000860,-0.000191,1257.64,18516131100.00,6596
2011-01-03,0.011212,0.011181,0.012534,0.012516,0.011315,1271.87,18721906200.00,6590
2011-01-04,-0.003895,-0.003939,-0.006753,-0.006774,-0.001313,1270.20,18651239300.00,6594
2011-01-05,0.005382,0.005299,0.007944,0.007917,0.005007,1276.56,18749621600.00,6596
2011-01-06,-0.002515,-0.002757,-0.001211,-0.001248,-0.002123,1273.85,18697112300.00,6595
2011-01-07,-0.001949,-0.001951,-0.002848,-0.002850,-0.001845,1271.50,18660787800.00,6595
2011-01-10,-0.000709,-0.000711,0.002287,0.002271,-0.001376,1269.75,18651630600.00,6596
2011-01-11,0.005048,0.005042,0.005963,0.005921,0.003725,1274.48,18744983700.00,6595
2011-01-12,0.009014,0.008903,0.008259,0.007994,0.009008,1285.96,18912340200.00,6596
2011-01-13,-0.001889,-0.001893,-0.000500,-0.000523,-0.001711,1283.76,18875179700.00,6595
2011-01-14,0.006630,0.006607,0.004736,0.004720,0.007385,1293.24,18998238700.00,6595
2011-01-18,0.002176,0.002156,0.002518,0.002508,0.001376,1295.02,19039966300.00,6595
2011-01-19,-0.012250,-0.012342,-0.016081,-0.016145,-0.010116,1281.92,18805541300.00,6596
2011-01-20,-0.003837,-0.003844,-0.007600,-0.007638,-0.001295,1280.26,18728722500.00,6597
2011-01-21,0.001261,0.001244,-0.000136,-0.000159,0.002414,1283.35,18752501900.00,6597
2011-01-24,0.006289,0.006249,0.006046,0.006038,0.005836,1290.84,18869422700.00,6596
2011-01-25,-0.000428,-0.000447,-0.001076,-0.001084,0.000263,1291.18,18862564600.00,6605
2011-01-26,0.007332,0.007301,0.011707,0.011678,0.004221,1296.63,19007918200.00,6608
2011-01-27,0.002133,0.002029,0.001653,0.001559,0.002244,1299.54,19047070100.00,6613
2011-01-28,-0.017202,-0.017258,-0.017784,-0.017827,-0.017853,1276.34,18721372000.00,6617
2011-01-31,0.007617,0.007614,0.005212,0.005202,0.007663,1286.12,18936990300.00,6614
2011-02-01,0.017025,0.016992,0.014753,0.014685,0.016694,1307.59,19258741300.00,6616
2011-02-02,-0.002229,-0.002377,-0.000556,-0.000625,-0.002723,1304.03,19215264900.00,6618
2011-02-03,0.002924,0.002779,0.001939,0.001862,0.002354,1307.10,19269790900.00,6622
2011-02-04,0.002176,0.002155,0.001326,0.001303,0.002884,1310.87,19311640500.00,6625
2011-02-07,0.006123,0.006108,0.006745,0.006716,0.006240,1319.05,19429250200.00,6623
2011-02-08,0.004549,0.004344,0.003895,0.003850,0.004185,1324.57,19514114600.00,6624
2011-02-09,-0.003443,-0.003563,-0.003610,-0.003713,-0.002786,1320.88,19445712100.00,6628
2011-02-10,0.001336,0.001276,0.000472,0.000427,0.000750,1321.87,19470586600.00,6631
2011-02-11,0.006111,0.005949,0.006629,0.006336,0.005507,1329.15,19590362000.00,6633
2011-02-14,0.003401,0.003269,0.003197,0.003171,0.002385,1332.32,19654839900.00,6633
2011-02-15,-0.003182,-0.003274,-0.003015,-0.003053,-0.003235,1328.01,19591055900.00,6635
2011-02-16,0.007533,0.007373,0.006352,0.006185,0.006257,1336.32,19735794400.00,6633
2011-02-17,0.003947,0.003846,0.005617,0.005578,0.003076,1340.43,19812578900.00,6634
2011-02-18,0.001222,0.001202,0.001088,0.001068,0.001925,1343.01,19832252700.00,6632
2011-02-22,-0.021060,-0.021071,-0.020645,-0.020656,-0.020529,1315.44,19413438800.00,6631
2011-02-23,-0.006562,-0.006603,-0.008481,-0.008523,-0.006112,1307.40,19284149200.00,6628
2011-02-24,-0.000133,-0.000307,0.002655,0.002575,-0.000994,1306.10,19278623700.00,6634
2011-02-25,0.012937,0.012740,0.015057,0.014965,0.010551,1319.88,19524185200.00,6634
2011-02-28,0.005329,0.005283,0.002853,0.002837,0.005561,1327.22,19627887100.00,6631
2011-03-01,-0.014899,-0.014934,-0.011157,-0.011221,-0.015740,1306.33,19324933100.00,6630
2011-03-02,0.002852,0.002707,0.002967,0.002902,0.001615,1308.44,19376587500.00,6628
2011-03-03,0.016096,0.016048,0.013356,0.013323,0.017219,1330.97,19687649900.00,6630
2011-03-04,-0.005901,-0.005915,-0.003337,-0.003372,-0.007378,1321.15,19572807000.00,6629
2011-03-07,-0.009407,-0.009434,-0.009718,-0.009735,-0.008341,1310.13,19385230700.00,6625
2011-03-08,0.008080,0.007935,0.008947,0.008887,0.008923,1321.82,19538471100.00,6622
2011-03-09,-0.002434,-0.002585,-0.003092,-0.003229,-0.001362,1320.02,19484893200.00,6621
2011-03-10,-0.019788,-0.019797,-0.019528,-0.019569,-0.018871,1295.11,19115715300.00,6620
2011-03-11,0.006951,0.006646,0.002937,0.002503,0.007080,1304.28,19242683000.00,6620
2011-03-14,-0.005489,-0.005528,-0.006664,-0.006698,-0.006049,1296.39,19136264000.00,6618
2011-03-15,-0.011151,-0.011176,-0.010769,-0.010854,-0.011200,1281.87,18922460900.00,6620
2011-03-16,-0.016642,-0.016693,-0.010119,-0.010217,-0.019495,1256.88,18606699900.00,6620
2011-03-17,0.012213,0.012185,0.007240,0.007182,0.013398,1273.72,18833762600.00,6622
2011-03-18,0.004860,0.004816,0.008049,0.007980,0.004302,1279.20,18923210500.00,6620
2011-03-21,0.016440,0.016423,0.015753,0.015690,0.014994,1298.38,19230318400.00,6617
2011-03-22,-0.003234,-0.003326,-0.001224,-0.001307,-0.003551,1293.77,19166630000.00,6618
2011-03-23,0.002876,0.002858,0.002902,0.002852,0.002914,1297.54,19221477600.00,6622
2011-03-24,0.008544,0.008490,0.005814,0.005781,0.009341,1309.66,19384732300.00,6622
2011-03-25,0.003113,0.003079,0.003927,0.003864,0.003161,1313.80,19448579500.00,6621
2011-03-28,-0.003335,-0.003339,-0.001773,-0.001807,-0.002748,1310.19,19383468000.00,6620
2011-03-29,0.007160,0.006920,0.005552,0.005339,0.007060,1319.44,19518389300.00,6620
2011-03-30,0.008218,0.008133,0.007886,0.007839,0.006685,1328.26,19679982300.00,6638
2011-03-31,-0.000593,-0.000595,0.002407,0.002389,-0.001829,1325.83,19703177200.00,6638
2011-04-01,0.005433,0.005335,0.003529,0.003443,0.004963,1332.41,19808453500.00,6637
2011-04-04,0.001160,0.001078,0.000958,0.000924,0.000345,1332.87,19829613100.00,6634
2011-04-05,0.001326,0.001316,0.001920,0.001908,-0.000180,1332.63,19855910200.00,6635
2011-04-06,0.001737,0.001471,0.002638,0.002592,0.002184,1335.54,19885391600.00,6634
2011-04-07,-0.002252,-0.002298,-0.002513,-0.002599,-0.001520,1333.51,19837984800.00,6635
2011-04-08,-0.003389,-0.003393,-0.004745,-0.004756,-0.004004,1328.17,19773588300.00,6638
2011-04-11,-0.004734,-0.004752,-0.006491,-0.006511,-0.002793,1324.46,19606851900.00,6631
2011-04-12,-0.009253,-0.009266,-0.010338,-0.010351,-0.007777,1314.16,19425059300.00,6630
2011-04-13,0.001298,0.001175,0.001645,0.001341,0.000190,1314.41,19448234200.00,6630
2011-04-14,0.000539,0.000527,0.002637,0.002603,0.000084,1314.52,19462374800.00,6636
2011-04-15,0.003973,0.003962,0.004948,0.004923,0.003925,1319.68,19539836500.00,6637
2011-04-18,-0.011622,-0.011631,-0.011485,-0.011509,-0.011018,1305.14,19312261800.00,6634
2011-04-19,0.005708,0.005677,0.003512,0.003430,0.005731,1312.62,19424383200.00,6642
2011-04-20,0.014273,0.014251,0.012661,0.012611,0.013515,1330.36,19702115100.00,6648
2011-04-21,0.005889,0.005835,0.004946,0.004929,0.005277,1337.38,19817330000.00,6647
2011-04-25,-0.001856,-0.001863,-0.000562,-0.000578,-0.001593,1335.25,19780221600.00,6643
2011-04-26,0.008145,0.008134,0.005423,0.005391,0.008980,1347.24,19941352800.00,6644
2011-04-27,0.006150,0.005966,0.005247,0.005160,0.006250,1355.66,20061590000.00,6646
2011-04-28,0.002931,0.002846,0.001926,0.001861,0.003555,1360.48,20106298900.00,6646
2011-04-29,0.003119,0.003099,0.003668,0.003633,0.002301,1363.61,20223616500.00,6647
2011-05-02,-0.003556,-0.003608,-0.006003,-0.006083,-0.001753,1361.22,20149716200.00,6645
2011-05-03,-0.006647,-0.006661,-0.009097,-0.009186,-0.003379,1356.62,20015302100.00,6644
2011-05-04,-0.007976,-0.008156,-0.008801,-0.008905,-0.006855,1347.32,19853496300.00,6648
2011-05-05,-0.009455,-0.009529,-0.006183,-0.006260,-0.009070,1335.10,19664123600.00,6654
2011-05-06,0.004607,0.004514,0.004575,0.004511,0.003820,1340.20,19752814200.00,6654
2011-05-09,0.006152,0.006141,0.006964,0.006933,0.004544,1346.29,19874399800.00,6653
2011-05-10,0.008462,0.008435,0.009877,0.009807,0.008074,1357.16,20041276500.00,6653
2011-05-11,-0.012229,-0.012692,-0.011619,-0.011871,-0.011111,1342.08,19792519400.00,6655
2011-05-12,0.004040,0.003934,0.004319,0.004131,0.004895,1348.65,19869930400.00,6659
2011-05-13,-0.008906,-0.008950,-0.009009,-0.009053,-0.008067,1337.77,19692838900.00,6659
2011-05-16,-0.006959,-0.007007,-0.010372,-0.010404,-0.006204,1329.47,19553402300.00,6658
2011-05-17,-0.000647,-0.000832,-0.004038,-0.004082,-0.000369,1328.98,19536939600.00,6654
2011-05-18,0.010749,0.010601,0.010977,0.010853,0.008804,1340.68,19741231700.00,6653
2011-05-19,0.002334,0.002271,0.000843,0.000801,0.002178,1343.60,19786715000.00,6662
2011-05-20,-0.006774,-0.006822,-0.004414,-0.004492,-0.007688,1333.27,19652357100.00,6665
2011-05-23,-0.013016,-0.013034,-0.013172,-0.013197,-0.011926,1317.37,19396163300.00,6666
2011-05-24,-0.000403,-0.000411,-0.001002,-0.001059,-0.000827,1316.28,19393273600.00,6667
2011-05-25,0.005078,0.005024,0.005819,0.005777,0.003183,1320.47,19488591400.00,6673
2011-05-26,0.005337,0.005158,0.007791,0.007715,0.003953,1325.69,19593145200.00,6679
2011-05-27,0.005110,0.004893,0.006103,0.006001,0.004081,1331.10,19690518300.00,6691
2011-05-31,0.010293,0.010274,0.009375,0.009344,0.010593,1345.20,19876868000.00,6688
2011-06-01,-0.023082,-0.023209,-0.019626,-0.019748,-0.022785,1314.55,19408845700.00,6684
2011-06-02,-0.000631,-0.000671,-0.000076,-0.000100,-0.001225,1312.94,19385189800.00,6684
2011-06-03,-0.009298,-0.009334,-0.009502,-0.009517,-0.009734,1300.16,19203645900.00,6682
2011-06-06,-0.012456,-0.012489,-0.013344,-0.013361,-0.010760,1286.17,18963207300.00,6680
2011-06-07,0.000287,0.000249,0.001428,0.001398,-0.000956,1284.94,18966161900.00,6678
2011-06-08,-0.005975,-0.006147,-0.010672,-0.010785,-0.004187,1279.56,18849540700.00,6678
2011-06-09,0.007456,0.007446,0.005505,0.005440,0.007378,1289.00,18990172200.00,6684
2011-06-10,-0.014079,-0.014092,-0.011776,-0.011787,-0.013980,1270.98,18723344700.00,6686
2011-06-13,-0.000908,-0.001261,-0.005617,-0.006066,0.000669,1271.83,18698643000.00,6681
2011-06-14,0.013866,0.013814,0.014384,0.014324,0.012612,1287.87,18957122800.00,6682
2011-06-15,-0.017302,-0.017359,-0.014059,-0.014182,-0.017432,1265.42,18628326900.00,6687
2011-06-16,-0.000117,-0.000240,-0.000800,-0.000882,0.001754,1267.64,18623543700.00,6688
2011-06-17,0.002157,0.002101,0.001297,0.001134,0.003045,1271.50,18663782200.00,6689
2011-06-20,0.005343,0.005329,0.002474,0.002448,0.005395,1278.36,18759994400.00,6685
2011-06-21,0.015899,0.015788,0.016179,0.015986,0.013423,1295.52,19056765500.00,6689
2011-06-22,-0.005482,-0.005635,-0.003055,-0.003323,-0.006468,1287.14,18950113600.00,6688
2011-06-23,-0.002590,-0.002610,-0.000871,-0.000903,-0.002828,1283.50,18900828100.00,6697
2011-06-24,-0.010575,-0.010617,-0.002417,-0.002483,-0.011726,1268.45,18700801200.00,6697
2011-06-27,0.008070,0.008068,0.005460,0.005430,0.009184,1280.10,18849007800.00,6696
2011-06-28,0.013694,0.013437,0.010609,0.010381,0.012944,1296.67,19103419400.00,6693
2011-06-29,0.008738,0.008641,0.004950,0.004894,0.008283,1307.41,19271407400.00,6692
2011-06-30,0.009702,0.009664,0.008397,0.008367,0.010119,1320.64,19459901400.00,6693
2011-07-01,0.013475,0.013326,0.010064,0.009964,0.014410,1339.67,19716385800.00,6689
2011-07-05,-0.000024,-0.000062,0.000809,0.000779,-0.001336,1337.88,19714358100.00,6686
2011-07-06,0.001143,0.000898,0.002874,0.002824,0.001002,1339.22,19730661100.00,6685
2011-07-07,0.010635,0.010578,0.011712,0.011633,0.010454,1353.22,19939587500.00,6685
2011-07-08,-0.006343,-0.006346,-0.004797,-0.004814,-0.006961,1343.80,19813155600.00,6685
2011-07-11,-0.019357,-0.019373,-0.016317,-0.016329,-0.018091,1319.49,19422604800.00,6683
2011-07-12,-0.003812,-0.003820,-0.002238,-0.002258,-0.004434,1313.64,19348512400.00,6681
2011-07-13,0.005006,0.004898,0.007494,0.007214,0.003106,1317.72,19443690300.00,6684
2011-07-14,-0.008051,-0.008067,-0.009534,-0.009562,-0.006716,1308.87,19285086600.00,6688
2011-07-15,0.006170,0.006167,0.004226,0.004208,0.005554,1316.14,19403395100.00,6687
2011-07-18,-0.009490,-0.009518,-0.011054,-0.011088,-0.008130,1305.44,19218775300.00,6683
2011-07-19,0.016167,0.016162,0.013523,0.013498,0.016309,1326.73,19529830600.00,6682
2011-07-20,0.000059,-0.000039,0.000967,0.000894,-0.000671,1325.84,19529637800.00,6684
2011-07-21,0.012262,0.012209,0.008889,0.008868,0.013546,1343.80,19767616300.00,6682
2011-07-22,0.001437,0.001381,0.001586,0.001569,0.000908,1345.02,19796381600.00,6685
2011-07-25,-0.006279,-0.006285,-0.007887,-0.007896,-0.005643,1337.43,19672075600.00,6686
2011-07-26,-0.004540,-0.004544,-0.004068,-0.004074,-0.004105,1331.94,19582662900.00,6686
2011-07-27,-0.021650,-0.021734,-0.021094,-0.021165,-0.020309,1304.89,19161637000.00,6690
2011-07-28,-0.002935,-0.003050,-0.001403,-0.001498,-0.003234,1300.67,19105053300.00,6691
2011-07-29,-0.005607,-0.005649,-0.003052,-0.003083,-0.006451,1292.28,19002295500.00,6690
2011-08-01,-0.003619,-0.003649,-0.000879,-0.000943,-0.004132,1286.94,18934226500.00,6692
2011-08-02,-0.025672,-0.025683,-0.021078,-0.021105,-0.025557,1254.05,18448038900.00,6694
2011-08-03,0.004954,0.004643,0.002260,0.002141,0.005016,1260.34,18533648000.00,6696
2011-08-04,-0.050378,-0.050424,-0.047411,-0.047471,-0.047820,1200.07,17599201900.00,6700
2011-08-05,-0.004794,-0.004816,-0.012547,-0.012580,-0.000575,1199.38,17513754700.00,6699
2011-08-08,-0.068712,-0.068815,-0.072385,-0.072433,-0.066634,1119.46,16309363800.00,6699
2011-08-09,0.051244,0.051209,0.047193,0.047104,0.047407,1172.53,17144355500.00,6700
2011-08-10,-0.038591,-0.038927,-0.029835,-0.029925,-0.044152,1120.76,16476485200.00,6701
2011-08-11,0.045274,0.045066,0.037437,0.037071,0.046290,1172.64,17219302000.00,6702
2011-08-12,0.004753,0.004733,0.004185,0.004153,0.005262,1178.81,17299728100.00,6701
2011-08-15,0.022835,0.022736,0.023020,0.022971,0.021785,1204.49,17692457900.00,6702
2011-08-16,-0.010898,-0.011042,-0.012918,-0.012961,-0.009739,1192.76,17498767700.00,6703
2011-08-17,0.000841,0.000637,0.000678,0.000567,0.000947,1193.89,17509765800.00,6705
2011-08-18,-0.045340,-0.045383,-0.041324,-0.041372,-0.044594,1140.65,16715372400.00,6709
2011-08-19,-0.015359,-0.015401,-0.012201,-0.012245,-0.015009,1123.53,16455929500.00,6707
2011-08-22,0.000040,0.000002,-0.002608,-0.002681,0.000258,1123.82,16455984300.00,6709
2011-08-23,0.033764,0.033752,0.029031,0.028999,0.034285,1162.35,17010819600.00,6706
2011-08-24,0.011574,0.011455,0.008018,0.007909,0.013120,1177.60,17205500500.00,6705
2011-08-25,-0.015902,-0.015920,-0.015381,-0.015405,-0.015566,1159.27,16930492200.00,6705
2011-08-26,0.016430,0.016333,0.015544,0.015529,0.015122,1176.80,17193992100.00,6703
2011-08-29,0.029636,0.029525,0.031522,0.031448,0.028280,1210.08,17701651600.00,6703
2011-08-30,0.003763,0.003573,0.004724,0.004626,0.002347,1212.92,17764799800.00,6702
2011-08-31,0.005093,0.004999,0.003022,0.002966,0.004922,1218.89,17839871200.00,6702
2011-09-01,-0.012131,-0.012228,-0.013773,-0.013873,-0.011872,1204.42,17621383400.00,6698
2011-09-02,-0.024645,-0.024680,-0.022464,-0.022485,-0.025282,1173.97,17187058500.00,6698
2011-09-06,-0.008152,-0.008190,-0.008986,-0.009007,-0.007436,1165.24,17045950300.00,6697
2011-09-07,0.029164,0.028977,0.027153,0.027053,0.028647,1198.62,17539929900.00,6702
2011-09-08,-0.010889,-0.010930,-0.012275,-0.012366,-0.010612,1185.90,17352139300.00,6703
2011-09-09,-0.026597,-0.026609,-0.021056,-0.021064,-0.026706,1154.23,16888346900.00,6702
2011-09-12,0.004134,0.004082,-0.000416,-0.000512,0.006966,1162.27,16957450300.00,6705
2011-09-13,0.010804,0.010440,0.011949,0.011502,0.009120,1172.87,17134461000.00,6709
2011-09-14,0.012798,0.012764,0.011742,0.011627,0.013480,1188.68,17351678500.00,6708
2011-09-15,0.015480,0.015347,0.008819,0.008742,0.017187,1209.11,17618271600.00,6710
2011-09-16,0.003557,0.003480,0.001512,0.001369,0.005707,1216.01,17680204000.00,6707
2011-09-19,-0.010951,-0.010961,-0.014296,-0.014332,-0.009803,1204.09,17478160800.00,6708
2011-09-20,-0.004116,-0.004146,-0.009079,-0.009129,-0.001661,1202.09,17406776000.00,6709
2011-09-21,-0.029444,-0.029503,-0.024666,-0.024804,-0.029391,1166.76,16893422800.00,6708
2011-09-22,-0.034428,-0.034439,-0.032856,-0.032891,-0.031883,1129.56,16312312800.00,6713
2011-09-23,0.005755,0.005627,0.007256,0.007186,0.006082,1136.43,16405662400.00,6715
2011-09-26,0.021598,0.021551,0.009890,0.009785,0.023336,1162.95,16752730500.00,6714
2011-09-27,0.012849,0.012841,0.015760,0.015723,0.010688,1175.38,16967372000.00,6713
2011-09-28,-0.023703,-0.024010,-0.025352,-0.025641,-0.020691,1151.06,16560672500.00,6714
2011-09-29,0.008235,0.008179,0.006640,0.006593,0.008114,1160.40,16696184200.00,6716
2011-09-30,-0.024641,-0.024678,-0.018836,-0.018850,-0.024974,1131.42,16265793700.00,6714
2011-10-03,-0.031922,-0.032032,-0.041273,-0.041389,-0.028451,1099.23,15741642300.00,6706
2011-10-04,0.023667,0.023574,0.027309,0.027271,0.022489,1123.95,16111184000.00,6708
2011-10-05,0.019662,0.019319,0.017119,0.017052,0.017866,1144.03,16419340700.00,6712
2011-10-06,0.020566,0.020491,0.020344,0.020302,0.018304,1164.97,16756934400.00,6712
2011-10-07,-0.010947,-0.010969,-0.013551,-0.013559,-0.008163,1155.46,16573111100.00,6712
2011-10-10,0.034277,0.034277,0.029485,0.029485,0.034125,1194.89,17141018700.00,6711
2011-10-11,0.001058,0.001034,0.005101,0.005045,0.000544,1195.54,17158825000.00,6709
2011-10-12,0.011820,0.011671,0.015322,0.015032,0.009795,1207.25,17359177400.00,6712
2011-10-13,-0.002954,-0.003025,-0.000734,-0.000785,-0.002974,1203.66,17306505800.00,6712
2011-10-14,0.017735,0.017732,0.014655,0.014636,0.017380,1224.58,17608603200.00,6712
2011-10-17,-0.020861,-0.020887,-0.020291,-0.020310,-0.019370,1200.86,17240785200.00,6711
2011-10-18,0.020792,0.020791,0.018461,0.018455,0.020419,1225.38,17599086300.00,6711
2011-10-19,-0.014172,-0.014286,-0.012744,-0.012823,-0.012649,1209.88,17348875500.00,6712
2011-10-20,0.003898,0.003871,0.000394,0.000346,0.004554,1215.39,17418647400.00,6714
2011-10-21,0.019264,0.019243,0.016331,0.016308,0.018809,1238.25,17752073100.00,6710
2011-10-24,0.016798,0.016744,0.021869,0.021862,0.012873,1254.19,18048883400.00,6707
2011-10-25,-0.019838,-0.019841,-0.017915,-0.017923,-0.020045,1229.05,17691426600.00,6707
2011-10-26,0.011520,0.011507,0.013134,0.013112,0.010537,1242.00,17895299300.00,6706
2011-10-27,0.036253,0.036125,0.036277,0.036165,0.034292,1284.59,18542388600.00,6709
2011-10-28,0.000259,0.000192,0.000381,0.000330,0.000389,1285.09,18542756700.00,6707
2011-10-31,-0.024655,-0.024666,-0.019053,-0.019074,-0.024738,1253.30,18075176700.00,6707
2011-11-01,-0.028627,-0.028665,-0.025533,-0.025608,-0.027942,1218.28,17558171900.00,6714
2011-11-02,0.017082,0.016958,0.017888,0.017805,0.016105,1237.90,17853072200.00,6713
2011-11-03,0.019202,0.019018,0.015892,0.015790,0.018782,1261.15,18193186600.00,6715
2011-11-04,-0.005570,-0.005593,-0.004275,-0.004310,-0.006280,1253.23,18108990100.00,6717
2011-11-07,0.004900,0.004843,0.000138,0.000102,0.006296,1261.12,18193043500.00,6714
2011-11-08,0.011216,0.010777,0.010416,0.010293,0.011736,1275.92,18389056000.00,6713
2011-11-09,-0.037861,-0.037956,-0.033587,-0.033721,-0.036695,1229.10,17692050100.00,6714
2011-11-10,0.007432,0.007271,0.004584,0.004295,0.008616,1239.69,17815461700.00,6713
2011-11-11,0.019762,0.019762,0.016413,0.016413,0.019489,1263.85,18170445200.00,6717
2011-11-14,-0.009371,-0.009496,-0.011208,-0.011298,-0.009550,1251.78,17998520500.00,6717
2011-11-15,0.004531,0.004354,0.005085,0.005009,0.004817,1257.81,18077643800.00,6718
2011-11-16,-0.015100,-0.015307,-0.010399,-0.010514,-0.016616,1236.91,17799875200.00,6718
2011-11-17,-0.017213,-0.017236,-0.013523,-0.013572,-0.016800,1216.13,17502905400.00,6720
2011-11-18,-0.000287,-0.000353,0.000960,0.000910,-0.000395,1215.65,17498044700.00,6721
2011-11-21,-0.018665,-0.018765,-0.019135,-0.019219,-0.018649,1192.98,17169642500.00,6720
2011-11-22,-0.003943,-0.004186,-0.004842,-0.004975,-0.004141,1188.04,17097798300.00,6720
2011-11-23,-0.023246,-0.023274,-0.022580,-0.022619,-0.022095,1161.79,16699864000.00,6719
2011-11-25,-0.003625,-0.003736,-0.004910,-0.004938,-0.002686,1158.67,16636235500.00,6717
2011-11-28,0.030531,0.030393,0.027928,0.027825,0.029240,1192.55,17141477000.00,6716
2011-11-29,0.002261,0.001989,-0.002146,-0.002277,0.002214,1195.19,17172161800.00,6709
2011-11-30,0.043900,0.043778,0.038155,0.038087,0.043315,1246.96,17875052100.00,6708
2011-12-01,-0.002276,-0.002337,-0.003635,-0.003719,-0.001909,1244.58,17832620500.00,6705
2011-12-02,0.000109,0.000076,0.004885,0.004847,-0.000241,1244.28,17831840100.00,6702
2011-12-05,0.010297,0.010262,0.009664,0.009643,0.010287,1257.08,18015026000.00,6703
2011-12-06,0.000382,0.000361,-0.000491,-0.000547,0.001106,1258.47,18018101900.00,6704
2011-12-07,0.001915,0.001653,0.000724,0.000650,0.002018,1261.01,18048000300.00,6704
2011-12-08,-0.022875,-0.022963,-0.022706,-0.022810,-0.021142,1234.35,17634441400.00,6706
2011-12-09,0.017744,0.017735,0.018907,0.018867,0.016883,1255.19,17942907400.00,6707
2011-12-12,-0.015558,-0.015600,-0.013563,-0.013633,-0.014914,1236.47,17660948400.00,6706
2011-12-13,-0.011256,-0.011522,-0.012526,-0.012977,-0.008686,1225.73,17458200000.00,6707
2011-12-14,-0.012735,-0.012835,-0.009141,-0.009275,-0.011348,1211.82,17231204500.00,6708
2011-12-15,0.003744,0.003636,0.002503,0.002408,0.003243,1215.75,17301705000.00,6713
2011-12-16,0.004972,0.004869,0.003603,0.003314,0.003216,1219.66,17388390200.00,6714
2011-12-19,-0.012675,-0.012698,-0.014677,-0.014777,-0.011733,1205.35,17169150500.00,6715
2011-12-20,0.030035,0.029823,0.026932,0.026714,0.029825,1241.30,17680420400.00,6711
2011-12-21,0.002025,0.001872,0.001410,0.001089,0.001950,1243.72,17714815600.00,6710
2011-12-22,0.008913,0.008688,0.008202,0.008057,0.008266,1254.00,17868406800.00,6707
2011-12-23,0.007865,0.007791,0.004194,0.003873,0.009035,1265.33,18007139500.00,6705
2011-12-27,0.000015,-0.000051,-0.000984,-0.001196,0.000079,1265.43,18006238200.00,6691
2011-12-28,-0.013647,-0.013934,-0.013493,-0.014109,-0.012478,1249.64,17755019200.00,6689
2011-12-29,0.010781,0.010716,0.008718,0.008676,0.010707,1263.02,17944875000.00,6687
2011-12-30,-0.002577,-0.002611,0.002144,0.002135,-0.004291,1257.60,17904716200.00,6685
2012-01-03,0.016171,0.016107,0.017012,0.016986,0.015474,1277.06,18192536500.00,6681
2012-01-04,-0.000454,-0.000596,-0.001380,-0.001452,0.000188,1277.30,18181785600.00,6680
2012-01-05,0.002932,0.002928,0.004055,0.004036,0.002944,1281.06,18234913300.00,6679
2012-01-06,-0.002902,-0.003150,-0.000598,-0.000628,-0.002537,1277.81,18177933100.00,6678
2012-01-09,0.002816,0.002796,0.004418,0.004414,0.002262,1280.70,18229670300.00,6678
2012-01-10,0.010417,0.010408,0.011110,0.011106,0.008886,1292.08,18419898500.00,6678
2012-01-11,0.000946,0.000846,0.004571,0.004343,0.000310,1292.48,18441090600.00,6681
2012-01-12,0.003058,0.003027,0.005077,0.005018,0.002337,1295.50,18498564400.00,6689
2012-01-13,-0.005319,-0.005323,-0.005005,-0.005025,-0.004948,1289.09,18400318800.00,6692
2012-01-17,0.003902,0.003895,0.003767,0.003736,0.003553,1293.67,18470063800.00,6688
2012-01-18,0.012304,0.012190,0.013701,0.013639,0.011108,1308.04,18684055200.00,6687
2012-01-19,0.005595,0.005571,0.005448,0.005428,0.004939,1314.50,18787230600.00,6688
2012-01-20,0.000882,0.000860,0.003698,0.003648,0.000669,1315.38,18803456400.00,6688
2012-01-23,0.001609,0.001597,0.001857,0.001815,0.000471,1316.00,18833672800.00,6686
2012-01-24,-0.000800,-0.000861,0.003348,0.003335,-0.001026,1314.65,18817924200.00,6686
2012-01-25,0.009947,0.009929,0.009547,0.009521,0.008672,1326.05,19005963500.00,6685
2012-01-26,-0.004903,-0.004938,-0.001075,-0.001108,-0.005746,1318.43,18910779000.00,6687
2012-01-27,0.000702,0.000580,0.006150,0.006083,-0.001593,1316.33,18921572500.00,6689
2012-01-30,-0.003738,-0.003802,-0.004826,-0.004873,-0.002522,1313.01,18851811000.00,6687
2012-01-31,-0.000083,-0.000090,0.001781,0.001760,-0.000457,1312.41,18873658900.00,6683
2012-02-01,0.011210,0.011016,0.013730,0.013626,0.008900,1324.09,19083029700.00,6684
2012-02-02,0.001833,0.001764,0.004402,0.004356,0.001095,1325.54,19118485000.00,6690
2012-02-03,0.014682,0.014536,0.014936,0.014864,0.014605,1344.90,19395884500.00,6692
2012-02-06,-0.000988,-0.001006,-0.000431,-0.000468,-0.000424,1344.33,19377189000.00,6693
2012-02-07,0.001394,0.001374,0.001486,0.001456,0.002023,1347.05,19403958400.00,6691
2012-02-08,0.002186,0.001941,0.003480,0.003403,0.002160,1349.96,19442151200.00,6696
2012-02-09,0.001001,0.000974,0.000374,0.000305,0.001474,1351.95,19461502100.00,6703
2012-02-10,-0.008389,-0.008410,-0.009773,-0.009804,-0.006886,1342.64,19298000700.00,6706
2012-02-13,0.007442,0.007230,0.009485,0.009190,0.006800,1351.77,19434019300.00,6705
2012-02-14,-0.001553,-0.001725,-0.004058,-0.004104,-0.000940,1350.50,19397918400.00,6703
2012-02-15,-0.004222,-0.004490,-0.003162,-0.003297,-0.005383,1343.23,19311201300.00,6708
2012-02-16,0.012475,0.012353,0.011497,0.011434,0.011026,1358.04,19548397100.00,6715
2012-02-17,0.001385,0.001313,0.002727,0.002643,0.002349,1361.23,19571070300.00,6707
2012-02-21,0.000156,0.000132,-0.002241,-0.002270,0.000720,1362.21,19573359300.00,6705
2012-02-22,-0.003129,-0.003182,-0.004190,-0.004243,-0.003340,1357.66,19511198400.00,6705
2012-02-23,0.005702,0.005575,0.008054,0.008018,0.004272,1363.46,19617664300.00,6703
2012-02-24,0.001498,0.001411,0.000411,0.000398,0.001672,1365.74,19647636600.00,6711
2012-02-27,0.000806,0.000723,-0.000761,-0.000826,0.001355,1367.59,19662459400.00,6709
2012-02-28,0.002909,0.002769,0.000562,0.000473,0.003356,1372.18,19717037900.00,6710
2012-02-29,-0.005684,-0.005799,-0.009158,-0.009222,-0.004737,1365.68,19602648200.00,6711
2012-03-01,0.006807,0.006708,0.004670,0.004577,0.006158,1374.09,19737147300.00,6712
2012-03-02,-0.004921,-0.004969,-0.008031,-0.008092,-0.003246,1369.63,19640207800.00,6712
2012-03-05,-0.004560,-0.004627,-0.003539,-0.003572,-0.003870,1364.33,19549351300.00,6711
2012-03-06,-0.017384,-0.017413,-0.017306,-0.017324,-0.015370,1343.36,19205883200.00,6709
2012-03-07,0.007946,0.007708,0.009483,0.009368,0.006901,1352.63,19354984600.00,6710
2012-03-08,0.010866,0.010714,0.010692,0.010570,0.009818,1365.91,19562659600.00,6711
2012-03-09,0.004501,0.004500,0.007768,0.007759,0.003631,1370.87,19651407800.00,6712
2012-03-12,-0.001366,-0.001421,-0.001611,-0.001807,0.000160,1371.09,19623163500.00,6711
2012-03-13,0.017621,0.017273,0.014480,0.014083,0.018132,1395.95,19964727900.00,6712
2012-03-14,-0.003912,-0.003954,-0.006757,-0.006840,-0.001196,1394.28,19886410500.00,6713
2012-03-15,0.006515,0.006472,0.004869,0.004775,0.005967,1402.60,20020881100.00,6718
2012-03-16,0.001328,0.001244,0.001369,0.001174,0.001119,1404.17,20045480900.00,6718
2012-03-19,0.004003,0.003986,0.004746,0.004725,0.003974,1409.75,20126738000.00,6716
2012-03-20,-0.004507,-0.004522,-0.005338,-0.005376,-0.003001,1405.52,20036170000.00,6715
2012-03-21,-0.001114,-0.001157,0.001131,0.000988,-0.001871,1402.89,20012960800.00,6716
2012-03-22,-0.008117,-0.008173,-0.008249,-0.008314,-0.007207,1392.78,19854967200.00,6721
2012-03-23,0.004484,0.004468,0.007160,0.007128,0.003109,1397.11,19944098600.00,6723
2012-03-26,0.013964,0.013900,0.011392,0.011280,0.013886,1416.51,20221312800.00,6715
2012-03-27,-0.003663,-0.003749,-0.002838,-0.002922,-0.002817,1412.52,20140655800.00,6713
2012-03-28,-0.005519,-0.005792,-0.005407,-0.005661,-0.004942,1405.54,20026414100.00,6721
2012-03-29,-0.001899,-0.001930,-0.001648,-0.001684,-0.001608,1403.28,19992378300.00,6727
2012-03-30,0.003355,0.003295,0.002024,0.001961,0.003698,1408.47,20077674300.00,6727
2012-04-02,0.008049,0.007938,0.007351,0.007247,0.007505,1419.04,20225591900.00,6720
2012-04-03,-0.004445,-0.004612,-0.006565,-0.006652,-0.003989,1413.38,20132870300.00,6718
2012-04-04,-0.011819,-0.011843,-0.011965,-0.011988,-0.010203,1398.96,19894511500.00,6719
2012-04-05,-0.000801,-0.001052,-0.000687,-0.000752,-0.000629,1398.08,19875770600.00,6718
2012-04-09,-0.011379,-0.011402,-0.011932,-0.011952,-0.011358,1382.20,19647349600.00,6717
2012-04-10,-0.018023,-0.018039,-0.016253,-0.016297,-0.017082,1358.59,19293126800.00,6717
2012-04-11,0.008519,0.008385,0.011544,0.011324,0.007449,1368.71,19455116300.00,6719
2012-04-12,0.015087,0.015051,0.013034,0.012912,0.013779,1387.57,19752778500.00,6722
2012-04-13,-0.012396,-0.012410,-0.010668,-0.010688,-0.012475,1370.26,19507654700.00,6723
2012-04-16,-0.000582,-0.000592,-0.000035,-0.000054,-0.000504,1369.57,19495896400.00,6723
2012-04-17,0.014951,0.014946,0.010763,0.010745,0.015487,1390.78,19787608100.00,6723
2012-04-18,-0.004040,-0.004052,-0.006151,-0.006206,-0.004055,1385.14,19708628600.00,6723
2012-04-19,-0.004662,-0.004712,-0.002353,-0.002428,-0.005934,1376.92,19620457300.00,6725
2012-04-20,0.001632,0.001614,0.003792,0.003775,0.001169,1378.53,19652754200.00,6728
2012-04-23,-0.009542,-0.009599,-0.009771,-0.009782,-0.008408,1366.94,19463679800.00,6726
2012-04-24,0.003247,0.003241,0.005771,0.005758,0.003680,1371.97,19526174200.00,6725
2012-04-25,0.013825,0.013728,0.010281,0.010255,0.013645,1390.69,19794439000.00,6730
2012-04-26,0.006830,0.006712,0.005776,0.005672,0.006680,1399.98,19929036700.00,6737
2012-04-27,0.003897,0.003837,0.005274,0.005222,0.002414,1403.36,20003484700.00,6734
2012-04-30,-0.004314,-0.004339,-0.004072,-0.004102,-0.003884,1397.91,19935941600.00,6733
2012-05-01,0.004876,0.004843,0.001691,0.001615,0.005658,1405.82,20027683900.00,6734
2012-05-02,-0.002050,-0.002183,-0.000501,-0.000587,-0.002497,1402.31,19984268900.00,6735
2012-05-03,-0.009948,-0.010092,-0.010855,-0.010968,-0.007659,1391.57,19785089100.00,6735
2012-05-04,-0.015675,-0.015738,-0.012679,-0.012772,-0.016147,1369.10,19475460900.00,6736
2012-05-07,0.000555,0.000515,0.001085,0.001052,0.000351,1369.58,19484660800.00,6731
2012-05-08,-0.005355,-0.005466,-0.004430,-0.004518,-0.004279,1363.72,19381684500.00,6734
2012-05-09,-0.006018,-0.006301,-0.004077,-0.004224,-0.006702,1354.58,19259912400.00,6735
2012-05-10,0.002858,0.002655,0.002588,0.002531,0.002517,1357.99,19311554800.00,6736
2012-05-11,-0.002767,-0.002930,-0.003641,-0.003938,-0.003387,1353.39,19256744000.00,6739
2012-05-14,-0.012174,-0.012257,-0.012421,-0.012493,-0.011113,1338.35,19020936200.00,6738
2012-05-15,-0.006030,-0.006167,-0.006528,-0.006623,-0.005746,1330.66,18903400800.00,6736
2012-05-16,-0.004928,-0.005164,-0.007807,-0.007936,-0.004404,1324.80,18804946200.00,6735
2012-05-17,-0.015851,-0.015950,-0.015911,-0.016000,-0.015051,1304.86,18501279500.00,6733
2012-05-18,-0.008146,-0.008158,-0.009673,-0.009713,-0.007388,1295.22,18373909300.00,6733
2012-05-21,0.017760,0.017735,0.016319,0.016239,0.016036,1315.99,18699372000.00,6732
2012-05-22,-0.000478,-0.000545,-0.004009,-0.004096,0.000486,1316.63,18688137900.00,6731
2012-05-23,0.002815,0.002754,0.002394,0.002348,0.001694,1318.86,18739655500.00,6733
2012-05-24,0.000983,0.000872,0.001696,0.001650,0.001380,1320.68,18758462100.00,6734
2012-05-25,-0.001541,-0.001558,0.001210,0.001189,-0.002166,1317.82,18707153500.00,6735
2012-05-29,0.011225,0.011089,0.009963,0.009890,0.011079,1332.42,18914431700.00,6735
2012-05-30,-0.015504,-0.015751,-0.014321,-0.014510,-0.014335,1313.32,18617416900.00,6738
2012-05-31,-0.001977,-0.002063,-0.000487,-0.000549,-0.002277,1310.33,18585457900.00,6739
2012-06-01,-0.024513,-0.024632,-0.020451,-0.020540,-0.024643,1278.04,18127426100.00,6736
2012-06-04,-0.001015,-0.001044,-0.002267,-0.002296,0.000110,1278.18,18108091100.00,6735
2012-06-05,0.007865,0.007834,0.008065,0.008022,0.005727,1285.50,18247508300.00,6733
2012-06-06,0.022700,0.022492,0.019661,0.019578,0.023049,1315.13,18661345300.00,6734
2012-06-07,-0.001369,-0.001440,-0.002025,-0.002134,-0.000106,1314.99,18634801700.00,6733
2012-06-08,0.007115,0.007097,0.005409,0.005390,0.008114,1325.66,18767187500.00,6733
2012-06-11,-0.013967,-0.014006,-0.013468,-0.013517,-0.012620,1308.93,18504729100.00,6732
2012-06-12,0.011646,0.011623,0.008888,0.008853,0.011651,1324.18,18720224800.00,6735
2012-06-13,-0.006954,-0.007358,-0.007142,-0.007641,-0.007023,1314.88,18582944500.00,6734
2012-06-14,0.009500,0.009472,0.007904,0.007850,0.010815,1329.10,18759122100.00,6733
2012-06-15,0.010111,0.010032,0.008727,0.008481,0.010338,1342.84,18944854400.00,6731
2012-06-18,0.002190,0.002162,0.001768,0.001733,0.001445,1344.78,18987734200.00,6731
2012-06-19,0.011640,0.011571,0.012890,0.012798,0.009816,1357.98,19207538400.00,6734
2012-06-20,-0.001471,-0.001539,-0.000497,-0.000687,-0.001686,1355.69,19181591300.00,6735
2012-06-21,-0.023472,-0.023684,-0.018456,-0.018777,-0.022262,1325.51,18727962100.00,6737
2012-06-22,0.007254,0.007245,0.007577,0.007544,0.007175,1335.02,18862554300.00,6735
2012-06-25,-0.015450,-0.015561,-0.011917,-0.012052,-0.015955,1313.72,18568395200.00,6731
2012-06-26,0.004870,0.004828,0.002919,0.002861,0.004773,1319.99,18658105200.00,6730
2012-06-27,0.009036,0.008742,0.009622,0.009343,0.008985,1331.85,18822905000.00,6734
2012-06-28,-0.002109,-0.002156,-0.002531,-0.002573,-0.002110,1329.04,18782294000.00,6735
2012-06-29,0.025635,0.025476,0.023311,0.023253,0.024920,1362.16,19262766500.00,6734
2012-07-02,0.003868,0.003733,0.006684,0.006515,0.002459,1365.51,19335030100.00,6731
2012-07-03,0.008966,0.008806,0.010767,0.010710,0.006232,1374.02,19478721900.00,6725
2012-07-05,-0.004144,-0.004155,-0.000733,-0.000756,-0.004687,1367.58,19397492400.00,6723
2012-07-06,-0.009964,-0.010199,-0.007701,-0.007735,-0.009433,1354.68,19199643800.00,6722
2012-07-09,-0.002202,-0.002216,-0.002344,-0.002372,-0.001639,1352.46,19157325800.00,6713
2012-07-10,-0.008814,-0.008826,-0.008240,-0.008379,-0.008126,1341.47,18988430000.00,6710
2012-07-11,-0.000290,-0.000406,-0.000282,-0.000427,-0.000015,1341.45,18980823400.00,6712
2012-07-12,-0.004878,-0.004910,-0.004134,-0.004265,-0.004987,1334.76,18887265800.00,6713
2012-07-13,0.015261,0.015240,0.010665,0.010622,0.016497,1356.78,19174914600.00,6714
2012-07-16,-0.002480,-0.002482,-0.003494,-0.003517,-0.002314,1353.64,19126796300.00,6710
2012-07-17,0.006707,0.006703,0.002457,0.002432,0.007410,1363.67,19254561300.00,6711
2012-07-18,0.006261,0.006155,0.003871,0.003807,0.006681,1372.78,19373396700.00,6712
2012-07-19,0.002839,0.002764,0.000016,-0.000006,0.002717,1376.51,19428931700.00,6717
2012-07-20,-0.009917,-0.009942,-0.008733,-0.008788,-0.010062,1362.66,19239665900.00,6718
2012-07-23,-0.010165,-0.010186,-0.012004,-0.012016,-0.008909,1350.52,19044477100.00,6718
2012-07-24,-0.009426,-0.009475,-0.009270,-0.009281,-0.009041,1338.31,18864026500.00,6718
2012-07-25,0.000714,0.000691,0.002465,0.002445,-0.000314,1337.89,18877902500.00,6718
2012-07-26,0.015513,0.015490,0.008642,0.008601,0.016541,1360.02,19171705400.00,6721
2012-07-27,0.018950,0.018833,0.016470,0.016403,0.019081,1385.97,19515951900.00,6725
2012-07-30,-0.000763,-0.000826,-0.002846,-0.002895,-0.000483,1385.30,19499855300.00,6725
2012-07-31,-0.004994,-0.005003,-0.003201,-0.003227,-0.004317,1379.32,19436230800.00,6725
2012-08-01,-0.004475,-0.004648,-0.009081,-0.009215,-0.003030,1375.14,19341584100.00,6721
2012-08-02,-0.007294,-0.007397,-0.005662,-0.005728,-0.007374,1365.00,19198178100.00,6721
2012-08-03,0.019230,0.019092,0.017764,0.017674,0.019040,1390.99,19562634300.00,6720
2012-08-06,0.003534,0.003511,0.006633,0.006599,0.002329,1394.23,19630676600.00,6711
2012-08-07,0.006358,0.006332,0.006234,0.006200,0.005107,1401.35,19754800400.00,6711
2012-08-08,0.000179,-0.000104,-0.000985,-0.001097,0.000621,1402.22,19755055700.00,6714
2012-08-09,0.001648,0.001346,0.003390,0.003304,0.000414,1402.80,19776629600.00,6711
2012-08-10,0.001869,0.001836,-0.000714,-0.000758,0.002188,1405.87,19813593700.00,6714
2012-08-13,-0.001884,-0.002082,-0.002122,-0.002392,-0.001252,1404.11,19772394200.00,6712
2012-08-14,-0.000019,-0.000148,-0.002248,-0.002297,-0.000128,1403.93,19766005300.00,6713
2012-08-15,0.002741,0.002475,0.004557,0.004400,0.001140,1405.53,19814723200.00,6715
2012-08-16,0.007905,0.007849,0.008086,0.008012,0.007101,1415.51,19970280400.00,6715
2012-08-17,0.002655,0.002632,0.004758,0.004733,0.001872,1418.16,20022597800.00,6713
2012-08-20,-0.000607,-0.000650,-0.001571,-0.001632,-0.000021,1418.13,20009142000.00,6696
2012-08-21,-0.002329,-0.002373,-0.000635,-0.000660,-0.003498,1413.17,19961446000.00,6695
2012-08-22,-0.000102,-0.000167,-0.001769,-0.001911,0.000226,1413.49,19958613700.00,6695
2012-08-23,-0.007320,-0.007344,-0.004534,-0.004560,-0.008072,1402.08,19812243100.00,6696
2012-08-24,0.005494,0.005358,0.003249,0.003200,0.006455,1411.13,19917788800.00,6694
2012-08-27,-0.000560,-0.000581,-0.000562,-0.000593,-0.000489,1410.44,19906594500.00,6687
2012-08-28,0.000261,0.000219,0.002383,0.002364,-0.000808,1409.30,19911255400.00,6687
2012-08-29,0.000994,0.000735,0.001836,0.001643,0.000844,1410.49,19927837100.00,6685
2012-08-30,-0.007798,-0.007949,-0.007581,-0.007645,-0.007806,1399.48,19769272400.00,6685
2012-08-31,0.005891,0.005873,0.005303,0.005276,0.005073,1406.58,19872602500.00,6687
2012-09-04,0.000688,0.000581,0.003257,0.003103,-0.001166,1404.94,19883904900.00,6687
2012-09-05,-0.000598,-0.000789,-0.000701,-0.000793,-0.001068,1403.44,19867941300.00,6686
2012-09-06,0.019461,0.019320,0.013690,0.013613,0.020436,1432.12,20251596700.00,6673
2012-09-07,0.005649,0.005607,0.006500,0.006393,0.004050,1437.92,20364966000.00,6672
2012-09-10,-0.005683,-0.005726,-0.001847,-0.001868,-0.006148,1429.08,20248555400.00,6671
2012-09-11,0.003437,0.003421,0.004919,0.004897,0.003135,1433.56,20317904600.00,6671
2012-09-12,0.002652,0.002330,0.003966,0.003495,0.002093,1436.56,20385939100.00,6672
2012-09-13,0.015280,0.015172,0.011218,0.011148,0.016310,1459.99,20694550600.00,6673
2012-09-14,0.006142,0.006129,0.008189,0.008127,0.003959,1465.77,20823214600.00,6671
2012-09-17,-0.004543,-0.004580,-0.004125,-0.004204,-0.003125,1461.19,20726852700.00,6668
2012-09-18,-0.001776,-0.001811,-0.000302,-0.000369,-0.001280,1459.32,20689653400.00,6669
2012-09-19,0.001305,0.001252,0.001816,0.001704,0.001185,1461.05,20715027700.00,6667
2012-09-20,-0.001942,-0.002063,-0.003646,-0.003733,-0.000541,1460.26,20675961900.00,6670
2012-09-21,0.000444,0.000369,0.004981,0.004826,-0.000075,1460.15,20682316700.00,6668
2012-09-24,-0.003088,-0.003212,-0.003206,-0.003377,-0.002233,1456.89,20616062700.00,6667
2012-09-25,-0.010814,-0.010915,-0.009620,-0.009693,-0.010502,1441.59,20391349900.00,6668
2012-09-26,-0.005527,-0.005774,-0.004866,-0.005113,-0.005737,1433.32,20274287600.00,6670
2012-09-27,0.010046,0.009956,0.009006,0.008920,0.009649,1447.15,20476081600.00,6670
2012-09-28,-0.004491,-0.004529,-0.003450,-0.003469,-0.004478,1440.67,20430417500.00,6673
2012-10-01,0.002807,0.002708,0.002686,0.002595,0.002652,1444.49,20478727100.00,6670
2012-10-02,0.001181,0.001140,0.000358,0.000350,0.000872,1445.75,20500377800.00,6669
2012-10-03,0.002508,0.002350,-0.000075,-0.000138,0.003624,1450.99,20551641600.00,6673
2012-10-04,0.007674,0.007662,0.006553,0.006541,0.007174,1461.40,20710387000.00,6675
2012-10-05,-0.000150,-0.000375,-0.000816,-0.000848,-0.000322,1460.93,20697923300.00,6673
2012-10-08,-0.003568,-0.003568,-0.003513,-0.003513,-0.003457,1455.88,20624187300.00,6669
2012-10-09,-0.009763,-0.009789,-0.009092,-0.009159,-0.009891,1441.48,20421438800.00,6669
2012-10-10,-0.005554,-0.005616,-0.004100,-0.004178,-0.006188,1432.56,20305048000.00,6670
2012-10-11,0.001750,0.001584,0.004541,0.004311,0.000195,1432.84,20342569900.00,6675
2012-10-12,-0.003502,-0.003535,-0.004211,-0.004332,-0.002966,1428.59,20274101500.00,6678
2012-10-15,0.007240,0.007230,0.004203,0.004164,0.008078,1440.13,20421082400.00,6666
2012-10-16,0.009941,0.009939,0.007051,0.007031,0.010270,1454.92,20623813100.00,6666
2012-10-17,0.005086,0.005004,0.005617,0.005563,0.004117,1460.91,20727374000.00,6643
2012-10-18,-0.002676,-0.002759,-0.003857,-0.003914,-0.002444,1457.34,20669960900.00,6640
2012-10-19,-0.015612,-0.015628,-0.013002,-0.013008,-0.016571,1433.19,20349059700.00,6637
2012-10-22,0.000193,0.000163,-0.000217,-0.000325,0.000440,1433.82,20352343800.00,6641
2012-10-23,-0.012926,-0.013005,-0.006968,-0.006990,-0.014444,1413.11,20087849100.00,6641
2012-10-24,-0.002612,-0.002619,-0.001404,-0.001419,-0.003085,1408.75,20035344600.00,6641
2012-10-25,0.003301,0.003285,0.002153,0.002125,0.002996,1412.97,20101502100.00,6646
2012-10-26,-0.001382,-0.001387,-0.001835,-0.001858,-0.000729,1411.94,20075496300.00,6651
2012-10-31,0.002480,0.002185,0.003479,0.003228,0.000156,1412.16,20117192100.00,6646
2012-11-01,0.011214,0.011104,0.009688,0.009557,0.010927,1427.59,20339449300.00,6643
2012-11-02,-0.009745,-0.009799,-0.008756,-0.008813,-0.009379,1414.20,20142401400.00,6645
2012-11-05,0.002234,0.002058,0.003177,0.003080,0.002164,1417.26,20183968900.00,6642
2012-11-06,0.007865,0.007713,0.006034,0.005972,0.007853,1428.39,20340081200.00,6640
2012-11-07,-0.021060,-0.021702,-0.017904,-0.018066,-0.023705,1394.53,19898998000.00,6640
2012-11-08,-0.011580,-0.011618,-0.009589,-0.009684,-0.012205,1377.51,19668009300.00,6643
2012-11-09,0.000949,0.000906,-0.000526,-0.000668,0.001699,1379.85,19685531300.00,6640
2012-11-12,-0.000216,-0.000216,-0.001908,-0.001908,0.000130,1380.03,19681144600.00,6637
2012-11-13,-0.004153,-0.004437,-0.005841,-0.006196,-0.003985,1374.53,19593671300.00,6637
2012-11-14,-0.014701,-0.014991,-0.015598,-0.015760,-0.013852,1355.49,19300165400.00,6636
2012-11-15,-0.002925,-0.003096,-0.006183,-0.006326,-0.001594,1353.33,19239556400.00,6636
2012-11-16,0.006186,0.006099,0.005711,0.005619,0.004840,1359.88,19358447700.00,6640
2012-11-19,0.019178,0.019052,0.016544,0.016446,0.019862,1386.89,19724488900.00,6639
2012-11-20,0.000983,0.000894,0.000886,0.000740,0.000663,1387.81,19743263600.00,6640
2012-11-21,0.003130,0.003101,0.004899,0.004732,0.002320,1391.03,19805021300.00,6639
2012-11-23,0.012722,0.012626,0.010102,0.010054,0.013026,1409.15,20054909300.00,6639
2012-11-26,-0.001641,-0.001687,0.001177,0.001119,-0.002030,1406.29,20021166100.00,6639
2012-11-27,-0.004418,-0.004503,-0.000884,-0.000963,-0.005227,1398.94,19930881100.00,6640
2012-11-28,0.007475,0.007177,0.005110,0.004772,0.007856,1409.93,20075078900.00,6642
2012-11-29,0.005422,0.004977,0.008573,0.008425,0.004270,1415.95,20154050800.00,6642
2012-11-30,0.000274,0.000264,0.000934,0.000901,0.000162,1416.18,20175039900.00,6642
2012-12-03,-0.004214,-0.004293,-0.002069,-0.002236,-0.004745,1409.46,20075272700.00,6639
2012-12-04,-0.001277,-0.001370,-0.001109,-0.001161,-0.001710,1407.05,20046256500.00,6634
2012-12-05,0.001758,0.001404,-0.000019,-0.000275,0.001585,1409.28,20074983400.00,6634
2012-12-06,0.002844,0.002338,0.000757,0.000448,0.003307,1413.94,20122024100.00,6635
2012-12-07,0.002524,0.002460,0.001168,0.001127,0.002921,1418.07,20177646000.00,6637
2012-12-10,0.001534,0.001426,0.002706,0.002594,0.000338,1418.55,20206707200.00,6634
2012-12-11,0.006153,0.006131,0.007321,0.007206,0.006549,1427.84,20327616600.00,6634
2012-12-12,0.000255,-0.000094,-0.000299,-0.000931,0.000448,1428.48,20326667900.00,6633
2012-12-13,-0.005872,-0.006197,-0.004080,-0.004505,-0.006321,1419.45,20202225400.00,6634
2012-12-14,-0.003089,-0.003181,0.000863,0.000757,-0.004135,1413.58,20138209100.00,6635
2012-12-17,0.010179,0.010151,0.006517,0.006348,0.011871,1430.36,20340053200.00,6630
2012-12-18,0.011120,0.010836,0.009526,0.009050,0.011487,1446.79,20561465400.00,6630
2012-12-19,-0.004643,-0.004830,0.000914,0.000447,-0.007589,1435.81,20462133600.00,6633
2012-12-20,0.004892,0.004660,0.004202,0.004035,0.005488,1443.69,20557521100.00,6637
2012-12-21,-0.008487,-0.008636,-0.005630,-0.006072,-0.009379,1430.15,20380352800.00,6636
2012-12-24,-0.002207,-0.002400,-0.002533,-0.003032,-0.002440,1426.66,20323592700.00,6634
2012-12-26,-0.004962,-0.005061,-0.003251,-0.003441,-0.004787,1419.83,20220568400.00,6634
2012-12-27,-0.000685,-0.000928,-0.001767,-0.002331,-0.001218,1418.10,20201282700.00,6633
2012-12-28,-0.009273,-0.009391,-0.004132,-0.004243,-0.011050,1402.43,20009514700.00,6632
2012-12-31,0.016424,0.016420,0.014969,0.014957,0.016942,1426.19,20386768400.00,6627
2013-01-02,0.024996,0.024832,0.024129,0.024095,0.025403,1462.42,20893251100.00,6626
2013-01-03,-0.001911,-0.001913,0.000471,0.000456,-0.002086,1459.37,20853881500.00,6626
2013-01-04,0.005653,0.005652,0.007408,0.007403,0.004865,1466.47,20972289100.00,6625
2013-01-07,-0.002555,-0.002557,-0.000448,-0.000452,-0.003123,1461.89,20919087800.00,6624
2013-01-08,-0.002208,-0.002428,-0.000524,-0.000547,-0.003242,1457.15,20865084900.00,6623
2013-01-09,0.003403,0.003391,0.005273,0.005259,0.002656,1461.02,20935257000.00,6623
2013-01-10,0.006790,0.006782,0.003862,0.003818,0.007597,1472.12,21077224200.00,6623
2013-01-11,0.000244,0.000148,0.000797,0.000620,-0.000048,1472.05,21080498000.00,6621
2013-01-14,-0.000350,-0.000353,0.000450,0.000439,-0.000931,1470.68,21071617100.00,6621
2013-01-15,0.001960,0.001942,0.001921,0.001872,0.001129,1472.34,21112605800.00,6623
2013-01-16,-0.000738,-0.000821,-0.001481,-0.001536,0.000197,1472.63,21095486400.00,6624
2013-01-17,0.005930,0.005915,0.006769,0.006745,0.005643,1480.94,21224226600.00,6625
2013-01-18,0.002942,0.002928,0.002363,0.002357,0.003403,1485.98,21292716500.00,6628
2013-01-22,0.005180,0.005105,0.006150,0.006100,0.004428,1492.56,21400777800.00,6624
2013-01-23,0.000286,0.000263,-0.000764,-0.000793,0.001507,1494.81,21405384700.00,6624
2013-01-24,0.000638,0.000611,0.001533,0.001510,0.000007,1494.82,21418428300.00,6624
2013-01-25,0.005250,0.005248,0.002828,0.002817,0.005445,1502.96,21532618100.00,6624
2013-01-28,-0.001315,-0.001340,0.000423,0.000399,-0.001850,1500.18,21504148700.00,6624
2013-01-29,0.003632,0.003523,0.002765,0.002696,0.005106,1507.84,21581878400.00,6627
2013-01-30,-0.003846,-0.004074,-0.004865,-0.004937,-0.003900,1501.96,21489301700.00,6624
2013-01-31,-0.000820,-0.000873,0.002893,0.002841,-0.002563,1498.11,21513636700.00,6626
2013-02-01,0.009291,0.009221,0.008245,0.008160,0.010053,1513.17,21713329000.00,6625
2013-02-04,-0.011036,-0.011065,-0.009364,-0.009387,-0.011539,1495.71,21486521400.00,6627
2013-02-05,0.009248,0.009114,0.007102,0.007036,0.010417,1511.29,21681220700.00,6625
2013-02-06,0.001293,0.001167,0.002338,0.002261,0.000549,1512.12,21706927700.00,6624
2013-02-07,-0.002118,-0.002412,-0.002393,-0.002495,-0.001805,1509.39,21654399000.00,6624
2013-02-08,0.005390,0.005382,0.003945,0.003908,0.005658,1517.93,21769948200.00,6624
2013-02-11,-0.001003,-0.001050,-0.000183,-0.000209,-0.000606,1517.01,21746535400.00,6623
2013-02-12,0.002191,0.002144,0.003532,0.003477,0.001595,1519.43,21793639100.00,6630
2013-02-13,0.001389,0.001026,0.001443,0.001107,0.000592,1520.33,21813898400.00,6632
2013-02-14,0.000865,0.000738,0.001613,0.001495,0.000691,1521.38,21827097400.00,6631
2013-02-15,-0.002010,-0.002097,-0.001715,-0.001758,-0.001045,1519.79,21782657200.00,6632
2013-02-19,0.006956,0.006809,0.006199,0.006107,0.007337,1530.94,21929600200.00,6630
2013-02-20,-0.013325,-0.013370,-0.013073,-0.013123,-0.012404,1511.95,21636842600.00,6630
2013-02-21,-0.007067,-0.007234,-0.007335,-0.007363,-0.006303,1502.42,21477906700.00,6632
2013-02-22,0.008665,0.008571,0.007518,0.007510,0.008773,1515.60,21661057500.00,6631
2013-02-25,-0.017160,-0.017177,-0.014094,-0.014110,-0.018310,1487.85,21288957900.00,6631
2013-02-26,0.005656,0.005531,0.003625,0.003545,0.006109,1496.94,21392484700.00,6630
2013-02-27,0.012275,0.012077,0.007460,0.007339,0.012726,1515.99,21651476400.00,6621
2013-02-28,-0.000630,-0.000690,-0.000090,-0.000139,-0.000864,1514.68,21613964900.00,6621
2013-03-01,0.001752,0.001698,0.001691,0.001483,0.002324,1518.20,21651780400.00,6620
2013-03-04,0.003648,0.003633,0.001139,0.001122,0.004611,1525.20,21729888100.00,6619
2013-03-05,0.009190,0.009151,0.007270,0.007250,0.009566,1539.79,21930826800.00,6619
2013-03-06,0.001656,0.001455,0.002950,0.002844,0.001085,1541.46,21963013300.00,6619
2013-03-07,0.002328,0.002229,0.004182,0.004062,0.001816,1544.26,22014174200.00,6618
2013-03-08,0.004895,0.004812,0.006155,0.006138,0.004481,1551.18,22120306900.00,6617
2013-03-11,0.002695,0.002628,0.002128,0.002097,0.003249,1556.22,22178210800.00,6609
2013-03-12,-0.001929,-0.001987,-0.001493,-0.001580,-0.002403,1552.48,22139069500.00,6609
2013-03-13,0.000805,0.000450,0.000158,-0.000260,0.001314,1554.52,22149636000.00,6610
2013-03-14,0.005963,0.005922,0.004858,0.004760,0.005603,1563.23,22280446600.00,6607
2013-03-15,-0.001517,-0.001573,-0.001282,-0.001380,-0.001618,1560.70,22244653400.00,6604
2013-03-18,-0.005326,-0.005375,-0.002690,-0.002769,-0.005510,1552.10,22125934200.00,6595
2013-03-19,-0.002923,-0.002964,-0.003544,-0.003625,-0.002423,1548.34,22060866900.00,6593
2013-03-20,0.007248,0.007235,0.006508,0.006444,0.006698,1558.71,22221096000.00,6598
2013-03-21,-0.007562,-0.007587,-0.004430,-0.004485,-0.008282,1545.80,22053283300.00,6597
2013-03-22,0.005842,0.005804,0.003328,0.003252,0.007174,1556.89,22183069900.00,6604
2013-03-25,-0.003071,-0.003117,-0.001587,-0.001641,-0.003340,1551.69,22114293400.00,6601
2013-03-26,0.007299,0.006972,0.003350,0.003096,0.007785,1563.77,22270122400.00,6605
2013-03-27,-0.000118,-0.000205,0.000679,0.000606,-0.000588,1562.85,22265942600.00,6606
2013-03-28,0.004054,0.004010,0.002923,0.002894,0.004057,1569.19,22397711900.00,6607
2013-04-01,-0.005392,-0.005490,-0.007797,-0.007894,-0.004474,1562.17,22271281600.00,6600
2013-04-02,0.002710,0.002702,-0.002178,-0.002201,0.005172,1570.25,22331572200.00,6600
2013-04-03,-0.011859,-0.011989,-0.011645,-0.011713,-0.010546,1553.69,22063745300.00,6601
2013-04-04,0.003826,0.003781,0.003704,0.003681,0.004048,1559.98,22147592300.00,6602
2013-04-05,-0.003519,-0.003529,-0.001037,-0.001046,-0.004295,1553.28,22069050600.00,6603
2013-04-08,0.006639,0.006425,0.004411,0.004374,0.006303,1563.07,22211433900.00,6600
2013-04-09,0.003703,0.003680,0.002604,0.002542,0.003544,1568.61,22292932000.00,6599
2013-04-10,0.011618,0.011566,0.011377,0.011312,0.012189,1587.73,22551569600.00,6603
2013-04-11,0.003194,0.003107,0.001170,0.000978,0.003552,1593.37,22621639500.00,6605
2013-04-12,-0.003780,-0.003811,-0.003929,-0.003961,-0.002837,1588.85,22537580700.00,6604
2013-04-15,-0.025595,-0.025602,-0.027340,-0.027361,-0.022966,1552.36,21958211400.00,6601
2013-04-16,0.014655,0.014651,0.011702,0.011676,0.014307,1574.57,22279796200.00,6603
2013-04-17,-0.014690,-0.014729,-0.013782,-0.013861,-0.014328,1552.01,21949920400.00,6599
2013-04-18,-0.005690,-0.005717,-0.002351,-0.002377,-0.006701,1541.61,21831495900.00,6609
2013-04-19,0.009359,0.009322,0.008028,0.007982,0.008848,1555.25,22038785000.00,6614
2013-04-22,0.004277,0.004261,0.003041,0.003005,0.004662,1562.50,22132837800.00,6613
2013-04-23,0.010144,0.010101,0.010404,0.010391,0.010419,1578.78,22356266400.00,6614
2013-04-24,0.002179,0.002089,0.004624,0.004598,0.000006,1578.79,22403179900.00,6615
2013-04-25,0.004946,0.004886,0.006175,0.006126,0.004035,1585.16,22513080600.00,6615
2013-04-26,-0.002476,-0.002569,-0.002953,-0.003039,-0.001842,1582.24,22456161400.00,6613
2013-04-29,0.007371,0.007319,0.006471,0.006424,0.007186,1593.61,22620812900.00,6614
2013-04-30,0.004139,0.004127,0.003917,0.003885,0.002485,1597.57,22722249100.00,6615
2013-05-01,-0.010607,-0.010762,-0.013124,-0.013293,-0.009308,1582.70,22475400100.00,6615
2013-05-02,0.009484,0.009373,0.009199,0.009090,0.009408,1597.59,22692481500.00,6617
2013-05-03,0.010398,0.010305,0.010755,0.010709,0.010535,1614.42,22926944300.00,6620
2013-05-06,0.002566,0.002487,0.003997,0.003924,0.001908,1617.50,22984729400.00,6618
2013-05-07,0.005135,0.005082,0.004118,0.004073,0.005230,1625.96,23095562200.00,6616
2013-05-08,0.005022,0.004640,0.004602,0.004489,0.004139,1632.69,23203236800.00,6617
2013-05-09,-0.003689,-0.004008,-0.002673,-0.002762,-0.003687,1626.67,23118133600.00,6624
2013-05-10,0.004676,0.004637,0.005393,0.005364,0.004322,1633.70,23225949500.00,6624
2013-05-13,-0.000627,-0.000738,-0.000792,-0.001038,0.000043,1633.77,23209051200.00,6624
2013-05-14,0.009349,0.009180,0.006823,0.006739,0.010142,1650.34,23422519800.00,6626
2013-05-15,0.003945,0.003725,0.001770,0.001651,0.005114,1658.78,23509833500.00,6626
2013-05-16,-0.004594,-0.004644,-0.002447,-0.002546,-0.005010,1650.47,23402749400.00,6631
2013-05-17,0.009395,0.009372,0.006531,0.006489,0.010300,1667.47,23623433300.00,6631
2013-05-20,0.000649,0.000620,0.004955,0.004918,-0.000708,1666.29,23637464000.00,6630
2013-05-21,0.001600,0.001556,0.001466,0.001413,0.001722,1669.16,23676621100.00,6630
2013-05-22,-0.009642,-0.009740,-0.010059,-0.010172,-0.008274,1655.35,23447142400.00,6632
2013-05-23,-0.002446,-0.002541,-0.000151,-0.000181,-0.002924,1650.51,23391138800.00,6636
2013-05-24,-0.001030,-0.001095,-0.000350,-0.000375,-0.000551,1649.60,23367325400.00,6636
2013-05-28,0.006307,0.006290,0.006506,0.006483,0.006341,1660.06,23514429800.00,6638
2013-05-29,-0.006970,-0.007133,-0.006971,-0.007107,-0.007048,1648.36,23346780800.00,6635
2013-05-30,0.004204,0.004039,0.005389,0.005314,0.003670,1654.41,23441388100.00,6640
2013-05-31,-0.013568,-0.013596,-0.009492,-0.009533,-0.014307,1630.74,23148554100.00,6639
2013-06-03,0.004640,0.004538,0.002565,0.002465,0.005936,1640.42,23252815800.00,6636
2013-06-04,-0.005563,-0.005591,-0.004488,-0.004501,-0.005511,1631.38,23126010400.00,6640
2013-06-05,-0.013397,-0.013598,-0.010458,-0.010618,-0.013780,1608.90,22811842600.00,6641
2013-06-06,0.008981,0.008864,0.007730,0.007677,0.008490,1622.56,23014977200.00,6640
2013-06-07,0.011386,0.011360,0.005330,0.005288,0.012832,1643.38,23275923200.00,6639
2013-06-10,0.000184,0.000118,0.002916,0.002845,-0.000347,1642.81,23241554500.00,6637
2013-06-11,-0.010890,-0.010917,-0.009470,-0.009582,-0.010153,1626.13,22995933500.00,6636
2013-06-12,-0.008137,-0.008495,-0.006721,-0.007216,-0.008370,1612.52,22802164300.00,6639
2013-06-13,0.015060,0.014949,0.011588,0.011501,0.014784,1636.36,23144269200.00,6639
2013-06-14,-0.005379,-0.005394,-0.004604,-0.004649,-0.005885,1626.73,23018499500.00,6638
2013-06-17,0.007193,0.007184,0.005131,0.005119,0.007567,1639.04,23184231900.00,6638
2013-06-18,0.007358,0.007317,0.006078,0.005990,0.007791,1651.81,23354287400.00,6637
2013-06-19,-0.013406,-0.013425,-0.009639,-0.009747,-0.013852,1628.93,23040515400.00,6638
2013-06-20,-0.025752,-0.025853,-0.023687,-0.023715,-0.025010,1588.19,22450706300.00,6644
2013-06-21,0.001443,0.001355,0.002747,0.002466,0.002670,1592.43,22482510800.00,6643
2013-06-24,-0.012352,-0.012451,-0.014795,-0.014937,-0.012145,1573.09,22203319100.00,6644
2013-06-25,0.010324,0.010237,0.009985,0.009877,0.009497,1588.03,22429374100.00,6642
2013-06-26,0.008926,0.008625,0.005207,0.004852,0.009591,1603.26,22625019500.00,6651
2013-06-27,0.008125,0.007921,0.011708,0.011425,0.006200,1613.20,22810787100.00,6656
2013-06-28,-0.002809,-0.002855,0.001627,0.001533,-0.004290,1606.28,22739738300.00,6658
2013-07-01,0.006716,0.006611,0.009141,0.009039,0.005404,1614.96,22890519800.00,6663
2013-07-02,-0.001412,-0.001583,-0.002919,-0.002982,-0.000545,1614.08,22849274000.00,6660
2013-07-03,0.000408,0.000398,-0.000100,-0.000130,0.000824,1615.41,22858132000.00,6659
2013-07-05,0.009033,0.008996,0.005947,0.005934,0.010202,1631.89,23065245900.00,6659
2013-07-08,0.005168,0.004969,0.003698,0.003661,0.005252,1640.46,23179658500.00,6657
2013-07-09,0.007724,0.007700,0.005760,0.005704,0.007230,1652.32,23358221500.00,6658
2013-07-10,0.000629,0.000557,0.002770,0.002691,0.000182,1652.62,23368092200.00,6660
2013-07-11,0.014617,0.014475,0.012997,0.012768,0.013554,1675.02,23684691900.00,6659
2013-07-12,0.002470,0.002463,0.001028,0.001018,0.003087,1680.19,23766477000.00,6659
2013-07-15,0.002326,0.002314,0.005546,0.005490,0.001375,1682.50,23821512300.00,6660
2013-07-16,-0.003791,-0.003795,-0.001546,-0.001572,-0.003709,1676.26,23731722000.00,6659
2013-07-17,0.003003,0.002924,0.003696,0.003633,0.002774,1680.91,23803059900.00,6661
2013-07-18,0.005469,0.005396,0.004970,0.004945,0.005033,1689.37,23931943100.00,6662
2013-07-19,0.001494,0.001467,0.000552,0.000538,0.001610,1692.09,23970300200.00,6668
2013-07-22,0.002802,0.002780,0.004195,0.004138,0.002033,1695.53,24036655000.00,6667
2013-07-23,-0.001167,-0.001207,0.002073,0.002058,-0.001852,1692.39,24008727900.00,6669
2013-07-24,-0.004921,-0.004937,-0.005985,-0.006001,-0.003811,1685.94,23891079800.00,6672
2013-07-25,0.003967,0.003934,0.005521,0.005473,0.002556,1690.25,23986039500.00,6676
2013-07-26,0.000137,0.000129,-0.001511,-0.001533,0.000828,1691.65,23990239700.00,6678
2013-07-29,-0.003759,-0.003876,-0.003816,-0.003891,-0.003736,1685.33,23898410800.00,6676
2013-07-30,0.000403,0.000342,0.000284,0.000215,0.000374,1685.96,23906847200.00,6676
2013-07-31,0.000199,0.000065,0.001750,0.001701,-0.000136,1685.73,23914952000.00,6673
2013-08-01,0.012261,0.012119,0.009356,0.009211,0.012541,1706.87,24213670100.00,6680
2013-08-02,0.001331,0.001298,0.000912,0.000872,0.001640,1709.67,24248268200.00,6683
2013-08-05,-0.000734,-0.000849,0.001899,0.001823,-0.001480,1707.14,24227772100.00,6683
2013-08-06,-0.006571,-0.006604,-0.006180,-0.006211,-0.005723,1697.37,24067558700.00,6683
2013-08-07,-0.004516,-0.004801,-0.005628,-0.005699,-0.003806,1690.91,23952822100.00,6685
2013-08-08,0.005441,0.005248,0.005406,0.005252,0.003885,1697.48,24081310200.00,6685
2013-08-09,-0.001916,-0.002038,-0.000247,-0.000262,-0.003570,1691.42,24038663200.00,6693
2013-08-12,-0.000143,-0.000171,0.002700,0.002649,-0.001153,1689.47,24034495800.00,6691
2013-08-13,0.001516,0.001311,-0.000915,-0.001187,0.002776,1694.16,24066366200.00,6694
2013-08-14,-0.004099,-0.004263,-0.001067,-0.001193,-0.005177,1685.39,23967018600.00,6694
2013-08-15,-0.012968,-0.013098,-0.011149,-0.011277,-0.014282,1661.32,23654677600.00,6702
2013-08-16,-0.002938,-0.002992,-0.002099,-0.002129,-0.003305,1655.83,23584366800.00,6702
2013-08-19,-0.007099,-0.007146,-0.008153,-0.008193,-0.005900,1646.06,23415241700.00,6701
2013-08-20,0.005669,0.005620,0.008067,0.008035,0.003821,1652.35,23546930500.00,6700
2013-08-21,-0.006167,-0.006229,-0.005252,-0.005386,-0.005780,1642.80,23400304900.00,6699
2013-08-22,0.009128,0.009106,0.010541,0.010518,0.008619,1656.96,23613228800.00,6696
2013-08-23,0.004367,0.004269,0.003842,0.003826,0.003947,1663.50,23714132600.00,6700
2013-08-26,-0.002845,-0.002868,-0.000002,-0.000020,-0.004040,1656.78,23644567100.00,6699
2013-08-27,-0.016307,-0.016313,-0.016842,-0.016868,-0.015874,1630.48,23258842200.00,6699
2013-08-28,0.002623,0.002442,0.002138,0.001890,0.002748,1634.96,23316220100.00,6697
2013-08-29,0.003198,0.003081,0.005360,0.005307,0.001963,1638.17,23387581900.00,6696
2013-08-30,-0.004832,-0.004908,-0.007727,-0.007748,-0.003174,1632.97,23255257600.00,6695
2013-09-03,0.004517,0.004451,0.004639,0.004540,0.004164,1639.77,23358907500.00,6695
2013-09-04,0.007599,0.007434,0.007115,0.007032,0.008117,1653.08,23531895600.00,6695
2013-09-05,0.001828,0.001777,0.003010,0.002976,0.001210,1655.08,23573605400.00,6695
2013-09-06,0.001057,0.000952,0.002761,0.002712,0.000054,1655.17,23596470300.00,6696
2013-09-09,0.010849,0.010805,0.011386,0.011357,0.009993,1671.71,23853267000.00,6696
2013-09-10,0.007216,0.007202,0.005425,0.005400,0.007346,1683.99,24021353200.00,6696
2013-09-11,0.002744,0.002579,0.001120,0.000816,0.003052,1689.13,24081242000.00,6696
2013-09-12,-0.004003,-0.004258,-0.004229,-0.004502,-0.003380,1683.42,23979454600.00,6696
2013-09-13,0.002645,0.002632,0.003440,0.003394,0.002715,1687.99,24043494100.00,6696
2013-09-16,0.005156,0.005145,0.003321,0.003279,0.005693,1697.60,24167943400.00,6695
2013-09-17,0.004981,0.004963,0.005434,0.005387,0.004218,1704.76,24286916500.00,6695
2013-09-18,0.012556,0.012524,0.011768,0.011685,0.012178,1725.52,24594211500.00,6697
2013-09-19,-0.001145,-0.001266,-0.000431,-0.000534,-0.001843,1722.34,24563171700.00,6698
2013-09-20,-0.007311,-0.007389,-0.004424,-0.004588,-0.007217,1709.91,24388699200.00,6703
2013-09-23,-0.004154,-0.004220,-0.001939,-0.002019,-0.004720,1701.84,24286014700.00,6703
2013-09-24,-0.001217,-0.001342,0.002218,0.002086,-0.002597,1697.42,24253575500.00,6706
2013-09-25,-0.001662,-0.001711,0.000585,0.000504,-0.002739,1692.77,24213120500.00,6710
2013-09-26,0.003963,0.003729,0.003876,0.003629,0.003485,1698.67,24305722500.00,6714
2013-09-27,-0.003599,-0.003693,-0.002149,-0.002186,-0.004074,1691.75,24205245200.00,6718
2013-09-30,-0.004862,-0.004896,-0.002007,-0.002044,-0.006029,1681.55,24127569600.00,6719
2013-10-01,0.008707,0.008609,0.008695,0.008595,0.007999,1695.00,24325042200.00,6719
2013-10-02,-0.000674,-0.000810,-0.000280,-0.000331,-0.000667,1693.87,24305271000.00,6722
2013-10-03,-0.008609,-0.008614,-0.006092,-0.006114,-0.008979,1678.66,24096217600.00,6724
2013-10-04,0.006741,0.006713,0.005498,0.005471,0.007053,1690.50,24260048300.00,6727
2013-10-07,-0.008482,-0.008486,-0.005823,-0.005830,-0.008506,1676.12,24053330600.00,6714
2013-10-08,-0.013084,-0.013281,-0.012620,-0.012654,-0.012332,1655.45,23732908000.00,6712
2013-10-09,-0.000451,-0.000531,-0.001969,-0.002068,0.000574,1656.40,23721605700.00,6717
2013-10-10,0.020996,0.020854,0.017009,0.016847,0.021831,1692.56,24234156100.00,6725
2013-10-11,0.006894,0.006883,0.007900,0.007829,0.006286,1703.20,24391724600.00,6721
2013-10-14,0.004080,0.004080,0.003569,0.003569,0.004075,1710.14,24491001400.00,6717
2013-10-15,-0.006865,-0.006879,-0.004937,-0.005001,-0.007064,1698.06,24322400700.00,6716
2013-10-16,0.012758,0.012681,0.009057,0.009006,0.013828,1721.54,24636615200.00,6719
2013-10-17,0.007750,0.007713,0.009615,0.009586,0.006744,1733.15,24827186800.00,6723
2013-10-18,0.006939,0.006921,0.006116,0.006102,0.006549,1744.50,24998146600.00,6725
2013-10-21,0.000141,0.000126,0.000383,0.000358,0.000092,1744.66,24999101500.00,6725
2013-10-22,0.005534,0.005489,0.004015,0.003951,0.005738,1754.67,25136808800.00,6726
2013-10-23,-0.005308,-0.005325,-0.004769,-0.004789,-0.004725,1746.38,25003215400.00,6727
2013-10-24,0.004055,0.004041,0.004170,0.004150,0.003258,1752.07,25104194600.00,6736
2013-10-25,0.003147,0.003146,-0.000001,-0.000024,0.004395,1759.77,25188145300.00,6742
2013-10-28,0.000342,0.000332,-0.001661,-0.001681,0.001330,1762.11,25196346400.00,6741
2013-10-29,0.004437,0.004318,0.003409,0.003331,0.005584,1771.95,25305888500.00,6742
2013-10-30,-0.005665,-0.005759,-0.007185,-0.007285,-0.004876,1763.31,25141697400.00,6745
2013-10-31,-0.003506,-0.003605,-0.004199,-0.004278,-0.003839,1756.54,25055863500.00,6749
2013-11-01,0.001408,0.001352,-0.002231,-0.002337,0.002903,1761.64,25092326800.00,6750
2013-11-04,0.004324,0.004306,0.007257,0.007222,0.003571,1767.93,25200657700.00,6753
2013-11-05,-0.003013,-0.003137,-0.001942,-0.002030,-0.002806,1762.97,25118215800.00,6749
2013-11-06,0.003040,0.002608,-0.000848,-0.001002,0.004266,1770.49,25184331000.00,6756
2013-11-07,-0.013878,-0.014049,-0.013029,-0.013121,-0.013183,1747.15,24856510300.00,6765
2013-11-08,0.012349,0.012331,0.009308,0.009266,0.013428,1770.61,25164089400.00,6767
2013-11-11,0.001003,0.001003,0.002545,0.002545,0.000723,1771.89,25189252200.00,6766
2013-11-12,-0.002249,-0.002315,-0.002888,-0.002991,-0.002370,1767.69,25131000600.00,6766
2013-11-13,0.008519,0.008271,0.006926,0.006616,0.008095,1782.00,25334174000.00,6767
2013-11-14,0.004571,0.004427,0.002579,0.002477,0.004837,1790.62,25448551800.00,6767
2013-11-15,0.004409,0.004380,0.005526,0.005428,0.004222,1798.18,25561363700.00,6771
2013-11-18,-0.004646,-0.004696,-0.004134,-0.004183,-0.003698,1791.53,25439197000.00,6760
2013-11-19,-0.003367,-0.003516,-0.004351,-0.004400,-0.002043,1787.87,25342766800.00,6762
2013-11-20,-0.003294,-0.003348,-0.003096,-0.003223,-0.003636,1781.37,25268227000.00,6767
2013-11-21,0.008658,0.008600,0.009070,0.009025,0.008129,1795.85,25486374000.00,6767
2013-11-22,0.004566,0.004475,0.003700,0.003685,0.004961,1804.76,25602413800.00,6764
2013-11-25,-0.001436,-0.001463,-0.000255,-0.000299,-0.001263,1802.48,25564300400.00,6762
2013-11-26,0.001078,0.000958,0.004053,0.003910,0.000150,1802.75,25589526100.00,6762
2013-11-27,0.002738,0.002552,0.005455,0.005366,0.002485,1807.23,25654763800.00,6760
2013-11-29,0.000159,0.000096,0.003875,0.003849,-0.000786,1805.81,25661520700.00,6759
2013-12-02,-0.003638,-0.003696,-0.007152,-0.007236,-0.002719,1800.90,25566649400.00,6760
2013-12-03,-0.003715,-0.003772,-0.003833,-0.003866,-0.003193,1795.15,25470704800.00,6763
2013-12-04,-0.000941,-0.001151,-0.000588,-0.000660,-0.001304,1792.81,25440082700.00,6762
2013-12-05,-0.003514,-0.003540,-0.001612,-0.001641,-0.004340,1785.03,25350750700.00,6765
2013-12-06,0.009683,0.009612,0.006687,0.006639,0.011238,1805.09,25594438300.00,6764
2013-12-09,0.001868,0.001819,-0.000607,-0.000636,0.001817,1808.37,25636073800.00,6760
2013-12-10,-0.002813,-0.002839,-0.002139,-0.002241,-0.003180,1802.62,25563362400.00,6760
2013-12-11,-0.012070,-0.012220,-0.011256,-0.011626,-0.011317,1782.22,25251393800.00,6761
2013-12-12,-0.002543,-0.002783,-0.000698,-0.000843,-0.003771,1775.50,25209255800.00,6767
2013-12-13,0.001277,0.001245,0.003054,0.002992,-0.000101,1775.32,25248573300.00,6770
2013-12-16,0.006445,0.006432,0.006875,0.006844,0.006320,1786.54,25414008700.00,6772
2013-12-17,-0.002344,-0.002362,-0.000097,-0.000209,-0.003101,1781.00,25352827000.00,6771
2013-12-18,0.014462,0.014327,0.008528,0.008167,0.016648,1810.65,25715907000.00,6774
2013-12-19,-0.001026,-0.001127,-0.001754,-0.001845,-0.000580,1809.60,25686845500.00,6774
2013-12-20,0.006904,0.006773,0.010080,0.009762,0.004819,1818.32,25855220500.00,6774
2013-12-23,0.006229,0.006061,0.008646,0.008450,0.005318,1827.99,26011958400.00,6770
2013-12-24,0.003476,0.003325,0.004324,0.004084,0.002916,1833.32,26096228700.00,6768
2013-12-26,0.003993,0.003959,0.002325,0.002182,0.004745,1842.02,26201275000.00,6767
2013-12-27,-0.000061,-0.000327,0.001436,0.000884,-0.000337,1841.40,26192147300.00,6766
2013-12-30,0.000277,0.000212,0.000551,0.000505,-0.000179,1841.07,26197915000.00,6766
2013-12-31,0.004255,0.004203,0.003915,0.003752,0.003960,1848.36,26328806400.00,6765
2014-01-02,-0.008757,-0.008884,-0.004051,-0.004084,-0.008862,1831.98,26092749600.00,6760
2014-01-03,0.000491,0.000436,0.004096,0.004081,-0.000333,1831.37,26101010700.00,6760
2014-01-06,-0.003340,-0.003360,-0.001676,-0.001696,-0.002512,1826.77,26013191100.00,6760
2014-01-07,0.006090,0.006081,0.006892,0.006875,0.006082,1837.88,26171271100.00,6762
2014-01-08,0.000155,-0.000040,0.000835,0.000801,-0.000212,1837.49,26170631400.00,6766
2014-01-09,0.000090,0.000029,0.000232,0.000146,0.000348,1838.13,26174381500.00,6769
2014-01-10,0.003567,0.003566,0.005960,0.005940,0.002307,1842.37,26267908600.00,6770
2014-01-13,-0.011642,-0.011741,-0.007697,-0.007901,-0.012576,1819.20,25958689100.00,6770
2014-01-14,0.010257,0.010239,0.009522,0.009495,0.010818,1838.88,26224175800.00,6770
2014-01-15,0.005066,0.005036,0.005820,0.005757,0.005166,1848.38,26358180600.00,6775
2014-01-16,-0.000279,-0.000299,0.002016,0.001975,-0.001347,1845.89,26349889800.00,6773
2014-01-17,-0.003454,-0.003467,-0.000673,-0.000680,-0.003895,1838.70,26265353000.00,6776
2014-01-21,0.003351,0.003336,0.005318,0.005303,0.002774,1843.80,26351997200.00,6775
2014-01-22,0.001484,0.001389,0.003711,0.003618,0.000575,1844.86,26402684100.00,6781
2014-01-23,-0.008159,-0.008205,-0.006438,-0.006465,-0.008890,1828.46,26197279800.00,6794
2014-01-24,-0.021135,-0.021142,-0.019296,-0.019303,-0.020876,1790.29,25639215200.00,6790
2014-01-27,-0.006632,-0.006679,-0.010387,-0.010411,-0.004876,1781.56,25464578300.00,6786
2014-01-28,0.007293,0.007287,0.008305,0.008281,0.006141,1792.50,25651702300.00,6791
2014-01-29,-0.009930,-0.010102,-0.007727,-0.007847,-0.010209,1774.20,25392170100.00,6791
2014-01-30,0.011488,0.011420,0.009325,0.009276,0.011267,1794.19,25684294200.00,6793
2014-01-31,-0.005796,-0.005809,-0.005269,-0.005304,-0.006465,1782.59,25528420200.00,6801
2014-02-03,-0.023197,-0.023224,-0.021283,-0.021366,-0.022832,1741.89,24934377600.00,6798
2014-02-04,0.007612,0.007548,0.005913,0.005876,0.007641,1755.20,25109231000.00,6801
2014-02-05,-0.001952,-0.002236,-0.004986,-0.005087,-0.002028,1751.64,25053555200.00,6806
2014-02-06,0.011924,0.011542,0.008515,0.008404,0.012440,1773.43,25344824100.00,6812
2014-02-07,0.012595,0.012587,0.010024,0.009994,0.013302,1797.02,25662707000.00,6811
2014-02-10,0.001576,0.001547,0.003988,0.003959,0.001569,1799.84,25702416200.00,6807
2014-02-11,0.010599,0.010550,0.008681,0.008619,0.011062,1819.75,25974271700.00,6809
2014-02-12,0.001149,0.000773,0.001603,0.001253,-0.000269,1819.26,25993458700.00,6814
2014-02-13,0.006957,0.006846,0.008401,0.008317,0.005810,1829.83,26174009600.00,6818
2014-02-14,0.004104,0.004035,0.003217,0.003141,0.004809,1838.63,26279918700.00,6819
2014-02-18,0.003182,0.003061,0.006940,0.006877,0.001158,1840.76,26360777800.00,6814
2014-02-19,-0.006797,-0.006863,-0.006556,-0.006685,-0.006524,1828.75,26180388000.00,6810
2014-02-20,0.006440,0.006294,0.007149,0.007110,0.006031,1839.78,26346782700.00,6811
2014-02-21,-0.000817,-0.000912,0.001533,0.001506,-0.001919,1836.25,26328024200.00,6811
2014-02-24,0.006174,0.006155,0.005684,0.005640,0.006187,1847.61,26491165900.00,6809
2014-02-25,-0.001268,-0.001287,-0.001884,-0.001899,-0.001348,1845.12,26457329800.00,6808
2014-02-26,0.001034,0.000861,0.002945,0.002817,0.000022,1845.16,26479642700.00,6808
2014-02-27,0.004900,0.004761,0.006057,0.005950,0.004948,1854.29,26607034200.00,6811
2014-02-28,0.001673,0.001640,-0.000735,-0.000764,0.002783,1859.45,26694950800.00,6810
2014-03-03,-0.006637,-0.006699,-0.003855,-0.003935,-0.007379,1845.73,26518065800.00,6810
2014-03-04,0.015434,0.015414,0.016489,0.016470,0.015268,1873.91,26926577900.00,6811
2014-03-05,0.000357,0.000206,0.002150,0.002076,-0.000053,1873.81,26931614000.00,6810
2014-03-06,0.001723,0.001570,0.002474,0.002393,0.001718,1877.03,26974057600.00,6811
2014-03-07,-0.000796,-0.000889,-0.001643,-0.001665,0.000538,1878.04,26952722600.00,6814
2014-03-10,-0.001258,-0.001306,-0.001022,-0.001066,-0.000463,1877.17,26919934600.00,6814
2014-03-11,-0.005526,-0.005578,-0.007303,-0.007384,-0.005082,1867.63,26770728000.00,6819
2014-03-12,0.001300,0.001019,0.001470,0.001080,0.000305,1868.20,26797184300.00,6822
2014-03-13,-0.011137,-0.011248,-0.008840,-0.008986,-0.011701,1846.34,26496138000.00,6825
2014-03-14,-0.001383,-0.001410,0.001197,0.001148,-0.002822,1841.13,26458484800.00,6826
2014-03-17,0.008275,0.008262,0.005371,0.005346,0.009614,1858.83,26677997300.00,6826
2014-03-18,0.007665,0.007634,0.008709,0.008614,0.007220,1872.25,26882069000.00,6826
2014-03-19,-0.006779,-0.006808,-0.005280,-0.005367,-0.006132,1860.77,26699783200.00,6827
2014-03-20,0.004709,0.004689,0.001142,0.001063,0.006041,1872.01,26826863400.00,6831
2014-03-21,-0.002864,-0.002931,-0.000898,-0.001025,-0.002933,1866.52,26748697300.00,6836
2014-03-24,-0.006075,-0.006096,-0.008920,-0.008992,-0.004865,1857.44,26585381500.00,6835
2014-03-25,0.003439,0.003280,0.001238,0.001098,0.004404,1865.62,26671756000.00,6835
2014-03-26,-0.008153,-0.008204,-0.011849,-0.012019,-0.007000,1852.56,26461053000.00,6828
2014-03-27,-0.001045,-0.001269,-0.001497,-0.001760,-0.001900,1849.04,26429289000.00,6833
2014-03-28,0.004470,0.004394,0.002659,0.002618,0.004640,1857.62,26534240300.00,6839
2014-03-31,0.009182,0.009149,0.010512,0.010491,0.007924,1872.34,26838814300.00,6838
2014-04-01,0.008258,0.008162,0.008989,0.008875,0.007039,1885.52,27055798500.00,6836
2014-04-02,0.002821,0.002698,0.003632,0.003572,0.002853,1890.90,27128042700.00,6837
2014-04-03,-0.003118,-0.003128,-0.006998,-0.007021,-0.001126,1888.77,27075131600.00,6840
2014-04-04,-0.012591,-0.012620,-0.012466,-0.012476,-0.012537,1865.09,26744984600.00,6844
2014-04-07,-0.011655,-0.011668,-0.011536,-0.011547,-0.010750,1845.04,26436240300.00,6845
2014-04-08,0.005386,0.005165,0.006044,0.006008,0.003751,1851.96,26569682800.00,6849
2014-04-09,0.011291,0.011224,0.010445,0.010376,0.010918,1872.18,26869611100.00,6850
2014-04-10,-0.020774,-0.020783,-0.017922,-0.017969,-0.020885,1833.08,26321499800.00,6856
2014-04-11,-0.009794,-0.009890,-0.009547,-0.009750,-0.009487,1815.69,26065842100.00,6860
2014-04-14,0.006520,0.006514,0.000249,0.000226,0.008217,1830.61,26235800500.00,6861
2014-04-15,0.005170,0.005153,-0.001758,-0.001853,0.006757,1842.98,26374821900.00,6864
2014-04-16,0.010627,0.010606,0.009288,0.009261,0.010488,1862.31,26661959000.00,6867
2014-04-17,0.002272,0.002237,0.004201,0.004192,0.001364,1864.85,26727666900.00,6871
2014-04-21,0.003484,0.003465,0.004051,0.003992,0.003775,1871.89,26819266900.00,6871
2014-04-22,0.005567,0.005517,0.008348,0.008316,0.004092,1879.55,26967835400.00,6870
2014-04-23,-0.002758,-0.002850,-0.003873,-0.003900,-0.002213,1875.39,26890481600.00,6870
2014-04-24,0.000719,0.000689,-0.001431,-0.001459,0.001717,1878.61,26909586000.00,6870
2014-04-25,-0.009470,-0.009473,-0.012122,-0.012139,-0.008096,1863.40,26654037100.00,6871
2014-04-28,0.001060,0.000931,-0.004227,-0.004323,0.003236,1869.43,26678690400.00,6871
2014-04-29,0.005627,0.005586,0.002765,0.002704,0.004761,1878.33,26829954600.00,6870
2014-04-30,0.003405,0.003343,0.002607,0.002554,0.002992,1883.95,26921957000.00,6868
2014-05-01,0.000772,0.000668,0.000715,0.000566,-0.000143,1883.68,26926529600.00,6866
2014-05-02,-0.000260,-0.000272,0.000884,0.000828,-0.001348,1881.14,26920478100.00,6870
2014-05-05,0.001302,0.001235,-0.000247,-0.000290,0.001871,1884.66,26953856800.00,6869
2014-05-06,-0.008724,-0.008781,-0.009108,-0.009160,-0.008988,1867.72,26717904800.00,6869
2014-05-07,0.004403,0.004047,-0.002716,-0.002818,0.005616,1878.21,26819452900.00,6871
2014-05-08,-0.002682,-0.002892,-0.007151,-0.007281,-0.001374,1875.63,26743875700.00,6875
2014-05-09,0.001571,0.001443,0.003307,0.003284,0.001519,1878.48,26782685500.00,6880
2014-05-12,0.011167,0.011090,0.014883,0.014851,0.009673,1896.65,27079260600.00,6881
2014-05-13,-0.000666,-0.000886,-0.003102,-0.003398,0.000422,1897.45,27055875200.00,6880
2014-05-14,-0.004726,-0.004868,-0.006852,-0.006971,-0.004701,1888.53,26925558900.00,6881
2014-05-15,-0.008375,-0.008526,-0.006830,-0.006930,-0.009362,1870.85,26696718000.00,6884
2014-05-16,0.003401,0.003375,0.003325,0.003235,0.003747,1877.86,26788433400.00,6886
2014-05-19,0.004287,0.004233,0.005823,0.005789,0.003845,1885.08,26902035900.00,6885
2014-05-20,-0.006933,-0.006977,-0.007937,-0.008011,-0.006498,1872.83,26715165900.00,6886
2014-05-21,0.007421,0.007305,0.004290,0.004181,0.008116,1888.03,26911270300.00,6887
2014-05-22,0.003498,0.003398,0.005598,0.005552,0.002362,1892.49,27003567900.00,6889
2014-05-23,0.004761,0.004699,0.006622,0.006551,0.004248,1900.53,27132649700.00,6892
2014-05-27,0.005896,0.005887,0.007250,0.007232,0.005988,1911.91,27292645800.00,6893
2014-05-28,-0.001316,-0.001476,-0.000426,-0.000578,-0.001114,1909.78,27254598300.00,6895
2014-05-29,0.004918,0.004814,0.003798,0.003742,0.005367,1920.03,27387056600.00,6902
2014-05-30,0.000641,0.000634,-0.002478,-0.002497,0.001844,1923.57,27406278400.00,6900
2014-06-02,0.000707,0.000599,-0.002722,-0.002823,0.000728,1924.97,27419710900.00,6898
2014-06-03,-0.000369,-0.000406,-0.002286,-0.002311,-0.000379,1924.24,27408946300.00,6900
2014-06-04,0.002554,0.002410,0.002550,0.002413,0.001892,1927.88,27473813200.00,6900
2014-06-05,0.007261,0.007198,0.011053,0.011009,0.006525,1940.46,27671615300.00,6907
2014-06-06,0.005115,0.005003,0.007430,0.007394,0.004628,1949.44,27811738100.00,6909
2014-06-09,0.001870,0.001836,0.005748,0.005692,0.000939,1951.27,27862837700.00,6901
2014-06-10,-0.000362,-0.000406,0.000606,0.000512,-0.000246,1950.79,27841358500.00,6900
2014-06-11,-0.003074,-0.003216,-0.001367,-0.001619,-0.003537,1943.89,27750621000.00,6898
2014-06-12,-0.005675,-0.005976,-0.002297,-0.002550,-0.007089,1930.11,27587157800.00,6913
2014-06-13,0.003056,0.003037,0.001781,0.001746,0.003135,1936.16,27680337900.00,6918
2014-06-16,0.001411,0.001403,0.002006,0.001972,0.000837,1937.78,27719200700.00,6916
2014-06-17,0.002951,0.002931,0.004991,0.004939,0.002173,1941.99,27801275200.00,6918
2014-06-18,0.006963,0.006930,0.005413,0.005336,0.007719,1956.98,27998962000.00,6927
2014-06-19,0.001678,0.001576,0.002033,0.001946,0.001277,1959.48,28046760300.00,6928
2014-06-20,0.002081,0.001998,0.001486,0.001283,0.001730,1962.87,28108315400.00,6930
2014-06-23,0.000131,0.000097,-0.000423,-0.000519,-0.000132,1962.61,28110111300.00,6928
2014-06-24,-0.006979,-0.007149,-0.006623,-0.006842,-0.006435,1949.98,27909199400.00,6929
2014-06-25,0.005115,0.004947,0.004375,0.004127,0.004897,1959.53,28048913600.00,6933
2014-06-26,-0.000561,-0.000775,0.000407,0.000115,-0.001179,1957.22,28030893600.00,6937
2014-06-27,0.002890,0.002832,0.005283,0.005232,0.001911,1960.96,28109928400.00,6941
2014-06-30,0.001035,0.000973,0.002778,0.002748,-0.000372,1960.23,28165010700.00,6942
2014-07-01,0.006789,0.006642,0.007202,0.007053,0.006678,1973.32,28325095600.00,6946
2014-07-02,-0.000317,-0.000375,-0.000838,-0.000904,0.000659,1974.62,28314383100.00,6948
2014-07-03,0.004968,0.004959,0.003767,0.003753,0.005480,1985.44,28454830600.00,6948
2014-07-07,-0.006110,-0.006168,-0.009967,-0.009980,-0.003924,1977.65,28278878100.00,6946
2014-07-08,-0.007345,-0.007534,-0.009708,-0.009758,-0.007049,1963.71,28066583200.00,6947
2014-07-09,0.004480,0.004414,0.002268,0.002184,0.004644,1972.83,28191416000.00,6947
2014-07-10,-0.004858,-0.004863,-0.006661,-0.006689,-0.004131,1964.68,28054739700.00,6950
2014-07-11,0.000777,0.000688,0.000505,0.000322,0.001471,1967.57,28074983300.00,6949
2014-07-14,0.004563,0.004559,0.003811,0.003800,0.004844,1977.10,28203077600.00,6949
2014-07-15,-0.003284,-0.003294,-0.006740,-0.006787,-0.001932,1973.28,28110814400.00,6951
2014-07-16,0.003751,0.003666,0.000775,0.000722,0.004201,1981.57,28211601500.00,6949
2014-07-17,-0.010966,-0.011031,-0.010541,-0.010573,-0.011834,1958.12,27904595000.00,6949
2014-07-18,0.010250,0.010245,0.009656,0.009654,0.010265,1978.22,28213041900.00,6954
2014-07-21,-0.002171,-0.002193,-0.001821,-0.001839,-0.002320,1973.63,28150335200.00,6950
2014-07-22,0.005105,0.005064,0.005685,0.005622,0.005016,1983.53,28294148400.00,6952
2014-07-23,0.001843,0.001822,0.001143,0.001109,0.001754,1987.01,28342218000.00,6953
2014-07-24,0.000244,0.000216,-0.000737,-0.000765,0.000488,1987.98,28346337400.00,6958
2014-07-25,-0.005025,-0.005038,-0.004408,-0.004455,-0.004849,1978.34,28205292900.00,6962
2014-07-28,-0.000513,-0.000517,-0.002544,-0.002557,0.000288,1978.91,28191965500.00,6963
2014-07-29,-0.003659,-0.003772,-0.000656,-0.000749,-0.004528,1969.95,28087387000.00,6968
2014-07-30,0.000540,0.000376,0.001238,0.001168,0.000061,1970.07,28098478900.00,6969
2014-07-31,-0.019359,-0.019455,-0.016042,-0.016129,-0.019999,1930.67,27586823300.00,6975
2014-08-01,-0.003442,-0.003484,-0.004325,-0.004424,-0.002859,1925.15,27500036800.00,6981
2014-08-04,0.007129,0.007112,0.004569,0.004535,0.007189,1938.99,27694787800.00,6983
2014-08-05,-0.008884,-0.008969,-0.004639,-0.004699,-0.009685,1920.21,27447883200.00,6986
2014-08-06,0.000300,0.000019,0.002049,0.001971,0.000016,1920.24,27451194200.00,6986
2014-08-07,-0.004897,-0.005092,-0.003772,-0.003902,-0.005557,1909.57,27305432900.00,6991
2014-08-08,0.010292,0.010265,0.007341,0.007308,0.011531,1931.59,27586056300.00,6994
2014-08-11,0.004768,0.004648,0.007579,0.007560,0.002759,1936.92,27713807500.00,6990
2014-08-12,-0.002199,-0.002243,-0.003681,-0.003753,-0.001637,1933.75,27651782100.00,6993
2014-08-13,0.006608,0.006385,0.005093,0.004796,0.006707,1946.72,27829020200.00,6989
2014-08-14,0.004202,0.004125,0.002515,0.002422,0.004346,1955.18,27944460600.00,6993
2014-08-15,0.000294,0.000198,-0.000418,-0.000499,-0.000061,1955.06,27944498700.00,6992
2014-08-18,0.008519,0.008470,0.008572,0.008532,0.008532,1971.74,28177798200.00,6987
2014-08-19,0.004715,0.004562,0.003095,0.003054,0.005001,1981.60,28308161800.00,6987
2014-08-20,0.001985,0.001916,-0.001684,-0.001808,0.002478,1986.51,28363039500.00,6985
2014-08-21,0.002461,0.002435,0.001526,0.001489,0.002950,1992.37,28432144600.00,6984
2014-08-22,-0.001445,-0.001528,0.000202,0.000186,-0.001993,1988.40,28389134500.00,6986
2014-08-25,0.004550,0.004523,0.002831,0.002801,0.004788,1997.92,28517782500.00,6986
2014-08-26,0.002181,0.002170,0.004296,0.004283,0.001051,2000.02,28579996700.00,6987
2014-08-27,0.000623,0.000439,0.000708,0.000577,0.000050,2000.12,28593666700.00,6998
2014-08-28,-0.001806,-0.001914,-0.002425,-0.002484,-0.001690,1996.74,28539177600.00,6995
2014-08-29,0.003800,0.003738,0.005008,0.004982,0.003320,2003.37,28633346700.00,6995
2014-09-02,0.000031,-0.000037,0.001711,0.001618,-0.000544,2002.28,28632640000.00,6993
2014-09-03,-0.000580,-0.000717,-0.001910,-0.001975,-0.000779,2000.72,28612609300.00,6994
2014-09-04,-0.002383,-0.002435,-0.003331,-0.003374,-0.001534,1997.65,28542317100.00,6994
2014-09-05,0.004375,0.004349,0.002325,0.002304,0.005036,2007.71,28666704000.00,6994
2014-09-08,-0.002774,-0.002909,0.000711,0.000665,-0.003073,2001.54,28584231400.00,6992
2014-09-09,-0.006316,-0.006331,-0.007138,-0.007156,-0.006545,1988.44,28398378600.00,6989
2014-09-10,0.003339,0.003244,0.002361,0.002234,0.003646,1995.69,28490479300.00,6991
2014-09-11,0.001306,0.001030,0.001528,0.001183,0.000882,1997.45,28519348700.00,6991
2014-09-12,-0.006588,-0.006615,-0.005937,-0.006008,-0.005963,1985.54,28327993100.00,6994
2014-09-15,-0.002888,-0.002897,-0.008128,-0.008163,-0.000710,1984.13,28246964000.00,6993
2014-09-16,0.007016,0.006999,0.002691,0.002629,0.007484,1998.98,28444899100.00,6993
2014-09-17,0.000797,0.000765,0.000746,0.000647,0.001296,2001.57,28467538800.00,6998
2014-09-18,0.004516,0.004401,0.001232,0.001191,0.004891,2011.36,28593186800.00,7003
2014-09-19,-0.002366,-0.002445,-0.005404,-0.005559,-0.000477,2010.40,28523831400.00,7000
2014-09-22,-0.010079,-0.010108,-0.012408,-0.012492,-0.008013,1994.29,28233564000.00,7001
2014-09-23,-0.005993,-0.006066,-0.005323,-0.005388,-0.005776,1982.77,28061579500.00,7000
2014-09-24,0.007097,0.006971,0.004422,0.004270,0.007832,1998.30,28281395500.00,7004
2014-09-25,-0.015547,-0.015570,-0.011657,-0.011709,-0.016169,1965.99,27844062200.00,7004
2014-09-26,0.008408,0.008147,0.005849,0.005564,0.008576,1982.85,28054351800.00,7004
2014-09-29,-0.002422,-0.002499,-0.001783,-0.001821,-0.002547,1977.80,27975911400.00,7001
2014-09-30,-0.004091,-0.004133,-0.006147,-0.006171,-0.002786,1972.29,27893175900.00,7000
2014-10-01,-0.012931,-0.013050,-0.012712,-0.012903,-0.013249,1946.16,27530379100.00,7003
2014-10-02,0.000775,0.000718,0.003224,0.003202,0.000005,1946.17,27553660100.00,7010
2014-10-03,0.009096,0.009059,0.004718,0.004702,0.011166,1967.90,27806767700.00,7014
2014-10-06,-0.001582,-0.001609,-0.003940,-0.003952,-0.001565,1964.82,27776326800.00,7012
2014-10-07,-0.014990,-0.014997,-0.012748,-0.012758,-0.015126,1935.10,27359180900.00,7011
2014-10-08,0.015855,0.015622,0.009494,0.009438,0.017462,1968.89,27786848300.00,7013
2014-10-09,-0.021220,-0.021269,-0.019852,-0.019907,-0.020661,1928.21,27199507900.00,7022
2014-10-10,-0.013333,-0.013432,-0.013074,-0.013300,-0.011451,1906.13,26834028900.00,7024
2014-10-13,-0.015501,-0.015501,-0.007357,-0.007357,-0.016468,1874.74,26428137400.00,7023
2014-10-14,0.002321,0.002311,0.002958,0.002918,0.001579,1877.70,26490028800.00,7025
2014-10-15,-0.004483,-0.004564,0.002839,0.002762,-0.008100,1862.49,26370816100.00,7012
2014-10-16,0.003835,0.003809,0.011545,0.011516,0.000145,1862.76,26471652300.00,7015
2014-10-17,0.010813,0.010812,0.003826,0.003813,0.012884,1886.76,26759293800.00,7011
2014-10-20,0.009244,0.009229,0.008011,0.007994,0.009143,1904.01,27005127200.00,7011
2014-10-21,0.019230,0.019217,0.013127,0.013108,0.019575,1941.28,27522540000.00,7009
2014-10-22,-0.008878,-0.008964,-0.009154,-0.009241,-0.007299,1927.11,27277321600.00,7015
2014-10-23,0.012270,0.012208,0.010159,0.010116,0.012303,1950.82,27610867000.00,7019
2014-10-24,0.006013,0.006005,0.001939,0.001933,0.007053,1964.58,27776602700.00,7019
2014-10-27,-0.002172,-0.002179,-0.003801,-0.003817,-0.001502,1961.63,27715314400.00,7019
2014-10-28,0.013743,0.013738,0.016580,0.016550,0.011939,1985.05,28096337900.00,7019
2014-10-29,-0.002246,-0.002425,-0.002074,-0.002195,-0.001385,1982.30,28032842100.00,7024
2014-10-30,0.004987,0.004867,0.003778,0.003695,0.006230,1994.65,28170234100.00,7024
2014-10-31,0.011527,0.011510,0.009145,0.009048,0.011731,2018.05,28485779200.00,7028
2014-11-03,-0.000685,-0.000729,-0.001684,-0.001780,-0.000119,2017.81,28459791100.00,7027
2014-11-04,-0.004628,-0.004642,-0.005727,-0.005750,-0.002830,2012.10,28329313400.00,7027
2014-11-05,0.004889,0.004576,0.001037,0.000911,0.005701,2023.57,28460766500.00,7033
2014-11-06,0.003815,0.003558,0.002064,0.001923,0.003776,2031.21,28565060300.00,7037
2014-11-07,0.001998,0.001866,0.003703,0.003649,0.000350,2031.92,28620476200.00,7043
2014-11-10,0.002723,0.002676,0.001480,0.001411,0.003120,2038.26,28697801700.00,7040
2014-11-11,0.001120,0.001120,0.000563,0.000563,0.000697,2039.68,28729888300.00,7040
2014-11-12,0.000555,0.000306,0.002473,0.002154,-0.000701,2038.25,28743928900.00,7045
2014-11-13,-0.000944,-0.001038,-0.006239,-0.006354,0.000530,2039.33,28710478500.00,7051
2014-11-14,0.001335,0.001230,0.001907,0.001852,0.000240,2039.82,28747973500.00,7052
2014-11-17,-0.000224,-0.000266,-0.004405,-0.004481,0.000735,2041.32,28740576700.00,7052
2014-11-18,0.005501,0.005328,0.004301,0.004207,0.005134,2051.80,28895834100.00,7052
2014-11-19,-0.002373,-0.002432,-0.006283,-0.006397,-0.001501,2048.72,28831194900.00,7054
2014-11-20,0.003302,0.003264,0.006490,0.006445,0.001967,2052.75,28928112500.00,7055
2014-11-21,0.005330,0.005221,0.004875,0.004825,0.005237,2063.50,29087159100.00,7054
2014-11-24,0.003182,0.003156,0.004896,0.004858,0.002864,2069.41,29176223000.00,7051
2014-11-25,-0.000384,-0.000508,-0.000241,-0.000354,-0.001150,2067.03,29161243000.00,7051
2014-11-26,0.002777,0.002502,0.002520,0.002390,0.002806,2072.83,29235620200.00,7054
2014-11-28,-0.006097,-0.006139,-0.013253,-0.013284,-0.002542,2067.56,29082336800.00,7051
2014-12-01,-0.008988,-0.009065,-0.013735,-0.013816,-0.006829,2053.44,28819155200.00,7054
2014-12-02,0.005867,0.005820,0.005457,0.005429,0.006384,2066.55,28987473500.00,7053
2014-12-03,0.005232,0.005021,0.005992,0.005906,0.003765,2074.33,29133939400.00,7052
2014-12-04,-0.002151,-0.002180,-0.004154,-0.004193,-0.001162,2071.92,29066540300.00,7050
2014-12-05,0.001463,0.001456,0.002811,0.002795,0.001665,2075.37,29108812300.00,7052
2014-12-08,-0.009478,-0.009584,-0.014340,-0.014376,-0.007257,2060.31,28821639000.00,7045
2014-12-09,0.001715,0.001680,0.008818,0.008737,-0.000238,2059.82,28869143400.00,7045
2014-12-10,-0.017439,-0.017515,-0.016875,-0.017051,-0.016351,2026.14,28361564300.00,7049
2014-12-11,0.004078,0.003775,0.001751,0.001395,0.004536,2035.33,28476944700.00,7053
2014-12-12,-0.015235,-0.015269,-0.010083,-0.010139,-0.016214,2002.33,28048402000.00,7060
2014-12-15,-0.007671,-0.007710,-0.011454,-0.011525,-0.006343,1989.63,27814190600.00,7054
2014-12-16,-0.005842,-0.005870,-0.001292,-0.001375,-0.008489,1972.74,27648927600.00,7053
2014-12-17,0.021789,0.021662,0.022401,0.022133,0.020352,2012.89,28251038800.00,7057
2014-12-18,0.021547,0.021404,0.014705,0.014597,0.024015,2061.23,28855435200.00,7058
2014-12-19,0.004613,0.004495,0.005261,0.004822,0.004570,2070.65,28985971400.00,7058
2014-12-22,0.003242,0.003058,0.001511,0.001272,0.003810,2078.54,29072131300.00,7054
2014-12-23,0.002198,0.002144,0.000876,0.000750,0.001746,2082.17,29134420000.00,7052
2014-12-24,0.000579,0.000439,0.002258,0.001971,-0.000139,2081.88,29147333800.00,7050
2014-12-26,0.003668,0.003642,0.004967,0.004836,0.003310,2088.77,29242918600.00,7048
2014-12-29,0.001242,0.000968,0.000096,-0.000529,0.000862,2090.57,29272038600.00,7050
2014-12-30,-0.004285,-0.004385,-0.001811,-0.001869,-0.004889,2080.35,29143440200.00,7050
2014-12-31,-0.008784,-0.008789,-0.001034,-0.001084,-0.010311,2058.90,29009736000.00,7046
2015-01-02,-0.000242,-0.000387,0.001470,0.001432,-0.000340,2058.20,28998508800.00,7044
2015-01-05,-0.018276,-0.018328,-0.012534,-0.012630,-0.018278,2020.58,28466712800.00,7042
2015-01-06,-0.009661,-0.009663,-0.010157,-0.010176,-0.008893,2002.61,28190981200.00,7041
2015-01-07,0.011114,0.010908,0.008010,0.007982,0.011630,2025.90,28496958400.00,7047
2015-01-08,0.016844,0.016817,0.013097,0.013030,0.017888,2062.14,28976347300.00,7047
2015-01-09,-0.007545,-0.007551,-0.004116,-0.004126,-0.008404,2044.81,28758886500.00,7030
2015-01-12,-0.007783,-0.007786,-0.004682,-0.004698,-0.008094,2028.26,28535363700.00,7028
2015-01-13,-0.002264,-0.002374,-0.002489,-0.002699,-0.002579,2023.03,28458870800.00,7023
2015-01-14,-0.005222,-0.005249,-0.003887,-0.003931,-0.005813,2011.27,28306661600.00,7024
2015-01-15,-0.009182,-0.009205,-0.010573,-0.010606,-0.009248,1992.67,28046909900.00,7030
2015-01-16,0.013841,0.013827,0.012365,0.012351,0.013424,2019.42,28433901300.00,7031
2015-01-20,0.000251,0.000225,-0.003440,-0.003478,0.001550,2022.55,28376211600.00,7029
2015-01-21,0.004549,0.004454,0.001028,0.000927,0.004732,2032.12,28502573200.00,7030
2015-01-22,0.014704,0.014664,0.010969,0.010948,0.015270,2063.15,28912425800.00,7029
2015-01-23,-0.004203,-0.004203,-0.002662,-0.002666,-0.005492,2051.82,28793082300.00,7030
2015-01-26,0.004403,0.004396,0.007376,0.007364,0.002568,2057.09,28920723700.00,7029
2015-01-27,-0.010008,-0.010010,-0.001498,-0.001501,-0.013388,2029.55,28586333100.00,7027
2015-01-28,-0.014065,-0.014236,-0.012663,-0.012792,-0.013496,2002.16,28179334500.00,7029
2015-01-29,0.008482,0.008376,0.006215,0.006129,0.009535,2021.25,28417994400.00,7031
2015-01-30,-0.012152,-0.012174,-0.009641,-0.009683,-0.012992,1994.99,28110203600.00,7035
2015-02-02,0.012223,0.012177,0.008777,0.008705,0.012963,2020.85,28446374900.00,7036
2015-02-03,0.015024,0.014993,0.015437,0.015398,0.014440,2050.03,28854231700.00,7033
2015-02-04,-0.004439,-0.004710,-0.004505,-0.004626,-0.004156,2041.51,28721403500.00,7033
2015-02-05,0.011508,0.011235,0.011660,0.011554,0.010291,2062.52,29045302800.00,7038
2015-02-06,-0.003588,-0.003777,-0.002860,-0.002919,-0.003418,2055.47,28932009100.00,7039
2015-02-09,-0.004087,-0.004121,-0.001987,-0.002006,-0.004247,2046.74,28813128900.00,7039
2015-02-10,0.008608,0.008563,0.002268,0.002192,0.010676,2068.59,29058991500.00,7041
2015-02-11,-0.000366,-0.000662,-0.001283,-0.001595,-0.000029,2068.53,29040153000.00,7038
2015-02-12,0.010427,0.010233,0.009910,0.009818,0.009645,2088.48,29337737400.00,7038
2015-02-13,0.004733,0.004668,0.007138,0.007091,0.004075,2096.99,29473142200.00,7041
2015-02-17,0.001747,0.001637,0.002174,0.002102,0.001598,2100.34,29518005900.00,7039
2015-02-18,0.000119,0.000041,0.002182,0.002042,-0.000314,2099.68,29520911100.00,7038
2015-02-19,-0.001016,-0.001163,0.000437,0.000384,-0.001062,2097.45,29480895200.00,7037
2015-02-20,0.005709,0.005624,0.001811,0.001785,0.006126,2110.30,29648800900.00,7037
2015-02-23,-0.000652,-0.000679,-0.002192,-0.002225,-0.000303,2109.66,29624357500.00,7035
2015-02-24,0.002294,0.002273,0.003274,0.003263,0.002759,2115.48,29692816100.00,7036
2015-02-25,0.000697,0.000537,0.003327,0.003203,-0.000766,2113.86,29706504700.00,7036
2015-02-26,-0.001540,-0.001683,-0.000219,-0.000319,-0.001476,2110.74,29664478000.00,7041
2015-02-27,-0.002605,-0.002623,-0.001387,-0.001439,-0.002956,2104.50,29599694700.00,7043
2015-03-02,0.005491,0.005398,0.003498,0.003375,0.006125,2117.39,29755980900.00,7041
2015-03-03,-0.004050,-0.004066,-0.003166,-0.003185,-0.004539,2107.78,29633219900.00,7041
2015-03-04,-0.003780,-0.003924,-0.002645,-0.002701,-0.004389,2098.53,29518038800.00,7042
2015-03-05,0.001631,0.001579,0.002445,0.002391,0.001196,2101.04,29564726900.00,7042
2015-03-06,-0.013852,-0.013957,-0.010881,-0.010930,-0.014174,2071.26,29152841000.00,7043
2015-03-09,0.002862,0.002776,-0.000853,-0.000898,0.003944,2079.43,29233957200.00,7044
2015-03-10,-0.015500,-0.015566,-0.012272,-0.012389,-0.016961,2044.16,28779085400.00,7042
2015-03-11,-0.000191,-0.000390,0.002088,0.001805,-0.001918,2040.24,28767722200.00,7042
2015-03-12,0.011981,0.011765,0.009584,0.009437,0.012602,2065.95,29099632600.00,7050
2015-03-13,-0.005527,-0.005562,-0.004493,-0.004584,-0.006075,2053.40,28935281300.00,7049
2015-03-16,0.011765,0.011749,0.002426,0.002401,0.013534,2081.19,29271800200.00,7047
2015-03-17,-0.001752,-0.001761,0.000823,0.000767,-0.003320,2074.28,29136263200.00,7048
2015-03-18,0.012080,0.012044,0.010275,0.010123,0.012158,2099.50,29487561500.00,7049
2015-03-19,-0.004553,-0.004583,-0.001078,-0.001137,-0.004873,2089.27,29351300000.00,7044
2015-03-20,0.009388,0.009312,0.007195,0.007055,0.009013,2108.10,29628076400.00,7046
2015-03-23,-0.000947,-0.000996,0.003383,0.003323,-0.001746,2104.42,29598727600.00,7042
2015-03-24,-0.004568,-0.004626,0.000194,0.000170,-0.006139,2091.50,29462588700.00,7047
2015-03-25,-0.014691,-0.014824,-0.013047,-0.013217,-0.014559,2061.05,29027042300.00,7047
2015-03-26,-0.002223,-0.002251,-0.002229,-0.002255,-0.002377,2056.15,28962584800.00,7049
2015-03-27,0.002468,0.002232,0.002272,0.002004,0.002369,2061.02,29026724700.00,7051
2015-03-30,0.011519,0.011441,0.006821,0.006734,0.012237,2086.24,29357508900.00,7049
2015-03-31,-0.007119,-0.007193,-0.003535,-0.003589,-0.008796,2067.89,29231349700.00,7051
2015-04-01,-0.002676,-0.002790,0.001036,0.000877,-0.003965,2059.69,29140604900.00,7051
2015-04-02,0.004004,0.003929,0.004717,0.004673,0.003530,2066.96,29252455000.00,7049
2015-04-06,0.006577,0.006568,0.006032,0.006024,0.006609,2080.62,29443994300.00,7048
2015-04-07,-0.002134,-0.002163,0.000123,0.000103,-0.002062,2076.33,29382079400.00,7048
2015-04-08,0.003582,0.003333,0.004545,0.004481,0.002683,2081.90,29481008800.00,7049
2015-04-09,0.003365,0.003337,0.001321,0.001242,0.004457,2091.18,29579990900.00,7055
2015-04-10,0.004585,0.004582,0.003480,0.003472,0.005203,2102.06,29707398000.00,7055
2015-04-13,-0.003718,-0.003803,-0.000350,-0.000543,-0.004581,2092.43,29595267900.00,7051
2015-04-14,0.001885,0.001875,0.003114,0.003079,0.001630,2095.84,29651012300.00,7052
2015-04-15,0.006183,0.006169,0.008043,0.007962,0.005148,2106.63,29835407900.00,7054
2015-04-16,-0.000422,-0.000446,0.000410,0.000381,-0.000778,2104.99,29830101300.00,7061
2015-04-17,-0.011294,-0.011302,-0.010509,-0.010519,-0.011311,2081.18,29492535900.00,7062
2015-04-20,0.008077,0.008050,0.005606,0.005584,0.009235,2100.40,29729512600.00,7060
2015-04-21,-0.001010,-0.001059,-0.000228,-0.000298,-0.001481,2097.29,29699105800.00,7061
2015-04-22,0.004142,0.004090,0.001945,0.001907,0.005088,2107.96,29821705700.00,7063
2015-04-23,0.003555,0.003475,0.005482,0.005459,0.002358,2112.93,29926532000.00,7064
2015-04-24,0.001163,0.001158,-0.000624,-0.000635,0.002253,2117.69,29961383200.00,7065
2015-04-27,-0.004791,-0.004795,-0.006117,-0.006122,-0.004141,2108.92,29815169100.00,7065
2015-04-28,0.002456,0.002330,0.002983,0.002906,0.002769,2114.76,29883450900.00,7063
2015-04-29,-0.003923,-0.004006,-0.004960,-0.005035,-0.003740,2106.85,29763234800.00,7064
2015-04-30,-0.010676,-0.010736,-0.011719,-0.011785,-0.010129,2085.51,29466902400.00,7069
2015-05-01,0.009290,0.009243,0.004734,0.004622,0.010923,2108.29,29741927300.00,7069
2015-05-04,0.002961,0.002954,0.003472,0.003435,0.002941,2114.49,29829271900.00,7067
2015-05-05,-0.011551,-0.011640,-0.009817,-0.009871,-0.011837,2089.46,29478352700.00,7066
2015-05-06,-0.003354,-0.003675,-0.002460,-0.002558,-0.004456,2080.15,29369864700.00,7069
2015-05-07,0.003347,0.003134,0.000738,0.000595,0.003774,2088.00,29464198200.00,7073
2015-05-08,0.012083,0.012064,0.008229,0.008196,0.013458,2116.10,29811080500.00,7073
2015-05-11,-0.003980,-0.004180,-0.000927,-0.000986,-0.005090,2105.33,29686723600.00,7072
2015-05-12,-0.002240,-0.002289,-0.001242,-0.001313,-0.002950,2099.12,29598170900.00,7073
2015-05-13,0.000185,-0.000028,0.001063,0.000741,-0.000305,2098.48,29617410800.00,7078
2015-05-14,0.009713,0.009608,0.006334,0.006228,0.010779,2121.10,29901992400.00,7081
2015-05-15,0.001057,0.000968,0.001810,0.001758,0.000768,2122.73,29919751400.00,7081
2015-05-18,0.003342,0.003282,0.003156,0.003105,0.003048,2129.20,30025079100.00,7083
2015-05-19,-0.001352,-0.001502,-0.003869,-0.003919,-0.000643,2127.83,29978012700.00,7081
2015-05-20,-0.000317,-0.000407,0.001341,0.001217,-0.000931,2125.85,29967810000.00,7082
2015-05-21,0.002465,0.002365,0.000886,0.000829,0.002338,2130.82,30040578400.00,7085
2015-05-22,-0.002200,-0.002260,-0.001794,-0.001827,-0.002234,2126.06,29972316100.00,7085
2015-05-26,-0.010462,-0.010475,-0.009333,-0.009355,-0.010282,2104.20,29638738400.00,7085
2015-05-27,0.008653,0.008495,0.006229,0.006114,0.009163,2123.48,29890483300.00,7087
2015-05-28,-0.001203,-0.001341,-0.001047,-0.001135,-0.001267,2120.79,29850593700.00,7093
2015-05-29,-0.005829,-0.005850,-0.002778,-0.002801,-0.006318,2107.39,29658765800.00,7094
2015-06-01,0.001528,0.001435,0.000291,0.000205,0.002059,2111.73,29700872900.00,7098
2015-06-02,0.000372,0.000330,0.004341,0.004321,-0.001009,2109.60,29713828000.00,7102
2015-06-03,0.002647,0.002506,0.004534,0.004436,0.002119,2114.07,29788486700.00,7102
2015-06-04,-0.008883,-0.008899,-0.007436,-0.007461,-0.008623,2095.84,29524017800.00,7104
2015-06-05,-0.000015,-0.000060,0.002866,0.002848,-0.001436,2092.83,29523046000.00,7105
2015-06-08,-0.006516,-0.006643,-0.003738,-0.003784,-0.006474,2079.28,29329224900.00,7103
2015-06-09,-0.000033,-0.000072,-0.002465,-0.002574,0.000418,2080.15,29274149900.00,7103
2015-06-10,0.011505,0.011433,0.009196,0.009119,0.012042,2105.20,29663273000.00,7108
2015-06-11,0.001897,0.001616,0.000958,0.000631,0.001739,2108.86,29711935300.00,7111
2015-06-12,-0.006154,-0.006217,-0.001977,-0.002054,-0.006994,2094.11,29506524500.00,7111
2015-06-15,-0.004048,-0.004069,-0.002191,-0.002228,-0.004622,2084.43,29387048100.00,7112
2015-06-16,0.004953,0.004934,0.002474,0.002353,0.005690,2096.29,29532444600.00,7111
2015-06-17,0.001723,0.001698,0.000426,0.000337,0.001980,2100.44,29583776800.00,7113
2015-06-18,0.009278,0.009164,0.006357,0.006284,0.009903,2121.24,29860127800.00,7118
2015-06-19,-0.004858,-0.004937,-0.003150,-0.003390,-0.005304,2109.99,29713916400.00,7120
2015-06-22,0.005845,0.005805,0.005036,0.004916,0.006095,2122.85,29892160300.00,7117
2015-06-23,0.001287,0.001229,0.002622,0.002597,0.000636,2124.20,29916726000.00,7121
2015-06-24,-0.007414,-0.007515,-0.006447,-0.006784,-0.007353,2108.58,29692771700.00,7123
2015-06-25,-0.002654,-0.002789,-0.002799,-0.002987,-0.002974,2102.31,29618379300.00,7133
2015-06-26,-0.000814,-0.001116,-0.004220,-0.004508,-0.000390,2101.49,29578058400.00,7139
2015-06-29,-0.021502,-0.021576,-0.020715,-0.020756,-0.020866,2057.64,28943332400.00,7139
2015-06-30,0.002975,0.002925,0.004032,0.003974,0.002658,2063.11,29053861000.00,7140
2015-07-01,0.005472,0.005283,-0.000107,-0.000291,0.006936,2077.42,29200515900.00,7157
2015-07-02,-0.000554,-0.000610,-0.002090,-0.002141,-0.000308,2076.78,29180966800.00,7160
2015-07-06,-0.004518,-0.004548,-0.006921,-0.006939,-0.003862,2068.76,29090094600.00,7159
2015-07-07,0.004976,0.004943,-0.002198,-0.002209,0.006081,2081.34,29225398100.00,7162
2015-07-08,-0.016512,-0.016717,-0.016730,-0.016785,-0.016653,2046.68,28733180400.00,7162
2015-07-09,0.002742,0.002724,0.006798,0.006725,0.002262,2051.31,28813336500.00,7168
2015-07-10,0.012674,0.012669,0.011929,0.011915,0.012339,2076.62,29178427700.00,7169
2015-07-13,0.010250,0.010164,0.007893,0.007710,0.011066,2099.60,29474449200.00,7167
2015-07-14,0.004722,0.004713,0.004570,0.004530,0.004453,2108.95,29616795100.00,7172
2015-07-15,-0.002478,-0.002505,-0.006609,-0.006676,-0.000735,2107.40,29543486500.00,7172
2015-07-16,0.006972,0.006949,0.004370,0.004296,0.008015,2124.29,29751669400.00,7179
2015-07-17,-0.000638,-0.000639,-0.004242,-0.004248,0.001106,2126.64,29733733900.00,7182
2015-07-20,-0.001222,-0.001240,-0.009278,-0.009293,0.000771,2128.28,29697822300.00,7184
2015-07-21,-0.004063,-0.004090,-0.001765,-0.001793,-0.004262,2119.21,29574782700.00,7184
2015-07-22,-0.002359,-0.002444,-0.003043,-0.003140,-0.002388,2114.15,29509171800.00,7188
2015-07-23,-0.005452,-0.005551,-0.006047,-0.006077,-0.005676,2102.15,29346177600.00,7190
2015-07-24,-0.010027,-0.010030,-0.010380,-0.010390,-0.010703,2079.65,29038630700.00,7189
2015-07-27,-0.007086,-0.007089,-0.009776,-0.009791,-0.005775,2067.64,28786524200.00,7188
2015-07-28,0.012261,0.012254,0.007969,0.007951,0.012386,2093.25,29142226600.00,7190
2015-07-29,0.007577,0.007413,0.006651,0.006540,0.007319,2108.57,29358174500.00,7189
2015-07-30,0.000803,0.000691,-0.000556,-0.000658,0.000028,2108.63,29377685300.00,7191
2015-07-31,-0.000764,-0.000786,0.002575,0.002535,-0.002272,2103.84,29397941500.00,7194
2015-08-03,-0.003671,-0.003701,-0.006866,-0.006974,-0.002757,2098.04,29283175600.00,7190
2015-08-04,-0.001717,-0.001794,-0.000996,-0.001044,-0.002250,2093.32,29230657100.00,7193
2015-08-05,0.002575,0.002241,-0.000443,-0.000570,0.003115,2099.84,29298164100.00,7196
2015-08-06,-0.007848,-0.008068,-0.006120,-0.006224,-0.007753,2083.56,29063391100.00,7196
2015-08-07,-0.003275,-0.003306,-0.004483,-0.004517,-0.002875,2077.57,28960023800.00,7195
2015-08-10,0.013132,0.013111,0.012890,0.012848,0.012808,2104.18,29340092600.00,7195
2015-08-11,-0.009257,-0.009393,-0.008293,-0.008391,-0.009557,2084.07,29064800800.00,7196
2015-08-12,0.000704,0.000482,0.001230,0.000909,0.000950,2086.05,29079562600.00,7201
2015-08-13,-0.002045,-0.002185,-0.003473,-0.003645,-0.001275,2083.39,29014781200.00,7201
2015-08-14,0.003786,0.003760,0.002694,0.002639,0.003912,2091.54,29124658000.00,7201
2015-08-17,0.005742,0.005605,0.003814,0.003741,0.005211,2102.44,29287509500.00,7202
2015-08-18,-0.003505,-0.003644,-0.005699,-0.005782,-0.002626,2096.92,29170751400.00,7199
2015-08-19,-0.008794,-0.008850,-0.007953,-0.008041,-0.008255,2079.61,28912478100.00,7212
2015-08-20,-0.021636,-0.021653,-0.018719,-0.018838,-0.021100,2035.73,28286154700.00,7212
2015-08-21,-0.028014,-0.028126,-0.015817,-0.015861,-0.031851,1970.89,27488879900.00,7214
2015-08-24,-0.038574,-0.038601,-0.034964,-0.035165,-0.039414,1893.21,26425439100.00,7197
2015-08-25,-0.010297,-0.010311,-0.000296,-0.000310,-0.013522,1867.61,26152833400.00,7199
2015-08-26,0.033787,0.033715,0.015986,0.015935,0.039034,1940.51,27031916400.00,7200
2015-08-27,0.024411,0.024308,0.023381,0.023290,0.024298,1987.66,27688429600.00,7198
2015-08-28,0.002532,0.002425,0.009613,0.009529,0.000609,1988.87,27747827200.00,7198
2015-08-31,-0.007265,-0.007349,0.001207,0.001180,-0.008392,1972.18,27519743700.00,7197
2015-09-01,-0.028174,-0.028237,-0.020325,-0.020408,-0.029576,1913.85,26742461100.00,7195
2015-09-02,0.016353,0.016209,0.008658,0.008574,0.018293,1948.86,27175316700.00,7193
2015-09-03,0.001834,0.001791,0.002044,0.002013,0.001165,1951.13,27208534600.00,7195
2015-09-04,-0.013754,-0.013816,-0.007374,-0.007397,-0.015330,1921.22,26831243200.00,7193
2015-09-08,0.023691,0.023584,0.015953,0.015893,0.025083,1969.41,27464414200.00,7193
2015-09-09,-0.012783,-0.012874,-0.007957,-0.008108,-0.013898,1942.04,27110828100.00,7193
2015-09-10,0.004395,0.004324,0.002675,0.002605,0.005278,1952.29,27228449000.00,7189
2015-09-11,0.003428,0.003138,0.000354,0.000049,0.004487,1961.05,27313976900.00,7186
2015-09-14,-0.004221,-0.004284,-0.004764,-0.004847,-0.004090,1953.03,27197508600.00,7186
2015-09-15,0.011419,0.011402,0.007199,0.007133,0.012831,1978.09,27507953200.00,7186
2015-09-16,0.009522,0.009485,0.010275,0.010060,0.008705,1995.31,27769383600.00,7186
2015-09-17,-0.000704,-0.000820,0.003943,0.003863,-0.002561,1990.20,27746079000.00,7187
2015-09-18,-0.015322,-0.015467,-0.005291,-0.005464,-0.016164,1958.03,27318963700.00,7189
2015-09-21,0.003336,0.003295,-0.002790,-0.002913,0.004566,1966.97,27408409500.00,7185
2015-09-22,-0.013653,-0.013678,-0.013912,-0.013980,-0.012318,1942.74,27033842000.00,7184
2015-09-23,-0.003487,-0.003573,-0.005808,-0.005946,-0.002049,1938.76,26936950900.00,7184
2015-09-24,-0.003706,-0.003726,-0.002068,-0.002108,-0.003363,1932.24,26836502500.00,7187
2015-09-25,-0.002118,-0.002237,-0.009678,-0.009781,-0.000466,1931.34,26772244100.00,7189
2015-09-28,-0.027043,-0.027365,-0.025937,-0.026240,-0.025666,1881.77,26040423100.00,7190
2015-09-29,-0.000916,-0.000971,-0.006672,-0.006725,0.001233,1884.09,26014628000.00,7198
2015-09-30,0.019430,0.019381,0.014167,0.014116,0.019076,1920.03,26517581700.00,7201
2015-10-01,0.001947,0.001860,-0.001709,-0.001856,0.001974,1923.82,26564037600.00,7204
2015-10-02,0.015168,0.015052,0.016154,0.016132,0.014315,1951.36,26963567500.00,7204
2015-10-05,0.018766,0.018729,0.021300,0.021283,0.018290,1987.05,27467795500.00,7200
2015-10-06,-0.003110,-0.003136,0.002237,0.002214,-0.003588,1979.92,27381834800.00,7198
2015-10-07,0.009818,0.009518,0.011847,0.011753,0.008036,1995.83,27643238900.00,7202
2015-10-08,0.008529,0.008506,0.009248,0.009198,0.008818,2013.43,27875260200.00,7205
2015-10-09,0.001438,0.001411,0.003569,0.003556,0.000725,2014.89,27898226200.00,7205
2015-10-12,-0.000202,-0.000202,-0.002936,-0.002936,0.001276,2017.46,27891972700.00,7201
2015-10-13,-0.007799,-0.007894,-0.009081,-0.009305,-0.006825,2003.69,27672144500.00,7201
2015-10-14,-0.004294,-0.004343,-0.003052,-0.003112,-0.004716,1994.24,27551157100.00,7200
2015-10-15,0.014711,0.014666,0.015938,0.015883,0.014853,2023.86,27957598400.00,7200
2015-10-16,0.003420,0.003418,-0.000365,-0.000452,0.004570,2033.11,28052187000.00,7200
2015-10-19,-0.000678,-0.000689,-0.002570,-0.002585,0.000271,2033.66,28034609100.00,7202
2015-10-20,-0.001171,-0.001191,0.000590,0.000569,-0.001421,2030.77,28001360000.00,7205
2015-10-21,-0.008024,-0.008126,-0.010894,-0.010995,-0.005825,2018.94,27785515200.00,7204
2015-10-22,0.013929,0.013868,0.006549,0.006521,0.016628,2052.51,28171814400.00,7204
2015-10-23,0.009499,0.009493,0.005941,0.005933,0.011030,2075.15,28439641900.00,7205
2015-10-26,-0.002802,-0.002810,-0.005873,-0.005893,-0.001913,2071.18,28360036100.00,7203
2015-10-27,-0.004495,-0.004504,-0.010870,-0.010884,-0.002554,2065.89,28231329500.00,7201
2015-10-28,0.013657,0.013510,0.016547,0.016439,0.011840,2090.35,28604476500.00,7199
2015-10-29,-0.002218,-0.002368,-0.005698,-0.005814,-0.000450,2089.41,28538149900.00,7201
2015-10-30,-0.004004,-0.004019,-0.001223,-0.001270,-0.004810,2079.36,28410069600.00,7199
2015-11-02,0.012446,0.012409,0.015201,0.015110,0.011874,2104.05,28754585600.00,7199
2015-11-03,0.003088,0.003040,0.005961,0.005916,0.002728,2109.79,28843295300.00,7202
2015-11-04,-0.003380,-0.003671,-0.002204,-0.002338,-0.003545,2102.31,28738445200.00,7207
2015-11-05,-0.001396,-0.001563,-0.003209,-0.003334,-0.001132,2099.93,28693160100.00,7208
2015-11-06,-0.000383,-0.000491,0.000608,0.000514,-0.000348,2099.20,28679638200.00,7207
2015-11-09,-0.009594,-0.009762,-0.009097,-0.009181,-0.009823,2078.58,28400310200.00,7210
2015-11-10,0.001286,0.001072,-0.002457,-0.002708,0.001511,2081.72,28431176000.00,7216
2015-11-11,-0.004136,-0.004136,-0.006493,-0.006493,-0.003228,2075.00,28312953100.00,7216
2015-11-12,-0.014519,-0.014722,-0.013508,-0.013717,-0.013990,2045.97,27897097100.00,7219
2015-11-13,-0.009781,-0.009798,-0.005603,-0.005667,-0.011207,2023.04,27624412200.00,7224
2015-11-16,0.013738,0.013607,0.006320,0.006231,0.014903,2053.19,28000853400.00,7223
2015-11-17,-0.001359,-0.001519,-0.004298,-0.004380,-0.001339,2050.44,27957585100.00,7221
2015-11-18,0.015275,0.015198,0.009546,0.009417,0.016162,2083.58,28366477200.00,7220
2015-11-19,-0.000988,-0.001034,-0.000791,-0.000873,-0.001123,2081.24,28338330500.00,7224
2015-11-20,0.003000,0.002884,0.002458,0.002416,0.003810,2089.17,28421365000.00,7226
2015-11-23,-0.000666,-0.000707,0.002187,0.002137,-0.001235,2086.59,28399911600.00,7224
2015-11-24,0.002343,0.002306,0.005631,0.005576,0.001222,2089.14,28465941600.00,7227
2015-11-25,0.001177,0.001064,0.005040,0.004924,-0.000129,2088.87,28495335000.00,7222
2015-11-27,0.000779,0.000595,0.002123,0.002013,0.000594,2090.11,28511821500.00,7222
2015-11-30,-0.003859,-0.003966,-0.000273,-0.000324,-0.004641,2080.41,28386930100.00,7221
2015-12-01,0.009508,0.009417,0.006206,0.006105,0.010681,2102.63,28654739600.00,7222
2015-12-02,-0.010722,-0.010923,-0.009449,-0.009540,-0.010996,2079.51,28341483400.00,7222
2015-12-03,-0.014317,-0.014346,-0.010773,-0.010794,-0.014374,2049.62,27936671300.00,7229
2015-12-04,0.016454,0.016441,0.004067,0.004046,0.020526,2091.69,28388067900.00,7228
2015-12-07,-0.009769,-0.009826,-0.016406,-0.016437,-0.006990,2077.07,28116481300.00,7227
2015-12-08,-0.006113,-0.006191,-0.004607,-0.004654,-0.006490,2063.59,27931460400.00,7227
2015-12-09,-0.006630,-0.006711,-0.004328,-0.004485,-0.007739,2047.62,27738449000.00,7225
2015-12-10,0.002053,0.001954,0.002262,0.002143,0.002251,2052.23,27792891900.00,7224
2015-12-11,-0.019829,-0.020022,-0.019469,-0.019724,-0.019423,2012.37,27258572300.00,7221
2015-12-14,0.001577,0.001523,-0.009599,-0.009664,0.004756,2021.94,27275606800.00,7220
2015-12-15,0.011317,0.011291,0.010133,0.010052,0.010619,2043.41,27580240400.00,7217
2015-12-16,0.014887,0.014802,0.013381,0.013150,0.014515,2073.07,27986471500.00,7219
2015-12-17,-0.014588,-0.014725,-0.008150,-0.008274,-0.015041,2041.89,27577878400.00,7216
2015-12-18,-0.015037,-0.015156,-0.005024,-0.005360,-0.017797,2005.55,27158548500.00,7214
2015-12-21,0.007163,0.006894,0.004597,0.004141,0.007778,2021.15,27343912900.00,7208
2015-12-22,0.008827,0.008749,0.007966,0.007868,0.008817,2038.97,27583284400.00,7210
2015-12-23,0.013678,0.013561,0.016397,0.016169,0.012418,2064.29,27957735100.00,7209
2015-12-24,-0.000839,-0.000948,0.001734,0.001552,-0.001599,2060.99,27927200300.00,7208
2015-12-28,-0.003319,-0.003337,-0.007467,-0.007580,-0.002179,2056.50,27817014200.00,7203
2015-12-29,0.010018,0.009731,0.006102,0.005368,0.010630,2078.36,28087294700.00,7206
2015-12-30,-0.007358,-0.007472,-0.006728,-0.006838,-0.007217,2063.36,27877222800.00,7205
2015-12-31,-0.008181,-0.008207,-0.002015,-0.002054,-0.009412,2043.94,27693609400.00,7206
2016-01-04,-0.014891,-0.015053,-0.012347,-0.012431,-0.015304,2012.66,27268740400.00,7200
2016-01-05,0.001397,0.001394,0.000358,0.000335,0.002012,2016.71,27308831500.00,7199
2016-01-06,-0.013799,-0.014068,-0.013461,-0.013512,-0.013115,1990.26,26924759200.00,7198
2016-01-07,-0.023909,-0.023933,-0.024817,-0.024835,-0.023700,1943.09,26280000800.00,7196
2016-01-08,-0.010935,-0.010940,-0.010280,-0.010301,-0.010838,1922.03,25989784800.00,7194
2016-01-11,-0.001736,-0.001736,-0.011470,-0.011472,0.000853,1923.67,25944430900.00,7194
2016-01-12,0.006081,0.006058,-0.002801,-0.002860,0.007803,1938.68,26105070900.00,7194
2016-01-13,-0.025834,-0.025947,-0.025334,-0.025573,-0.024965,1890.28,25427896300.00,7194
2016-01-14,0.015434,0.015404,0.011798,0.011731,0.016696,1921.84,25818862000.00,7190
2016-01-15,-0.021670,-0.021706,-0.021013,-0.021047,-0.021599,1880.33,25227178400.00,7183
2016-01-19,-0.002414,-0.002421,-0.011550,-0.011694,0.000532,1881.33,25165352200.00,7184
2016-01-20,-0.010584,-0.010704,-0.006012,-0.006123,-0.011694,1859.33,24894939400.00,7182
2016-01-21,0.005654,0.005630,0.009705,0.009687,0.005195,1868.99,25034786300.00,7181
2016-01-22,0.022476,0.022443,0.024274,0.024261,0.020284,1906.90,25587357500.00,7176
2016-01-25,-0.016673,-0.016752,-0.015854,-0.015931,-0.015638,1877.08,25158254300.00,7175
2016-01-26,0.015919,0.015917,0.016783,0.016776,0.014144,1903.63,25558538600.00,7175
2016-01-27,-0.010546,-0.010697,-0.007908,-0.008024,-0.010864,1882.95,25286448000.00,7177
2016-01-28,0.005035,0.004927,0.003096,0.003011,0.005529,1893.36,25402528100.00,7175
2016-01-29,0.024547,0.024504,0.022985,0.022876,0.024760,1940.24,26038944200.00,7173
2016-02-01,-0.000351,-0.000409,-0.001283,-0.001382,-0.000443,1939.38,25961880800.00,7167
2016-02-02,-0.020022,-0.020048,-0.018987,-0.019006,-0.018743,1903.03,25427390700.00,7164
2016-02-03,0.005729,0.005418,0.005886,0.005701,0.004992,1912.53,25566279000.00,7168
2016-02-04,0.003623,0.003412,0.007470,0.007357,0.001527,1915.45,25651627100.00,7166
2016-02-05,-0.019591,-0.019632,-0.017767,-0.017856,-0.018481,1880.05,25147283500.00,7164
2016-02-08,-0.016964,-0.017048,-0.019847,-0.019904,-0.014154,1853.44,24712727500.00,7162
2016-02-09,-0.003067,-0.003224,-0.010316,-0.010396,-0.000664,1852.21,24634062600.00,7164
2016-02-10,0.000273,-0.000009,-0.000341,-0.000660,-0.000189,1851.86,24632020100.00,7159
2016-02-11,-0.011979,-0.012157,-0.010969,-0.011121,-0.012301,1829.08,24332563900.00,7160
2016-02-12,0.020132,0.020049,0.017355,0.017296,0.019518,1864.78,24827350800.00,7158
2016-02-16,0.017684,0.017448,0.018596,0.018522,0.016517,1895.58,25260273500.00,7157
2016-02-17,0.018099,0.017983,0.020475,0.020268,0.016480,1926.82,25715287900.00,7156
2016-02-18,-0.004199,-0.004284,-0.003082,-0.003212,-0.004666,1917.83,25605083100.00,7156
2016-02-19,-0.000231,-0.000351,-0.000172,-0.000193,-0.000026,1917.78,25597204300.00,7154
2016-02-22,0.014305,0.014289,0.014120,0.014076,0.014454,1945.50,25955592300.00,7152
2016-02-23,-0.011789,-0.011836,-0.010400,-0.010437,-0.012454,1921.27,25641516700.00,7151
2016-02-24,0.004963,0.004917,0.005400,0.005347,0.004440,1929.80,25769815200.00,7153
2016-02-25,0.011044,0.010834,0.006034,0.005920,0.011348,1951.70,26049417400.00,7152
2016-02-26,0.000283,0.000181,0.006814,0.006715,-0.001870,1948.05,26054642800.00,7152
2016-02-29,-0.005893,-0.005969,0.001118,0.001095,-0.008121,1932.23,25836208600.00,7148
2016-03-01,0.022404,0.022243,0.015678,0.015580,0.023869,1978.35,26410403500.00,7145
2016-03-02,0.005674,0.005516,0.012915,0.012832,0.004094,1986.45,26556246600.00,7145
2016-03-03,0.005603,0.005503,0.011133,0.011066,0.003499,1993.40,26689480200.00,7144
2016-03-04,0.004192,0.004072,0.009375,0.009324,0.003306,1999.99,26794521200.00,7145
2016-03-07,0.003223,0.003165,0.015463,0.015421,0.000885,2001.76,26879606000.00,7146
2016-03-08,-0.013540,-0.013703,-0.018193,-0.018290,-0.011240,1979.26,26507912800.00,7145
2016-03-09,0.005555,0.005370,0.005671,0.005512,0.005052,1989.26,26650189000.00,7147
2016-03-10,-0.001281,-0.001337,-0.004424,-0.004478,0.000156,1989.57,26614276300.00,7148
2016-03-11,0.017442,0.017173,0.016288,0.015992,0.016396,2022.19,27071841000.00,7146
2016-03-14,-0.001576,-0.001637,0.000194,0.000115,-0.001261,2019.64,27025354800.00,7145
2016-03-15,-0.004458,-0.004532,-0.012586,-0.012692,-0.001837,2015.93,26903478600.00,7145
2016-03-16,0.007493,0.007399,0.008931,0.008625,0.005600,2027.22,27103048000.00,7144
2016-03-17,0.008250,0.008230,0.011653,0.011577,0.006595,2040.59,27326648300.00,7145
2016-03-18,0.003879,0.003775,0.004755,0.004612,0.004406,2049.58,27422936000.00,7146
2016-03-21,0.000503,0.000447,0.001397,0.001299,0.000986,2051.60,27433631100.00,7138
2016-03-22,-0.000372,-0.000487,-0.000080,-0.000163,-0.000877,2049.80,27421480900.00,7140
2016-03-23,-0.009450,-0.009544,-0.016270,-0.016445,-0.006386,2036.71,27159373200.00,7140
2016-03-24,-0.000141,-0.000148,0.001314,0.001283,-0.000378,2035.94,27132229500.00,7135
2016-03-28,0.000806,0.000793,-0.000773,-0.000811,0.000545,2037.05,27159562000.00,7130
2016-03-29,0.011053,0.010788,0.013285,0.012984,0.008817,2055.01,27450224600.00,7135
2016-03-30,0.004467,0.004374,0.004490,0.004426,0.004350,2063.95,27573640400.00,7134
2016-03-31,-0.000868,-0.000878,0.001595,0.001552,-0.002040,2059.74,27564246000.00,7133
2016-04-01,0.004664,0.004594,0.001470,0.001347,0.006331,2072.78,27688778000.00,7128
2016-04-04,-0.004391,-0.004541,-0.004635,-0.004673,-0.003208,2066.13,27548640100.00,7129
2016-04-05,-0.010012,-0.010016,-0.007950,-0.007969,-0.010145,2045.17,27268983400.00,7128
2016-04-06,0.011074,0.010799,0.010785,0.010727,0.010508,2066.66,27563625000.00,7126
2016-04-07,-0.011653,-0.011686,-0.008700,-0.008764,-0.011976,2041.91,27238241400.00,7130
2016-04-08,0.004327,0.004307,0.006507,0.006481,0.002787,2047.60,27357915400.00,7131
2016-04-11,-0.001833,-0.001837,0.002527,0.002504,-0.002740,2041.99,27302693500.00,7124
2016-04-12,0.010399,0.010370,0.010825,0.010814,0.009662,2061.72,27584918800.00,7118
2016-04-13,0.011323,0.011192,0.014055,0.013837,0.010040,2082.42,27893962100.00,7119
2016-04-14,-0.000462,-0.000544,-0.000171,-0.000217,0.000173,2082.78,27875523500.00,7119
2016-04-15,-0.000565,-0.000570,0.000183,0.000161,-0.000984,2080.73,27859040000.00,7117
2016-04-18,0.006766,0.006751,0.006411,0.006335,0.006541,2094.34,28034051800.00,7120
2016-04-19,0.004490,0.004485,0.006447,0.006406,0.003085,2100.80,28158022700.00,7121
2016-04-20,0.001225,0.001178,0.002083,0.001997,0.000762,2102.40,28191673100.00,7122
2016-04-21,-0.005273,-0.005335,-0.002437,-0.002473,-0.005194,2091.48,28041004000.00,7121
2016-04-22,0.001835,0.001831,0.005726,0.005714,0.000048,2091.58,28094489800.00,7121
2016-04-25,-0.002787,-0.002797,-0.004835,-0.004852,-0.001812,2087.79,28012532800.00,7119
2016-04-26,0.003357,0.003355,0.006571,0.006550,0.001873,2091.70,28106920100.00,7123
2016-04-27,0.002651,0.002515,0.004820,0.004699,0.001649,2095.15,28178965900.00,7125
2016-04-28,-0.008569,-0.008682,-0.005092,-0.005173,-0.009231,2075.81,27935243800.00,7126
2016-04-29,-0.004465,-0.004496,-0.003775,-0.003827,-0.005063,2065.30,27847743500.00,7125
2016-05-02,0.006733,0.006695,0.001940,0.001852,0.007810,2081.43,28022012800.00,7116
2016-05-03,-0.011101,-0.011129,-0.012701,-0.012736,-0.008677,2063.37,27710468300.00,7115
2016-05-04,-0.006171,-0.006396,-0.006506,-0.006650,-0.005937,2051.12,27533097500.00,7115
2016-05-05,-0.000444,-0.000625,-0.002793,-0.002889,-0.000239,2050.63,27515968200.00,7116
2016-05-06,0.003519,0.003390,0.001418,0.001347,0.003175,2057.14,27609981400.00,7117
2016-05-09,-0.000200,-0.000215,-0.002075,-0.002139,0.000753,2058.69,27602921500.00,7112
2016-05-10,0.012298,0.012262,0.008524,0.008425,0.012484,2084.39,27941919500.00,7117
2016-05-11,-0.008295,-0.008705,-0.005740,-0.005948,-0.009562,2064.46,27699883600.00,7118
2016-05-12,-0.000776,-0.001042,-0.007274,-0.007478,-0.000170,2064.11,27660032300.00,7118
2016-05-13,-0.007964,-0.008035,-0.004728,-0.004800,-0.008478,2046.61,27437086200.00,7116
2016-05-16,0.010210,0.010127,0.008839,0.008777,0.009797,2066.66,27720076700.00,7115
2016-05-17,-0.008591,-0.008820,-0.007520,-0.007608,-0.009411,2047.21,27476009700.00,7114
2016-05-18,-0.000812,-0.000931,-0.001407,-0.001528,0.000205,2047.63,27394886500.00,7113
2016-05-19,-0.003791,-0.003806,-0.006320,-0.006362,-0.003707,2040.04,27290091400.00,7114
2016-05-20,0.007642,0.007522,0.010403,0.010314,0.006019,2052.32,27495394300.00,7111
2016-05-23,-0.001790,-0.001822,0.001970,0.001927,-0.002085,2048.04,27434624500.00,7109
2016-05-24,0.013114,0.013088,0.011284,0.011241,0.013681,2076.06,27794464300.00,7108
2016-05-25,0.007321,0.007250,0.008136,0.008082,0.006975,2090.54,27999589100.00,7104
2016-05-26,-0.000158,-0.000285,-0.000718,-0.000806,-0.000210,2090.10,27999489700.00,7109
2016-05-27,0.004415,0.004262,0.004876,0.004788,0.004287,2099.06,28118039700.00,7107
2016-05-31,-0.000348,-0.000393,0.003280,0.003267,-0.001000,2096.96,28094901200.00,7107
2016-06-01,0.002367,0.002191,0.005121,0.004992,0.001130,2099.33,28148237700.00,7104
2016-06-02,0.003603,0.003516,0.004049,0.004004,0.002825,2105.26,28250057000.00,7107
2016-06-03,-0.001949,-0.001965,-0.000086,-0.000108,-0.002912,2099.13,28163308900.00,7110
2016-06-06,0.006131,0.006103,0.010977,0.010940,0.004897,2109.41,28335504500.00,7107
2016-06-07,0.002122,0.002091,0.004184,0.004166,0.001289,2112.13,28394480800.00,7107
2016-06-08,0.003565,0.003378,0.006503,0.006394,0.003309,2119.12,28528762600.00,7107
2016-06-09,-0.002816,-0.002858,-0.005592,-0.005701,-0.001718,2115.48,28447047100.00,7107
2016-06-10,-0.011232,-0.011246,-0.013732,-0.013757,-0.009175,2096.07,28127672100.00,7110
2016-06-13,-0.008135,-0.008417,-0.009599,-0.009926,-0.008115,2079.06,27889419200.00,7107
2016-06-14,-0.002780,-0.002918,-0.005217,-0.005362,-0.001799,2075.32,27808841800.00,7114
2016-06-15,-0.000492,-0.000565,0.003866,0.003748,-0.001841,2071.50,27792791000.00,7114
2016-06-16,0.001908,0.001788,-0.002101,-0.002320,0.003133,2077.99,27843835900.00,7117
2016-06-17,-0.001748,-0.001838,0.001622,0.001383,-0.003258,2071.22,27791053500.00,7116
2016-06-20,0.007279,0.007217,0.010065,0.009905,0.005808,2083.25,27992586400.00,7115
2016-06-21,0.002334,0.002165,-0.001065,-0.001323,0.002712,2088.90,28048878700.00,7115
2016-06-22,-0.001865,-0.001990,-0.002201,-0.002507,-0.001652,2085.45,27986390300.00,7115
2016-06-23,0.014415,0.014400,0.014344,0.014295,0.013364,2113.32,28390426600.00,7114
2016-06-24,-0.036628,-0.036645,-0.030438,-0.030479,-0.035920,2037.41,27336380300.00,7112
2016-06-27,-0.020320,-0.020321,-0.025568,-0.025613,-0.018097,2000.54,26779378400.00,7108
2016-06-28,0.018044,0.017767,0.018965,0.018672,0.017770,2036.09,27255496400.00,7111
2016-06-29,0.017600,0.017494,0.016154,0.016104,0.017033,2070.77,27731628200.00,7113
2016-06-30,0.013181,0.013151,0.009829,0.009795,0.013565,2098.86,28132418700.00,7119
2016-07-01,0.003010,0.002845,0.007658,0.007539,0.001949,2102.95,28186512600.00,7108
2016-07-05,-0.008225,-0.008280,-0.011081,-0.011119,-0.006848,2088.55,27953339500.00,7111
2016-07-06,0.005437,0.005140,0.004363,0.004261,0.005353,2099.73,28097119900.00,7109
2016-07-07,-0.000690,-0.000771,0.001080,0.001002,-0.000872,2097.90,28076418300.00,7111
2016-07-08,0.015478,0.015462,0.016923,0.016879,0.015253,2129.90,28510790800.00,7112
2016-07-11,0.004210,0.004208,0.006845,0.006825,0.003409,2137.16,28631634800.00,7111
2016-07-12,0.007923,0.007918,0.010660,0.010641,0.007009,2152.14,28862628200.00,7109
2016-07-13,-0.000232,-0.000331,-0.002455,-0.002652,0.000135,2152.43,28844752500.00,7105
2016-07-14,0.004685,0.004664,0.002044,0.002003,0.005259,2163.75,28979060000.00,7109
2016-07-15,-0.000803,-0.000807,0.001040,0.001023,-0.000929,2161.74,28957431600.00,7111
2016-07-18,0.002602,0.002573,0.003147,0.003132,0.002382,2166.89,29032805600.00,7110
2016-07-19,-0.002363,-0.002383,-0.004728,-0.004775,-0.001435,2163.78,28963402400.00,7108
2016-07-20,0.004629,0.004528,0.006200,0.006102,0.004270,2173.02,29095132400.00,7108
2016-07-21,-0.003322,-0.003337,-0.001336,-0.001358,-0.003612,2165.17,28994815900.00,7108
2016-07-22,0.004500,0.004465,0.004519,0.004509,0.004554,2175.03,29129007800.00,7106
2016-07-25,-0.003154,-0.003160,-0.003686,-0.003707,-0.003011,2168.48,29037528500.00,7110
2016-07-26,0.001613,0.001592,0.004149,0.004140,0.000323,2169.18,29083666700.00,7109
2016-07-27,-0.001242,-0.001330,0.001903,0.001816,-0.001199,2166.58,29046063100.00,7114
2016-07-28,0.001673,0.001554,-0.000081,-0.000164,0.001606,2170.06,29089894000.00,7111
2016-07-29,0.002630,0.002581,0.003096,0.003063,0.001631,2173.60,29204697400.00,7115
2016-08-01,-0.002254,-0.002293,-0.002145,-0.002268,-0.001270,2170.84,29133865600.00,7110
2016-08-02,-0.007105,-0.007131,-0.008437,-0.008460,-0.006362,2157.03,28925218500.00,7107
2016-08-03,0.004385,0.004113,0.007186,0.007071,0.003134,2163.79,29044370500.00,7107
2016-08-04,0.000814,0.000591,0.002477,0.002361,0.000213,2164.25,29064882900.00,7104
2016-08-05,0.008058,0.008034,0.008416,0.008378,0.008603,2182.87,29300457200.00,7107
2016-08-08,0.000104,0.000022,0.002446,0.002393,-0.000907,2180.89,29301224100.00,7106
2016-08-09,0.001069,0.001028,0.000820,0.000750,0.000390,2181.74,29331867500.00,7108
2016-08-10,-0.002555,-0.002840,-0.004809,-0.004920,-0.002865,2175.49,29248909800.00,7109
2016-08-11,0.004818,0.004648,0.005221,0.004963,0.004735,2185.79,29384874600.00,7102
2016-08-12,-0.000494,-0.000547,0.000413,0.000386,-0.000796,2184.05,29371225300.00,7110
2016-08-15,0.004008,0.003916,0.006996,0.006922,0.002793,2190.15,29487453300.00,7109
2016-08-16,-0.005477,-0.005615,-0.003704,-0.003764,-0.005479,2178.15,29318584800.00,7108
2016-08-17,0.001044,0.000825,-0.001398,-0.001543,0.001869,2182.22,29340252400.00,7108
2016-08-18,0.003387,0.003359,0.005747,0.005701,0.002200,2187.02,29438790800.00,7106
2016-08-19,-0.001828,-0.001927,-0.001545,-0.001573,-0.001440,2183.87,29383218100.00,7107
2016-08-22,-0.000427,-0.000451,0.000429,0.000281,-0.000563,2182.64,29369297700.00,7109
2016-08-23,0.002825,0.002802,0.004417,0.004393,0.001952,2186.90,29444892600.00,7105
2016-08-24,-0.006035,-0.006099,-0.007102,-0.007136,-0.005240,2175.44,29266526200.00,7098
2016-08-25,-0.000675,-0.000691,-0.000008,-0.000033,-0.001365,2172.47,29245638300.00,7089
2016-08-26,-0.001829,-0.001846,-0.001858,-0.001869,-0.001579,2169.04,29191249100.00,7078
2016-08-29,0.005225,0.005098,0.005103,0.005027,0.005228,2180.38,29339944400.00,7079
2016-08-30,-0.001514,-0.001643,-0.000376,-0.000446,-0.001954,2176.12,29291014400.00,7079
2016-08-31,-0.002578,-0.002719,-0.003810,-0.003870,-0.002376,2170.95,29220407000.00,7075
2016-09-01,0.000748,0.000685,0.000703,0.000610,-0.000041,2170.86,29235543100.00,7071
2016-09-02,0.005882,0.005839,0.007864,0.007838,0.004201,2179.98,29404933900.00,7067
2016-09-06,0.003391,0.003369,0.005607,0.005583,0.002982,2186.48,29473197500.00,7068
2016-09-07,0.000821,0.000621,0.002865,0.002765,-0.000146,2186.16,29471289400.00,7065
2016-09-08,-0.002078,-0.002134,0.001986,0.001883,-0.002223,2181.30,29406578700.00,7065
2016-09-09,-0.025010,-0.025024,-0.023198,-0.023222,-0.024522,2127.81,28670518600.00,7060
2016-09-12,0.013340,0.013295,0.008237,0.008196,0.014677,2159.04,29045541200.00,7050
2016-09-13,-0.015849,-0.016197,-0.015948,-0.016225,-0.014831,2127.02,28574752500.00,7054
2016-09-14,-0.000526,-0.000603,0.000174,0.000045,-0.000588,2125.77,28558145400.00,7056
2016-09-15,0.010099,0.009983,0.007968,0.007899,0.010109,2147.26,28844539700.00,7065
2016-09-16,-0.003865,-0.003957,-0.001614,-0.001776,-0.003772,2139.16,28729616200.00,7065
2016-09-19,0.001385,0.001360,0.003709,0.003650,-0.000019,2139.12,28757384000.00,7062
2016-09-20,-0.000363,-0.000421,0.000419,0.000312,0.000299,2139.76,28741748900.00,7061
2016-09-21,0.011864,0.011823,0.011189,0.010993,0.010917,2163.12,29082927600.00,7070
2016-09-22,0.007814,0.007758,0.009800,0.009759,0.006500,2177.18,29309714500.00,7075
2016-09-23,-0.005940,-0.005943,-0.004156,-0.004172,-0.005737,2164.69,29127942000.00,7072
2016-09-26,-0.008221,-0.008365,-0.007691,-0.007836,-0.008588,2146.10,28885129400.00,7072
2016-09-27,0.005100,0.005067,0.002947,0.002926,0.006444,2159.93,29029102000.00,7069
2016-09-28,0.006710,0.006442,0.007085,0.006808,0.005296,2171.37,29202827700.00,7071
2016-09-29,-0.009216,-0.009267,-0.008468,-0.008515,-0.009321,2151.13,28933305200.00,7076
2016-09-30,0.007830,0.007800,0.007534,0.007513,0.007968,2168.27,29207005700.00,7074
2016-10-03,-0.003050,-0.003173,-0.000568,-0.000693,-0.003261,2161.20,29103158000.00,7070
2016-10-04,-0.005600,-0.005707,-0.006696,-0.006773,-0.004956,2150.49,28931803800.00,7072
2016-10-05,0.004940,0.004634,0.005995,0.005931,0.004297,2159.73,29067757300.00,7073
2016-10-06,-0.000753,-0.000778,-0.002994,-0.003029,0.000482,2160.77,29048486500.00,7079
2016-10-07,-0.003829,-0.003861,-0.004779,-0.004785,-0.003253,2153.74,28936648200.00,7081
2016-10-10,0.005594,0.005594,0.006899,0.006899,0.004606,2163.66,29098589700.00,7078
2016-10-11,-0.012616,-0.012627,-0.013027,-0.013097,-0.012447,2136.73,28730951800.00,7077
2016-10-12,0.000932,0.000849,-0.001019,-0.001204,0.001147,2139.18,28758226400.00,7077
2016-10-13,-0.003327,-0.003359,-0.006476,-0.006525,-0.003099,2132.55,28662651900.00,7085
2016-10-14,-0.000324,-0.000329,-0.001768,-0.001796,0.000202,2132.98,28652767900.00,7085
2016-10-17,-0.002525,-0.002544,-0.003120,-0.003136,-0.003038,2126.50,28580678400.00,7084
2016-10-18,0.006561,0.006554,0.005962,0.005920,0.006160,2139.60,28768264200.00,7082
2016-10-19,0.003002,0.002893,0.004693,0.004617,0.002192,2144.29,28852854500.00,7084
2016-10-20,-0.001641,-0.001741,-0.000316,-0.000385,-0.001376,2141.34,28804194200.00,7084
2016-10-21,-0.000113,-0.000120,-0.000547,-0.000563,-0.000084,2141.16,28798081100.00,7081
2016-10-24,0.004434,0.004397,0.001843,0.001824,0.004750,2151.33,28924836100.00,7077
2016-10-25,-0.004367,-0.004391,-0.005666,-0.005679,-0.003798,2143.16,28797119100.00,7077
2016-10-26,-0.002777,-0.002812,-0.005722,-0.005753,-0.001740,2139.43,28726538800.00,7078
2016-10-27,-0.003986,-0.004107,-0.007623,-0.007740,-0.002987,2133.04,28610481000.00,7079
2016-10-28,-0.002573,-0.002635,-0.003867,-0.003908,-0.003108,2126.41,28541107000.00,7083
2016-10-31,0.000430,0.000418,-0.001156,-0.001165,-0.000122,2126.15,28568245700.00,7084
2016-11-01,-0.006771,-0.006812,-0.007474,-0.007555,-0.006787,2111.72,28377102300.00,7084
2016-11-02,-0.007680,-0.007812,-0.010496,-0.010573,-0.006525,2097.94,28154762800.00,7085
2016-11-03,-0.003940,-0.004250,-0.007025,-0.007180,-0.004423,2088.66,28031732500.00,7087
2016-11-04,-0.001240,-0.001281,0.000766,0.000696,-0.001666,2085.18,27993445700.00,7086
2016-11-07,0.020927,0.020904,0.016052,0.015999,0.022224,2131.52,28574245500.00,7084
2016-11-08,0.003884,0.003529,0.002830,0.002661,0.003772,2139.56,28663040100.00,7084
2016-11-09,0.012048,0.011949,0.015719,0.015563,0.011077,2163.26,29007063700.00,7085
2016-11-10,0.001979,0.001865,0.006015,0.005825,0.001951,2167.48,29056152400.00,7085
2016-11-11,0.000261,0.000261,0.008810,0.008810,-0.001398,2164.45,29063274800.00,7083
2016-11-14,0.002384,0.002274,0.005926,0.005859,-0.000116,2164.20,29129442100.00,7084
2016-11-15,0.007902,0.007725,0.007643,0.007564,0.007481,2180.39,29363706100.00,7080
2016-11-16,-0.001517,-0.001722,0.001919,0.001795,-0.001582,2176.94,29313706300.00,7080
2016-11-17,0.004607,0.004556,0.003058,0.002994,0.004676,2187.12,29448911900.00,7083
2016-11-18,-0.001358,-0.001482,0.001402,0.001341,-0.002387,2181.90,29405504700.00,7083
2016-11-21,0.007769,0.007741,0.006572,0.006456,0.007461,2198.18,29631309000.00,7082
2016-11-22,0.003038,0.002992,0.004434,0.004390,0.002165,2202.94,29719186300.00,7077
2016-11-23,0.000943,0.000910,0.002052,0.002014,0.000808,2204.72,29748007600.00,7078
2016-11-25,0.003636,0.003617,0.004302,0.004270,0.003914,2213.35,29855391600.00,7075
2016-11-28,-0.005935,-0.006059,-0.006371,-0.006458,-0.005254,2201.72,29674212800.00,7077
2016-11-29,0.000960,0.000770,-0.001862,-0.001947,0.001335,2204.66,29695722700.00,7074
2016-11-30,-0.001561,-0.001744,-0.000985,-0.001042,-0.002653,2198.81,29672930700.00,7075
2016-12-01,-0.004207,-0.004280,-0.005850,-0.005956,-0.003516,2191.08,29542245900.00,7070
2016-12-02,0.000701,0.000696,0.001674,0.001661,0.000397,2191.95,29560145300.00,7068
2016-12-05,0.007299,0.007230,0.010742,0.010715,0.005821,2204.71,29773761600.00,7066
2016-12-06,0.004758,0.004729,0.007267,0.007236,0.003411,2212.23,29908132000.00,7066
2016-12-07,0.012388,0.012200,0.007856,0.007770,0.013163,2241.35,30272055300.00,7065
2016-12-08,0.003744,0.003637,0.008256,0.008116,0.002159,2246.19,30358460200.00,7066
2016-12-09,0.003907,0.003896,0.002253,0.002231,0.005939,2259.53,30476444100.00,7063
2016-12-12,-0.002453,-0.002500,-0.005935,-0.005990,-0.001137,2256.96,30400873300.00,7064
2016-12-13,0.005763,0.005584,0.001855,0.001613,0.006540,2271.72,30571422000.00,7065
2016-12-14,-0.009619,-0.009699,-0.010840,-0.010994,-0.008117,2253.28,30275704400.00,7065
2016-12-15,0.003588,0.003544,0.002157,0.002080,0.003883,2262.03,30384124900.00,7066
2016-12-16,-0.001159,-0.001286,0.001436,0.001109,-0.001751,2258.07,30345499500.00,7068
2016-12-19,0.002094,0.002021,0.002677,0.002523,0.001975,2262.53,30407218300.00,7065
2016-12-20,0.004310,0.004170,0.004266,0.004133,0.003638,2270.76,30535432800.00,7063
2016-12-21,-0.002494,-0.002675,-0.002134,-0.002613,-0.002457,2265.18,30453591100.00,7062
2016-12-22,-0.002734,-0.002988,-0.004958,-0.005154,-0.001863,2260.96,30363922500.00,7065
2016-12-23,0.001844,0.001754,0.004900,0.004664,0.001252,2263.79,30416661700.00,7062
2016-12-27,0.002518,0.002509,0.003182,0.003107,0.002248,2268.88,30493222600.00,7059
2016-12-28,-0.007978,-0.008258,-0.007213,-0.008009,-0.008357,2249.92,30242428800.00,7060
2016-12-29,0.000587,0.000517,0.001377,0.001316,-0.000293,2249.26,30255288400.00,7054
2016-12-30,-0.004036,-0.004070,-0.001826,-0.001834,-0.004637,2238.83,30181681700.00,7055
2017-01-03,0.008205,0.008177,0.009122,0.009100,0.008487,2257.83,30428984700.00,7053
2017-01-04,0.008618,0.008463,0.013134,0.013082,0.005722,2270.75,30682137100.00,7052
2017-01-05,-0.000945,-0.000955,-0.000892,-0.000910,-0.000771,2269.00,30633920600.00,7055
2017-01-06,0.002310,0.002084,-0.001362,-0.001383,0.003517,2276.98,30698823100.00,7047
2017-01-09,-0.003925,-0.003932,-0.003245,-0.003301,-0.003549,2268.90,30578561200.00,7045
2017-01-10,0.001311,0.001304,0.006083,0.006076,0.000000,2268.90,30619613200.00,7048
2017-01-11,0.003227,0.003117,0.002873,0.002649,0.002830,2275.32,30709590300.00,7046
2017-01-12,-0.002536,-0.002558,-0.003441,-0.003477,-0.002145,2270.44,30632087100.00,7050
2017-01-13,0.002819,0.002813,0.005344,0.005326,0.001850,2274.64,30732740500.00,7050
2017-01-17,-0.003693,-0.003716,-0.005103,-0.005164,-0.002968,2267.89,30627450100.00,7049
2017-01-18,0.001415,0.001299,0.000255,0.000202,0.001764,2271.89,30665460300.00,7049
2017-01-19,-0.003889,-0.003912,-0.005072,-0.005111,-0.003609,2263.69,30545548400.00,7049
2017-01-20,0.003625,0.003601,0.003886,0.003840,0.003366,2271.31,30654719600.00,7049
2017-01-23,-0.001921,-0.001943,-0.001928,-0.001943,-0.002690,2265.20,30593254200.00,7047
2017-01-24,0.008375,0.008343,0.009530,0.009526,0.006565,2280.07,30848427100.00,7045
2017-01-25,0.008078,0.008075,0.007647,0.007628,0.008026,2298.37,31101306400.00,7046
2017-01-26,-0.001150,-0.001172,-0.002519,-0.002545,-0.000735,2296.68,31066529100.00,7049
2017-01-27,-0.001599,-0.001708,-0.001404,-0.001478,-0.000866,2294.69,31023535000.00,7053
2017-01-30,-0.007057,-0.007118,-0.009656,-0.009689,-0.006010,2280.90,30803269500.00,7054
2017-01-31,0.000839,0.000823,0.003957,0.003936,-0.000890,2278.87,30883220600.00,7055
2017-02-01,0.000282,0.000054,0.001042,0.000923,0.000298,2279.55,30888841000.00,7056
2017-02-02,0.000599,0.000532,0.000583,0.000527,0.000570,2280.85,30904479700.00,7055
2017-02-03,0.007801,0.007688,0.008413,0.008333,0.007265,2297.42,31144104200.00,7056
2017-02-06,-0.002713,-0.002730,-0.003058,-0.003217,-0.002115,2292.56,31055875400.00,7055
2017-02-07,-0.000541,-0.000578,-0.002202,-0.002245,0.000227,2293.08,31037184800.00,7054
2017-02-08,0.001224,0.000976,0.000003,-0.000089,0.000693,2294.67,31067304900.00,7054
2017-02-09,0.006490,0.006356,0.007785,0.007693,0.005752,2307.87,31262994600.00,7054
2017-02-10,0.004103,0.004054,0.006330,0.006298,0.003566,2316.10,31392984800.00,7057
2017-02-13,0.004652,0.004442,0.002897,0.002683,0.005246,2328.25,31532327600.00,7054
2017-02-14,0.003882,0.003687,0.002458,0.002407,0.004007,2337.58,31649065100.00,7056
2017-02-15,0.004785,0.004640,0.003714,0.003566,0.004992,2349.25,31796462700.00,7059
2017-02-16,-0.001251,-0.001348,-0.002214,-0.002314,-0.000864,2347.22,31749144500.00,7059
2017-02-17,0.001900,0.001871,0.001432,0.001414,0.001679,2351.16,31808250600.00,7055
2017-02-21,0.005811,0.005799,0.004475,0.004449,0.006048,2365.38,31993469300.00,7054
2017-02-22,-0.001741,-0.001818,-0.004010,-0.004074,-0.001082,2362.82,31936593500.00,7052
2017-02-23,-0.000909,-0.000995,-0.003617,-0.003658,0.000419,2363.81,31906995500.00,7048
2017-02-24,0.000450,0.000262,-0.001555,-0.001668,0.001493,2367.34,31913745300.00,7048
2017-02-27,0.001995,0.001878,0.005565,0.005490,0.001018,2369.75,31959267300.00,7046
2017-02-28,-0.004647,-0.004674,-0.009037,-0.009051,-0.002578,2363.64,31835312700.00,7048
2017-03-01,0.013366,0.013168,0.011195,0.011070,0.013674,2395.96,32255677100.00,7044
2017-03-02,-0.006862,-0.006928,-0.008063,-0.008101,-0.005860,2381.92,32045273600.00,7044
2017-03-03,0.000944,0.000920,0.000046,0.000025,0.000504,2383.12,32072687100.00,7041
2017-03-06,-0.003808,-0.003832,-0.006270,-0.006301,-0.003277,2375.31,31954344600.00,7045
2017-03-07,-0.003455,-0.003505,-0.004523,-0.004560,-0.002913,2368.39,31840394200.00,7042
2017-03-08,-0.003233,-0.003506,-0.004182,-0.004297,-0.002284,2362.98,31728865800.00,7040
2017-03-09,-0.000246,-0.000283,-0.003409,-0.003508,0.000800,2364.87,31721429400.00,7044
2017-03-10,0.003446,0.003410,0.003374,0.003310,0.003269,2372.60,31836149100.00,7043
2017-03-13,0.001665,0.001376,0.005047,0.004759,0.000367,2373.47,31856011400.00,7041
2017-03-14,-0.004180,-0.004225,-0.006412,-0.006476,-0.003379,2365.45,31723814500.00,7038
2017-03-15,0.010125,0.010075,0.011914,0.011781,0.008375,2385.26,32045255100.00,7041
2017-03-16,-0.000614,-0.000650,0.003401,0.003310,-0.001627,2381.38,32025866700.00,7042
2017-03-17,-0.000812,-0.000885,0.002295,0.002196,-0.001314,2378.25,31999640700.00,7044
2017-03-20,-0.002332,-0.002367,-0.002129,-0.002178,-0.002010,2373.47,31922287200.00,7041
2017-03-21,-0.013602,-0.013684,-0.016334,-0.016381,-0.012408,2344.02,31486274500.00,7042
2017-03-22,0.001795,0.001734,-0.002022,-0.002138,0.001890,2348.45,31538580100.00,7047
2017-03-23,0.000156,0.000135,0.004109,0.004034,-0.001060,2345.96,31542833800.00,7038
2017-03-24,-0.000317,-0.000434,0.001380,0.001296,-0.000844,2343.98,31528653500.00,7042
2017-03-27,-0.000361,-0.000370,0.002729,0.002678,-0.001020,2341.59,31518060700.00,7043
2017-03-28,0.006893,0.006880,0.005633,0.005606,0.007251,2358.57,31733803900.00,7043
2017-03-29,0.002268,0.002001,0.005747,0.005470,0.001085,2361.13,31791686400.00,7044
2017-03-30,0.002599,0.002563,0.002824,0.002779,0.002935,2368.06,31872516400.00,7043
2017-03-31,-0.001095,-0.001120,0.002222,0.002200,-0.002255,2362.72,31868616600.00,7044
2017-04-03,-0.002624,-0.002701,-0.005973,-0.006099,-0.001642,2358.84,31781415200.00,7035
2017-04-04,0.000621,0.000514,-0.002166,-0.002190,0.000560,2360.16,31798549600.00,7035
2017-04-05,-0.004134,-0.004206,-0.006667,-0.006724,-0.003055,2352.95,31662924100.00,7034
2017-04-06,0.003506,0.003280,0.006073,0.006045,0.001929,2357.49,31764895700.00,7034
2017-04-07,-0.000717,-0.000722,0.000072,0.000058,-0.000827,2355.54,31742345700.00,7034
2017-04-10,0.001468,0.001423,0.002432,0.002411,0.000688,2357.16,31788203500.00,7034
2017-04-11,-0.000127,-0.000255,0.002987,0.002748,-0.001434,2353.78,31780355000.00,7035
2017-04-12,-0.004575,-0.004588,-0.005825,-0.005863,-0.003760,2344.93,31626148000.00,7033
2017-04-13,-0.007191,-0.007211,-0.006326,-0.006354,-0.006815,2328.95,31399421300.00,7041
2017-04-17,0.008654,0.008650,0.006076,0.006059,0.008613,2349.01,31670798300.00,7041
2017-04-18,-0.002508,-0.002532,-0.002669,-0.002720,-0.002903,2342.19,31589327500.00,7041
2017-04-19,-0.001333,-0.001438,0.000344,0.000252,-0.001716,2338.17,31543976200.00,7040
2017-04-20,0.007669,0.007653,0.007076,0.007063,0.007557,2355.84,31785689000.00,7041
2017-04-21,-0.002843,-0.002876,-0.002115,-0.002136,-0.003035,2348.69,31693056800.00,7040
2017-04-24,0.010754,0.010730,0.007824,0.007803,0.010840,2374.15,32031976500.00,7038
2017-04-25,0.005960,0.005959,0.006072,0.006064,0.006091,2388.61,32220762900.00,7038
2017-04-26,-0.000105,-0.000165,0.003810,0.003727,-0.000486,2387.45,32216617000.00,7039
2017-04-27,-0.000040,-0.000172,-0.001777,-0.001848,0.000553,2388.77,32214594900.00,7041
2017-04-28,-0.002611,-0.002641,-0.004225,-0.004259,-0.001913,2384.20,32175901300.00,7049
2017-05-01,0.002001,0.001964,0.001152,0.001067,0.001732,2388.33,32239515200.00,7046
2017-05-02,0.000255,0.000251,-0.002009,-0.002026,0.001189,2391.17,32248373700.00,7045
2017-05-03,-0.002573,-0.002762,-0.004587,-0.004664,-0.001271,2388.13,32160008200.00,7049
2017-05-04,-0.000777,-0.000855,-0.004697,-0.004826,0.000582,2389.52,32135462700.00,7051
2017-05-05,0.005792,0.005770,0.006221,0.006182,0.004089,2399.29,32324967400.00,7054
2017-05-08,-0.000820,-0.001086,-0.001231,-0.001305,0.000038,2399.38,32289239300.00,7052
2017-05-09,-0.000984,-0.001022,0.000561,0.000489,-0.001025,2396.92,32256880200.00,7052
2017-05-10,0.002600,0.002306,0.003962,0.003869,0.001131,2399.63,32339374700.00,7054
2017-05-11,-0.002715,-0.003007,-0.003107,-0.003341,-0.002163,2394.44,32242276500.00,7054
2017-05-12,-0.001539,-0.001569,-0.002252,-0.002290,-0.001478,2390.90,32195468200.00,7057
2017-05-15,0.005603,0.005506,0.005760,0.005701,0.004776,2402.32,32368752900.00,7054
2017-05-16,-0.000384,-0.000534,-0.001230,-0.001307,-0.000687,2400.67,32351104500.00,7053
2017-05-17,-0.018102,-0.018326,-0.016886,-0.017022,-0.018178,2357.03,31763007800.00,7054
2017-05-18,0.003369,0.003342,-0.000081,-0.000137,0.003687,2365.72,31867490000.00,7055
2017-05-19,0.007577,0.007536,0.008121,0.008073,0.006768,2381.73,32108149900.00,7054
2017-05-22,0.005394,0.005372,0.004161,0.004084,0.005160,2394.02,32279957100.00,7056
2017-05-23,0.001526,0.001501,0.000542,0.000515,0.001838,2398.42,32330041400.00,7057
2017-05-24,0.002402,0.002361,0.000711,0.000662,0.002489,2404.39,32407976900.00,7059
2017-05-25,0.003248,0.003149,0.000290,0.000253,0.004442,2415.07,32512647400.00,7061
2017-05-26,0.000310,0.000188,0.000124,0.000040,0.000311,2415.82,32519618400.00,7060
2017-05-30,-0.002267,-0.002401,-0.005404,-0.005529,-0.001205,2412.91,32445528300.00,7059
2017-05-31,-0.000326,-0.000437,-0.000710,-0.000765,-0.000460,2411.80,32455379200.00,7059
2017-06-01,0.009052,0.008911,0.010905,0.010793,0.007571,2430.06,32735671500.00,7058
2017-06-02,0.003486,0.003470,0.004465,0.004442,0.003708,2439.07,32844994900.00,7055
2017-06-05,-0.001819,-0.001853,-0.004036,-0.004083,-0.001218,2436.10,32785278500.00,7057
2017-06-06,-0.002150,-0.002159,-0.000790,-0.000817,-0.002779,2429.33,32715211300.00,7057
2017-06-07,0.000725,0.000550,-0.000940,-0.001031,0.001568,2433.14,32732137800.00,7057
2017-06-08,0.001597,0.001552,0.005748,0.005644,0.000267,2433.79,32776328300.00,7056
2017-06-09,-0.000547,-0.000551,0.002024,0.002008,-0.000830,2431.77,32756841700.00,7057
2017-06-12,-0.000866,-0.000919,-0.001210,-0.001245,-0.000979,2429.39,32724814300.00,7055
2017-06-13,0.005328,0.005074,0.005552,0.005245,0.004511,2440.35,32890825400.00,7054
2017-06-14,-0.002289,-0.002367,-0.004337,-0.004476,-0.000996,2437.92,32815817100.00,7055
2017-06-15,-0.002973,-0.003102,-0.005338,-0.005418,-0.002240,2432.46,32698800600.00,7057
2017-06-16,0.000543,0.000446,-0.000142,-0.000390,0.000284,2433.15,32712143200.00,7056
2017-06-19,0.007639,0.007615,0.006074,0.006020,0.008347,2453.46,32961884600.00,7053
2017-06-20,-0.007515,-0.007657,-0.006921,-0.007184,-0.006697,2437.03,32710440000.00,7054
2017-06-21,-0.000752,-0.000892,-0.001863,-0.002016,-0.000583,2435.61,32680990100.00,7062
2017-06-22,0.000802,0.000785,0.004618,0.004508,-0.000456,2434.50,32715759200.00,7062
2017-06-23,0.002916,0.002876,0.006132,0.006090,0.001561,2438.30,32807055100.00,7062
2017-06-26,0.000940,0.000904,0.003670,0.003549,0.000316,2439.07,32838733800.00,7060
2017-06-27,-0.007476,-0.007529,-0.005515,-0.005580,-0.008073,2419.38,32591317900.00,7062
2017-06-28,0.010009,0.009738,0.009610,0.009317,0.008808,2440.69,32904439000.00,7066
2017-06-29,-0.008117,-0.008180,-0.004494,-0.004565,-0.008600,2419.70,32637139900.00,7068
2017-06-30,0.001446,0.001409,0.001301,0.001279,0.001533,2423.41,32721951700.00,7071
2017-07-03,0.003039,0.002938,0.005382,0.005248,0.002311,2429.01,32804328900.00,7066
2017-07-05,0.000131,-0.000229,-0.003671,-0.003753,0.001453,2432.54,32797389500.00,7065
2017-07-06,-0.009231,-0.009529,-0.008873,-0.008972,-0.009369,2409.75,32486919900.00,7064
2017-07-07,0.006444,0.006419,0.004721,0.004685,0.006403,2425.18,32697187600.00,7063
2017-07-10,0.000501,0.000500,-0.000569,-0.000577,0.000928,2427.43,32712843800.00,7062
2017-07-11,0.000236,0.000219,0.000983,0.000946,-0.000783,2425.53,32743567900.00,7061
2017-07-12,0.007693,0.007610,0.007062,0.006877,0.007306,2443.25,32993297300.00,7063
2017-07-13,0.001729,0.001703,0.001716,0.001661,0.001875,2447.83,33051179800.00,7067
2017-07-14,0.004849,0.004833,0.004238,0.004209,0.004674,2459.27,33212615900.00,7069
2017-07-17,0.000014,-0.000014,0.001124,0.001115,-0.000053,2459.14,33213010700.00,7069
2017-07-18,0.000459,0.000441,-0.001659,-0.001707,0.000598,2460.61,33222663300.00,7068
2017-07-19,0.005964,0.005899,0.006293,0.006248,0.005373,2473.83,33417873100.00,7069
2017-07-20,0.000033,-0.000024,0.000156,0.000087,-0.000154,2473.45,33417344400.00,7071
2017-07-21,-0.000922,-0.000926,-0.002183,-0.002196,-0.000368,2472.54,33386861400.00,7073
2017-07-24,-0.000133,-0.000179,-0.000294,-0.000305,-0.001064,2469.91,33379824800.00,7067
2017-07-25,0.003457,0.003455,0.003735,0.003732,0.002923,2477.13,33399936900.00,7050
2017-07-26,-0.000085,-0.000093,-0.000339,-0.000366,0.000283,2477.83,33397042900.00,7050
2017-07-27,-0.002093,-0.002251,-0.005113,-0.005208,-0.000973,2475.42,33322750000.00,7052
2017-07-28,-0.001066,-0.001134,-0.000600,-0.000658,-0.001341,2472.10,33281276200.00,7052
2017-07-31,-0.000859,-0.000864,-0.001476,-0.001490,-0.000728,2470.30,33260694300.00,7053
2017-08-01,0.002360,0.002317,-0.000040,-0.000128,0.002449,2476.35,33344082400.00,7051
2017-08-02,-0.000989,-0.001172,-0.006714,-0.006778,0.000493,2477.57,33187483100.00,7025
2017-08-03,-0.002180,-0.002372,-0.003729,-0.003869,-0.002184,2472.16,33119046000.00,7025
2017-08-04,0.002012,0.001991,0.002573,0.002542,0.001889,2476.83,33186536100.00,7023
2017-08-07,0.001414,0.001387,0.000187,0.000150,0.001647,2480.91,33234615300.00,7024
2017-08-08,-0.002772,-0.002865,-0.003534,-0.003573,-0.002414,2474.92,33138528000.00,7024
2017-08-09,-0.001449,-0.001571,-0.006361,-0.006508,-0.000364,2474.02,33088143600.00,7026
2017-08-10,-0.014415,-0.014676,-0.014476,-0.014539,-0.014474,2438.21,32601002200.00,7028
2017-08-11,0.001508,0.001401,0.001186,0.001004,0.001276,2441.32,32646889200.00,7030
2017-08-14,0.009827,0.009785,0.010522,0.010487,0.010044,2465.84,32966051900.00,7030
2017-08-15,-0.001450,-0.001618,-0.006162,-0.006250,-0.000499,2464.61,32914274300.00,7028
2017-08-16,0.002153,0.001934,0.002418,0.002328,0.001420,2468.11,32980718400.00,7028
2017-08-17,-0.014559,-0.014605,-0.010727,-0.010797,-0.015437,2430.01,32497423800.00,7024
2017-08-18,-0.001186,-0.001223,0.001833,0.001803,-0.001835,2425.55,32458541900.00,7026
2017-08-21,0.000858,0.000831,-0.001551,-0.001586,0.001163,2428.37,32485832300.00,7028
2017-08-22,0.009406,0.009373,0.006494,0.006412,0.009941,2452.51,32790168700.00,7030
2017-08-23,-0.001918,-0.001993,0.000624,0.000544,-0.003454,2444.04,32724808800.00,7028
2017-08-24,-0.001160,-0.001182,0.002926,0.002906,-0.002074,2438.97,32686576100.00,7028
2017-08-25,0.002002,0.001923,0.004661,0.004639,0.001673,2443.05,32749463900.00,7027
2017-08-28,0.000326,0.000292,0.001006,0.000997,0.000487,2444.24,32746009100.00,7024
2017-08-29,0.000673,0.000544,0.001716,0.001628,0.000843,2446.30,32763867300.00,7026
2017-08-30,0.004622,0.004416,0.003613,0.003506,0.004615,2457.59,32909029000.00,7025
2017-08-31,0.006903,0.006818,0.006718,0.006676,0.005721,2471.65,33161382100.00,7027
2017-09-01,0.002852,0.002766,0.006153,0.006048,0.001982,2476.55,33231357400.00,7024
2017-09-05,-0.007620,-0.007620,-0.005636,-0.005636,-0.007551,2457.85,32970040500.00,7023
2017-09-06,0.003190,0.003182,0.003312,0.003280,0.003129,2465.54,33075587900.00,7025
2017-09-07,-0.000032,-0.000222,0.001174,0.001066,-0.000178,2465.10,33068796300.00,7013
2017-09-08,-0.001271,-0.001312,-0.000926,-0.001013,-0.001489,2461.43,33029805000.00,7015
2017-09-11,0.010251,0.010238,0.008922,0.008895,0.010839,2488.11,33361571800.00,7010
2017-09-12,0.003547,0.003502,0.004436,0.004268,0.003364,2496.48,33470900600.00,7009
2017-09-13,0.000552,0.000531,0.002703,0.002683,0.000757,2498.37,33483294100.00,7005
2017-09-14,-0.000492,-0.000804,0.000337,-0.000019,-0.001101,2495.62,33451688300.00,7005
2017-09-15,0.001829,0.001667,0.002498,0.002360,0.001847,2500.23,33507972200.00,7003
2017-09-18,0.002006,0.001955,0.003485,0.003371,0.001456,2503.87,33572702000.00,7005
2017-09-19,0.001121,0.001103,0.000316,0.000256,0.001110,2506.65,33611321200.00,7003
2017-09-20,0.000919,0.000834,0.002178,0.002139,0.000634,2508.24,33639532000.00,7008
2017-09-21,-0.002543,-0.002578,-0.001112,-0.001292,-0.003046,2500.60,33553442400.00,7008
2017-09-22,0.001100,0.001050,0.004152,0.004109,0.000648,2502.22,33591477600.00,7009
2017-09-25,-0.001881,-0.001888,-0.000749,-0.000764,-0.002222,2496.66,33528573600.00,7007
2017-09-26,0.000213,0.000089,0.002167,0.002044,0.000072,2496.84,33528746200.00,6995
2017-09-27,0.004975,0.004939,0.007975,0.007925,0.004085,2507.04,33693320700.00,6996
2017-09-28,0.001611,0.001356,0.001972,0.001703,0.001205,2510.06,33741875300.00,6997
2017-09-29,0.003328,0.003286,0.002609,0.002549,0.003705,2519.36,33872736600.00,6998
2017-10-02,0.004542,0.004480,0.007313,0.007225,0.003874,2529.12,34017501800.00,6996
2017-10-03,0.002500,0.002467,0.002963,0.002913,0.002159,2534.58,34086781200.00,6994
2017-10-04,0.000781,0.000732,0.000718,0.000705,0.001247,2537.74,34112112400.00,6995
2017-10-05,0.004770,0.004620,0.003880,0.003834,0.005647,2552.07,34272246700.00,6995
2017-10-06,-0.000977,-0.001184,-0.000501,-0.000535,-0.001074,2549.33,34228542800.00,6996
2017-10-09,-0.001988,-0.001988,-0.002336,-0.002336,-0.001804,2544.73,34160514800.00,6989
2017-10-10,0.002717,0.002690,0.003161,0.003143,0.002322,2550.64,34252652300.00,6989
2017-10-11,0.001950,0.001930,0.001334,0.001272,0.001803,2555.24,34317859100.00,6990
2017-10-12,-0.001538,-0.001617,-0.002471,-0.002631,-0.001687,2550.93,34260911500.00,6995
2017-10-13,0.000886,0.000864,0.000088,0.000005,0.000878,2553.17,34294054400.00,6995
2017-10-16,0.001013,0.000998,-0.001625,-0.001644,0.001751,2557.64,34328385400.00,6991
2017-10-17,-0.000188,-0.000201,-0.002831,-0.002894,0.000672,2559.36,34321184600.00,6989
2017-10-18,0.000987,0.000962,0.000940,0.000925,0.000742,2561.26,34353892200.00,6992
2017-10-19,-0.000131,-0.000190,-0.001806,-0.001847,0.000328,2562.10,34349295400.00,6996
2017-10-20,0.004204,0.004145,0.003116,0.003066,0.005117,2575.21,34494617700.00,6999
2017-10-23,-0.004272,-0.004298,-0.005788,-0.005884,-0.003972,2564.98,34345371100.00,6997
2017-10-24,0.001655,0.001637,0.000185,0.000172,0.001618,2569.13,34402260300.00,6999
2017-10-25,-0.005407,-0.005438,-0.005323,-0.005327,-0.004663,2557.15,34216778000.00,7000
2017-10-26,0.001500,0.001497,-0.000357,-0.000367,0.001271,2560.40,34272692300.00,7009
2017-10-27,0.007589,0.007573,0.004281,0.004245,0.008073,2581.07,34537413300.00,7011
2017-10-30,-0.003392,-0.003504,-0.004991,-0.005066,-0.003192,2572.83,34418519200.00,7011
2017-10-31,0.002030,0.001975,0.004483,0.004436,0.000944,2575.26,34503792300.00,7010
2017-11-01,0.000748,0.000696,-0.002077,-0.002167,0.001592,2579.36,34508810200.00,7010
2017-11-02,0.000340,0.000206,0.000869,0.000806,0.000190,2579.85,34516241600.00,7015
2017-11-03,0.002852,0.002762,0.001421,0.001338,0.003097,2587.84,34613083000.00,7017
2017-11-06,0.002097,0.001990,0.004420,0.004336,0.001271,2591.13,34685356600.00,7035
2017-11-07,-0.001835,-0.001851,-0.006591,-0.006635,-0.000189,2590.64,34621290100.00,7034
2017-11-08,0.001385,0.001361,0.000477,0.000437,0.001444,2594.38,34670371300.00,7039
2017-11-09,-0.003602,-0.003790,-0.001400,-0.001506,-0.003762,2584.62,34539279300.00,7046
2017-11-10,-0.000272,-0.000547,0.000457,0.000340,-0.000898,2582.30,34521097200.00,7049
2017-11-13,0.000195,0.000161,-0.001612,-0.001646,0.000984,2584.84,34521212900.00,7048
2017-11-14,-0.002560,-0.002719,-0.004490,-0.004730,-0.002310,2578.87,34429768500.00,7047
2017-11-15,-0.004852,-0.005013,-0.003016,-0.003060,-0.005526,2564.62,34257747200.00,7048
2017-11-16,0.009334,0.009086,0.012356,0.012236,0.008196,2585.64,34565701300.00,7051
2017-11-17,-0.000921,-0.000972,0.005062,0.004992,-0.002626,2578.85,34530397900.00,7054
2017-11-20,0.001805,0.001762,0.003240,0.003191,0.001276,2582.14,34588939800.00,7052
2017-11-21,0.006542,0.006511,0.005207,0.005065,0.006541,2599.03,34815006500.00,7052
2017-11-22,-0.000064,-0.000138,0.002776,0.002693,-0.000750,2597.08,34806356000.00,7051
2017-11-24,0.002145,0.002098,0.003050,0.002976,0.002056,2602.42,34878825600.00,7049
2017-11-27,-0.001546,-0.001622,-0.003366,-0.003394,-0.000384,2601.42,34823033200.00,7048
2017-11-28,0.008835,0.008776,0.006278,0.006212,0.009848,2627.04,35129479500.00,7046
2017-11-29,-0.000731,-0.000867,-0.000067,-0.000186,-0.000369,2626.07,35099498300.00,7051
2017-11-30,0.007237,0.006928,0.002285,0.002161,0.008191,2647.58,35363870900.00,7054
2017-12-01,-0.001124,-0.001197,-0.001144,-0.001244,-0.002024,2642.22,35317687200.00,7053
2017-12-04,-0.001749,-0.001772,-0.002324,-0.002350,-0.001052,2639.44,35257247400.00,7054
2017-12-05,-0.004180,-0.004213,-0.004838,-0.004865,-0.003739,2629.57,35109817800.00,7055
2017-12-06,-0.001387,-0.001410,-0.006295,-0.006308,-0.000114,2629.27,35060830000.00,7055
2017-12-07,0.004019,0.003859,0.004991,0.004898,0.002932,2636.98,35198251100.00,7058
2017-12-08,0.005050,0.004960,0.003482,0.003392,0.005506,2651.50,35375644000.00,7062
2017-12-11,0.002781,0.002763,0.001522,0.001462,0.003202,2659.99,35474856300.00,7061
2017-12-12,0.000744,0.000714,-0.001622,-0.001663,0.001549,2664.11,35501404300.00,7061
2017-12-13,0.000541,0.000512,0.003889,0.003857,-0.000473,2662.85,35520279800.00,7064
2017-12-14,-0.004374,-0.004573,-0.005002,-0.005326,-0.004071,2652.01,35358849400.00,7065
2017-12-15,0.007951,0.007827,0.007323,0.007113,0.008974,2675.81,35629965600.00,7065
2017-12-18,0.006749,0.006671,0.009301,0.008973,0.005363,2690.16,35864970100.00,7061
2017-12-19,-0.003411,-0.003598,-0.003608,-0.003919,-0.003230,2681.47,35736111300.00,7060
2017-12-20,-0.000103,-0.000220,0.003126,0.003052,-0.000828,2679.25,35728396800.00,7059
2017-12-21,0.002510,0.002348,0.004873,0.004494,0.001986,2684.57,35812682300.00,7064
2017-12-22,-0.000161,-0.000180,0.000112,0.000042,-0.000458,2683.34,35806308800.00,7060
2017-12-26,-0.000171,-0.000241,0.002458,0.002234,-0.001058,2680.50,35798309600.00,7055
2017-12-27,0.000848,0.000782,0.001169,0.001095,0.000791,2682.62,35823040300.00,7053
2017-12-28,0.002503,0.002236,0.003175,0.002603,0.001834,2687.54,35903260600.00,7055
2017-12-29,-0.004750,-0.004827,-0.002981,-0.003039,-0.005183,2673.61,35762263300.00,7049
2018-01-02,0.008505,0.008471,0.011232,0.011214,0.008303,2695.81,36044994100.00,7046
2018-01-03,0.005856,0.005852,0.005103,0.005094,0.006399,2713.06,36255788800.00,7047
2018-01-04,0.004001,0.003858,0.005272,0.005217,0.004029,2723.99,36397082000.00,7047
2018-01-05,0.005804,0.005802,0.003880,0.003865,0.007034,2743.15,36610487500.00,7047
2018-01-08,0.001816,0.001802,0.000584,0.000574,0.001662,2747.71,36675718600.00,7045
2018-01-09,0.000921,0.000687,-0.001584,-0.001611,0.001303,2751.29,36701950000.00,7044
2018-01-10,-0.001506,-0.001511,0.000100,0.000090,-0.001112,2748.23,36647169900.00,7046
2018-01-11,0.008295,0.008223,0.011966,0.011813,0.007034,2767.56,36949145200.00,7048
2018-01-12,0.006082,0.006074,0.003715,0.003658,0.006750,2786.24,37175846200.00,7048
2018-01-16,-0.004432,-0.004449,-0.007370,-0.007408,-0.003524,2776.42,37009574100.00,7051
2018-01-17,0.008575,0.008572,0.004769,0.004752,0.009415,2802.56,37330263300.00,7054
2018-01-18,-0.002002,-0.002063,-0.003355,-0.003404,-0.001616,2798.03,37254387900.00,7056
2018-01-19,0.005419,0.005402,0.007173,0.007153,0.004385,2810.30,37466336400.00,7062
2018-01-22,0.007587,0.007571,0.005004,0.004957,0.008067,2832.97,37748864700.00,7063
2018-01-23,0.002623,0.002591,0.002905,0.002849,0.002174,2839.13,37848059500.00,7064
2018-01-24,-0.000901,-0.000932,-0.001853,-0.001860,-0.000560,2837.54,37821632700.00,7065
2018-01-25,0.000076,0.000072,-0.000398,-0.000414,0.000603,2839.25,37833387000.00,7071
2018-01-26,0.009965,0.009944,0.004628,0.004587,0.011841,2872.87,38214703400.00,7074
2018-01-29,-0.006914,-0.006952,-0.007809,-0.007824,-0.006732,2853.53,37949033700.00,7073
2018-01-30,-0.010195,-0.010305,-0.010015,-0.010088,-0.010899,2822.43,37558106100.00,7073
2018-01-31,0.000149,0.000096,-0.002694,-0.002743,0.000489,2823.81,37633761400.00,7072
2018-02-01,-0.000265,-0.000459,-0.000633,-0.000756,-0.000648,2821.98,37629207100.00,7076
2018-02-02,-0.020867,-0.020939,-0.018847,-0.019039,-0.021209,2762.13,36839034000.00,7075
2018-02-05,-0.038014,-0.038032,-0.027854,-0.027882,-0.040979,2648.94,35436083400.00,7074
2018-02-06,0.015314,0.015229,0.008436,0.008382,0.017441,2695.14,35975825700.00,7076
2018-02-07,-0.004174,-0.004228,-0.000454,-0.000506,-0.005002,2681.66,35821684500.00,7078
2018-02-08,-0.034695,-0.034815,-0.022941,-0.023086,-0.037536,2581.00,34573475400.00,7082
2018-02-09,0.012281,0.012038,0.002426,0.002332,0.014936,2619.55,34987310700.00,7083
2018-02-12,0.013221,0.013185,0.010865,0.010830,0.013915,2656.00,35448692500.00,7081
2018-02-13,0.002897,0.002853,0.003372,0.003310,0.002613,2662.94,35543791200.00,7078
2018-02-14,0.014362,0.014121,0.012807,0.012612,0.013403,2698.63,36048829300.00,7082
2018-02-15,0.011112,0.010908,0.007357,0.007223,0.012069,2731.20,36431276000.00,7085
2018-02-16,0.000368,0.000267,0.001361,0.001279,0.000373,2732.22,36443767400.00,7087
2018-02-20,-0.006285,-0.006355,-0.006603,-0.006697,-0.005841,2716.26,36213828000.00,7088
2018-02-21,-0.004405,-0.004432,-0.000251,-0.000291,-0.005497,2701.33,36052539600.00,7088
2018-02-22,0.000219,0.000150,-0.001503,-0.001559,0.000974,2703.96,36059805700.00,7090
2018-02-23,0.014656,0.014589,0.009611,0.009579,0.016028,2747.30,36587287500.00,7089
2018-02-26,0.009999,0.009909,0.005807,0.005789,0.011757,2779.60,36954870200.00,7093
2018-02-27,-0.012554,-0.012683,-0.011787,-0.011878,-0.012707,2744.28,36486876800.00,7094
2018-02-28,-0.011036,-0.011133,-0.009711,-0.009786,-0.011096,2713.83,36048758800.00,7093
2018-03-01,-0.010788,-0.010932,-0.003841,-0.004019,-0.013324,2677.67,35649990100.00,7089
2018-03-02,0.005872,0.005767,0.009519,0.009424,0.005072,2691.25,35855517000.00,7092
2018-03-05,0.010129,0.010120,0.007872,0.007850,0.011032,2720.94,36219533000.00,7094
2018-03-06,0.004148,0.004105,0.005592,0.005565,0.002639,2728.12,36361507000.00,7093
2018-03-07,0.000450,0.000371,0.002498,0.002367,-0.000484,2726.80,36365995300.00,7092
2018-03-08,0.003647,0.003401,0.001971,0.001860,0.004463,2738.97,36490809200.00,7093
2018-03-09,0.015750,0.015704,0.010643,0.010519,0.017379,2786.57,37045648100.00,7088
2018-03-12,-0.000151,-0.000156,0.003359,0.003346,-0.001274,2783.02,37042678100.00,7087
2018-03-13,-0.006180,-0.006228,-0.004327,-0.004394,-0.006364,2765.31,36813335700.00,7088
2018-03-14,-0.004591,-0.004849,-0.002565,-0.002877,-0.005724,2749.48,36640081000.00,7091
2018-03-15,-0.002203,-0.002270,-0.004407,-0.004493,-0.000782,2747.33,36559232300.00,7090
2018-03-16,0.002435,0.002330,0.005377,0.005230,0.001703,2752.01,36646184400.00,7091
2018-03-19,-0.012909,-0.012934,-0.009042,-0.009137,-0.014204,2712.92,36168714600.00,7081
2018-03-20,0.001338,0.001320,-0.001227,-0.001295,0.001482,2716.94,36216733600.00,7083
2018-03-21,0.000421,0.000323,0.005376,0.005267,-0.001844,2711.93,36229390200.00,7080
2018-03-22,-0.023891,-0.024021,-0.015429,-0.015613,-0.025163,2643.69,35359691300.00,7082
2018-03-23,-0.019286,-0.019296,-0.013460,-0.013483,-0.020967,2588.26,34670483200.00,7084
2018-03-26,0.024231,0.024179,0.011328,0.011279,0.027157,2658.55,35503787800.00,7084
2018-03-27,-0.016562,-0.016578,-0.012416,-0.012431,-0.017276,2612.62,34915129100.00,7086
2018-03-28,-0.002589,-0.002881,-0.003210,-0.003530,-0.002917,2605.00,34816038500.00,7091
2018-03-29,0.013458,0.013391,0.009276,0.009202,0.013770,2640.87,35275829200.00,7095
2018-04-02,-0.021354,-0.021424,-0.016113,-0.016240,-0.022337,2581.88,34516797300.00,7090
2018-04-03,0.011507,0.011475,0.006839,0.006815,0.012615,2614.45,34942627700.00,7089
2018-04-04,0.010361,0.010311,0.008931,0.008905,0.011567,2644.69,35296154500.00,7086
2018-04-05,0.007405,0.007304,0.006964,0.006937,0.006863,2662.84,35555828300.00,7089
2018-04-06,-0.019971,-0.019985,-0.012568,-0.012582,-0.021920,2604.47,34843578900.00,7087
2018-04-09,0.002849,0.002622,0.000648,0.000623,0.003337,2613.16,34931798800.00,7086
2018-04-10,0.016406,0.016383,0.013854,0.013843,0.016727,2656.87,35505189700.00,7089
2018-04-11,-0.003796,-0.003831,0.001802,0.001741,-0.005525,2642.19,35370118800.00,7091
2018-04-12,0.006932,0.006823,0.004143,0.003979,0.008251,2663.99,35611289200.00,7088
2018-04-13,-0.003070,-0.003097,-0.002309,-0.002406,-0.002887,2656.30,35502099400.00,7086
2018-04-16,0.008002,0.007977,0.004759,0.004741,0.008109,2677.84,35784992900.00,7085
2018-04-17,0.010291,0.010278,0.007900,0.007858,0.010662,2706.39,36147892000.00,7083
2018-04-18,0.001626,0.001624,0.003093,0.003069,0.000831,2708.64,36207368200.00,7083
2018-04-19,-0.005395,-0.005481,-0.004882,-0.004945,-0.005726,2693.13,36014599700.00,7091
2018-04-20,-0.007464,-0.007501,-0.005071,-0.005130,-0.008537,2670.14,35744081600.00,7095
2018-04-23,-0.000446,-0.000461,-0.002690,-0.002713,0.000056,2670.29,35726452800.00,7095
2018-04-24,-0.011375,-0.011425,-0.005320,-0.005348,-0.013381,2634.56,35317063700.00,7091
2018-04-25,0.000773,0.000772,-0.001460,-0.001477,0.001837,2639.40,35336095300.00,7089
2018-04-26,0.009015,0.009011,0.004886,0.004863,0.010434,2666.94,35659900700.00,7089
2018-04-27,0.000715,0.000595,0.000995,0.000828,0.001114,2669.91,35680889800.00,7089
2018-04-30,-0.007258,-0.007320,-0.004782,-0.004839,-0.008188,2648.05,35404765000.00,7085
2018-05-01,0.002191,0.002140,0.001574,0.001479,0.002549,2654.80,35482026800.00,7085
2018-05-02,-0.005574,-0.005579,0.002890,0.002867,-0.007206,2635.67,35280571500.00,7086
2018-05-03,-0.002256,-0.002385,-0.003678,-0.003741,-0.002254,2629.73,35198978600.00,7091
2018-05-04,0.012299,0.012112,0.008924,0.008808,0.012811,2663.42,35635297700.00,7097
2018-05-07,0.004128,0.004016,0.004645,0.004561,0.003458,2672.63,35783114200.00,7098
2018-05-08,0.000407,0.000388,0.001064,0.001038,-0.000266,2671.92,35798053600.00,7100
2018-05-09,0.008609,0.008521,0.004881,0.004835,0.009682,2697.79,36104096700.00,7101
2018-05-10,0.008627,0.008435,0.004790,0.004646,0.009371,2723.07,36414136900.00,7102
2018-05-11,0.001549,0.001293,0.001239,0.001166,0.001708,2727.72,36468209200.00,7102
2018-05-14,0.000775,0.000677,0.000788,0.000567,0.000884,2730.13,36492083300.00,7099
2018-05-15,-0.005764,-0.005805,-0.002099,-0.002166,-0.006842,2711.45,36273762700.00,7102
2018-05-16,0.004811,0.004618,0.005051,0.004996,0.004061,2722.46,36441048900.00,7106
2018-05-17,0.000295,0.000074,0.003840,0.003762,-0.000856,2720.13,36444755000.00,7105
2018-05-18,-0.002228,-0.002316,0.000349,0.000273,-0.002632,2712.97,36360453600.00,7104
2018-05-21,0.006987,0.006957,0.004280,0.004224,0.007387,2733.01,36613430800.00,7101
2018-05-22,-0.003453,-0.003474,-0.002860,-0.002923,-0.003136,2724.44,36487675900.00,7101
2018-05-23,0.002289,0.002262,0.000427,0.000352,0.003248,2733.29,36570797600.00,7100
2018-05-24,-0.001827,-0.001868,-0.000850,-0.000909,-0.002023,2727.76,36509770100.00,7103
2018-05-25,-0.002208,-0.002293,-0.000908,-0.000924,-0.002357,2721.33,36428250700.00,7107
2018-05-29,-0.009951,-0.009990,-0.004953,-0.004968,-0.011564,2689.86,36057069600.00,7104
2018-05-30,0.013096,0.012945,0.009972,0.009870,0.012696,2724.01,36525047800.00,7105
2018-05-31,-0.006490,-0.006665,-0.003034,-0.003148,-0.006880,2705.27,36297913200.00,7107
2018-06-01,0.009646,0.009527,0.006290,0.006158,0.010849,2734.62,36644449000.00,7113
2018-06-04,0.004526,0.004505,0.001585,0.001556,0.004480,2746.87,36809186700.00,7109
2018-06-05,0.001474,0.001429,0.004427,0.004401,0.000703,2748.80,36855368300.00,7109
2018-06-06,0.007987,0.007962,0.004383,0.004324,0.008567,2772.35,37145858700.00,7107
2018-06-07,-0.001115,-0.001282,-0.001085,-0.001183,-0.000714,2770.37,37034807400.00,7108
2018-06-08,0.002985,0.002937,0.001649,0.001550,0.003126,2779.03,37144525300.00,7108
2018-06-11,0.001520,0.001513,0.003288,0.003266,0.001069,2782.00,37201692600.00,7105
2018-06-12,0.001944,0.001908,0.001684,0.001628,0.001743,2786.85,37272507500.00,7105
2018-06-13,-0.003612,-0.003648,-0.002707,-0.002742,-0.004026,2775.63,37138622400.00,7106
2018-06-14,0.002641,0.002347,0.001899,0.001504,0.002472,2782.49,37226998400.00,7111
2018-06-15,-0.001637,-0.001776,-0.001507,-0.001618,-0.001017,2779.66,37084704600.00,7111
2018-06-18,-0.000751,-0.000795,0.001286,0.001138,-0.002126,2773.75,37056436100.00,7110
2018-06-19,-0.004079,-0.004237,-0.002744,-0.003030,-0.004023,2762.59,36899658300.00,7110
2018-06-20,0.002734,0.002721,0.005565,0.005431,0.001712,2767.32,37001299200.00,7109
2018-06-21,-0.006898,-0.006976,-0.008063,-0.008264,-0.006345,2749.76,36747585900.00,7115
2018-06-22,0.002282,0.002165,0.004064,0.003879,0.001862,2754.88,36824057100.00,7117
2018-06-25,-0.014414,-0.014431,-0.012069,-0.012251,-0.013725,2717.07,36291797500.00,7116
2018-06-26,0.002922,0.002860,0.004465,0.004362,0.002205,2723.06,36397080800.00,7116
2018-06-27,-0.009748,-0.009766,-0.010979,-0.011015,-0.008604,2699.63,36043838200.00,7124
2018-06-28,0.005631,0.005384,0.001462,0.001167,0.006179,2716.31,36245866600.00,7132
2018-06-29,0.001584,0.001526,0.002636,0.002581,0.000758,2718.37,36323454600.00,7133
2018-07-02,0.002185,0.002094,0.001214,0.001095,0.003068,2726.71,36395143400.00,7131
2018-07-03,-0.002892,-0.002926,0.002948,0.002871,-0.004947,2713.22,36290237100.00,7132
2018-07-05,0.008475,0.008310,0.006950,0.006908,0.008621,2736.61,36591955800.00,7133
2018-07-06,0.008390,0.008340,0.006434,0.006397,0.008481,2759.82,36894859300.00,7132
2018-07-09,0.008401,0.008184,0.006172,0.006143,0.008823,2784.17,37341848400.00,7131
2018-07-10,0.002293,0.002276,-0.001916,-0.001934,0.003473,2793.84,37286119000.00,7130
2018-07-11,-0.007407,-0.007410,-0.007179,-0.007215,-0.007094,2774.02,37009780300.00,7131
2018-07-12,0.008241,0.008151,0.004440,0.004302,0.008749,2798.29,37312052500.00,7130
2018-07-13,0.000713,0.000701,-0.000529,-0.000618,0.001079,2801.31,37339756100.00,7131
2018-07-16,-0.001830,-0.001871,-0.005021,-0.005054,-0.001028,2798.43,37265536200.00,7128
2018-07-17,0.003883,0.003870,0.002749,0.002714,0.003974,2809.55,37410184900.00,7129
2018-07-18,0.002471,0.002470,0.001537,0.001526,0.002160,2815.62,37499212300.00,7132
2018-07-19,-0.002465,-0.002537,0.000942,0.000899,-0.003953,2804.49,37400176500.00,7139
2018-07-20,-0.001024,-0.001056,-0.000693,-0.000738,-0.000948,2801.83,37361620700.00,7138
2018-07-23,0.001025,0.001017,-0.000604,-0.000650,0.001838,2806.98,37397557700.00,7136
2018-07-24,0.001977,0.001941,-0.004343,-0.004360,0.004781,2820.40,37471002300.00,7140
2018-07-25,0.008264,0.008228,0.003493,0.003483,0.009102,2846.07,37778631700.00,7151
2018-07-26,-0.001558,-0.001562,0.001621,0.001602,-0.003032,2837.44,37725411900.00,7156
2018-07-27,-0.007646,-0.007676,-0.010766,-0.010826,-0.006562,2818.82,37429765500.00,7160
2018-07-30,-0.005580,-0.005689,-0.004365,-0.004434,-0.005754,2802.60,37217004400.00,7162
2018-07-31,0.005536,0.005479,0.005500,0.005454,0.004885,2816.29,37418001100.00,7159
2018-08-01,-0.001296,-0.001343,-0.001793,-0.001902,-0.001040,2813.36,37366902500.00,7158
2018-08-02,0.005511,0.005378,0.002312,0.002224,0.004926,2827.22,37574689400.00,7161
2018-08-03,0.003274,0.003117,-0.000883,-0.001000,0.004644,2840.35,37691414200.00,7162
2018-08-06,0.003857,0.003764,0.002659,0.002572,0.003538,2850.40,37832627900.00,7159
2018-08-07,0.002255,0.002236,0.001724,0.001693,0.002824,2858.45,37916690600.00,7158
2018-08-08,-0.000270,-0.000293,-0.000608,-0.000631,-0.000262,2857.70,37908022200.00,7160
2018-08-09,-0.000291,-0.000507,0.001989,0.001902,-0.001442,2853.58,37890031500.00,7166
2018-08-10,-0.006335,-0.006561,-0.005299,-0.005408,-0.007114,2833.28,37622823700.00,7172
2018-08-13,-0.004685,-0.004703,-0.006389,-0.006428,-0.004006,2821.93,37400251800.00,7170
2018-08-14,0.006617,0.006497,0.004415,0.004217,0.006389,2839.96,37644167600.00,7170
2018-08-15,-0.009080,-0.009213,-0.012479,-0.012529,-0.007602,2818.37,37296815900.00,7172
2018-08-16,0.008016,0.007793,0.007086,0.006980,0.007919,2840.69,37588184700.00,7171
2018-08-17,0.003866,0.003794,0.003823,0.003761,0.003323,2850.13,37731386800.00,7170
2018-08-20,0.002833,0.002781,0.003842,0.003771,0.002428,2857.05,37834572700.00,7169
2018-08-21,0.003128,0.003091,0.006213,0.006164,0.002069,2862.96,37950927700.00,7167
2018-08-22,0.000730,0.000708,0.003802,0.003768,-0.000398,2861.82,37971826900.00,7166
2018-08-23,-0.002437,-0.002490,-0.003339,-0.003427,-0.001691,2856.98,37877358300.00,7166
2018-08-24,0.006245,0.006232,0.005713,0.005679,0.006199,2874.69,38113820600.00,7166
2018-08-27,0.007157,0.007081,0.003943,0.003801,0.007670,2896.74,38379488200.00,7162
2018-08-28,0.000006,-0.000374,0.000581,0.000481,0.000269,2897.52,38361995200.00,7163
2018-08-29,0.005183,0.005120,0.004793,0.004778,0.005701,2914.04,38559774800.00,7165
2018-08-30,-0.004428,-0.004595,-0.003806,-0.003956,-0.004430,2901.13,38383355200.00,7165
2018-08-31,0.000301,0.000199,0.003133,0.003069,0.000134,2901.52,38384784200.00,7165
2018-09-04,-0.002248,-0.002348,-0.003329,-0.003422,-0.001654,2896.72,38291164100.00,7164
2018-09-05,-0.003502,-0.003517,-0.004134,-0.004162,-0.002803,2888.60,38156914300.00,7164
2018-09-06,-0.003967,-0.004193,-0.005167,-0.005320,-0.003652,2878.05,37997550600.00,7168
2018-09-07,-0.002371,-0.002439,-0.002277,-0.002315,-0.002213,2871.68,37903292600.00,7163
2018-09-10,0.002274,0.002272,0.000687,0.000678,0.001898,2877.13,37991264300.00,7161
2018-09-11,0.003230,0.003183,0.000291,0.000265,0.003740,2887.89,38112263700.00,7161
2018-09-12,0.000829,0.000813,0.001208,0.001191,0.000357,2888.92,38130393200.00,7173
2018-09-13,0.004324,0.004057,0.001104,0.000723,0.005282,2904.18,38284400600.00,7174
2018-09-14,0.000904,0.000788,-0.000275,-0.000441,0.000275,2904.98,38300040300.00,7178
2018-09-17,-0.005975,-0.005996,-0.004701,-0.004797,-0.005570,2888.80,38059944200.00,7175
2018-09-18,0.005494,0.005445,0.004610,0.004557,0.005369,2904.31,38268170700.00,7175
2018-09-19,0.000524,0.000511,0.000787,0.000740,0.001253,2907.95,38288064000.00,7175
2018-09-20,0.007850,0.007812,0.009133,0.009049,0.007841,2930.75,38590568200.00,7176
2018-09-21,-0.001043,-0.001122,-0.000793,-0.000884,-0.000369,2929.67,38556014400.00,7182
2018-09-24,-0.003703,-0.003755,-0.002287,-0.002475,-0.003516,2919.37,38411144500.00,7182
2018-09-25,-0.000509,-0.000572,0.000698,0.000573,-0.001305,2915.56,38390419100.00,7179
2018-09-26,-0.004024,-0.004162,-0.004507,-0.004655,-0.003289,2905.97,38234907100.00,7183
2018-09-27,0.002401,0.002160,0.000414,0.000161,0.002763,2914.00,38319390600.00,7188
2018-09-28,0.000090,0.000004,0.000967,0.000897,-0.000007,2913.98,38308562100.00,7192
2018-10-01,0.001786,0.001719,-0.003124,-0.003236,0.003641,2924.59,38352145300.00,7192
2018-10-02,-0.002262,-0.002290,-0.005132,-0.005157,-0.000397,2923.43,38262782000.00,7189
2018-10-03,0.001625,0.001621,0.005896,0.005883,0.000711,2925.51,38326052500.00,7190
2018-10-04,-0.009310,-0.009476,-0.011729,-0.011764,-0.008170,2901.61,37965297300.00,7197
2018-10-05,-0.006058,-0.006083,-0.006687,-0.006723,-0.005528,2885.57,37732739200.00,7197
2018-10-08,-0.001348,-0.001348,-0.002797,-0.002797,-0.000395,2884.43,37680318200.00,7195
2018-10-09,-0.001788,-0.002006,-0.003637,-0.003663,-0.001418,2880.34,37602262200.00,7193
2018-10-10,-0.031351,-0.031361,-0.023287,-0.023324,-0.032864,2785.68,36415760500.00,7192
2018-10-11,-0.018802,-0.018814,-0.012620,-0.012676,-0.020573,2728.37,35730184600.00,7193
2018-10-12,0.012278,0.012191,0.005784,0.005632,0.014206,2767.13,36170277200.00,7195
2018-10-15,-0.003655,-0.003682,0.001522,0.001496,-0.005905,2750.79,36035278300.00,7194
2018-10-16,0.021470,0.021448,0.017397,0.017348,0.021496,2809.92,36808809400.00,7194
2018-10-17,-0.001386,-0.001413,-0.002447,-0.002473,-0.000253,2809.21,36768918800.00,7195
2018-10-18,-0.014622,-0.014689,-0.011990,-0.012048,-0.014392,2768.78,36230590300.00,7202
2018-10-19,-0.001816,-0.001838,-0.005267,-0.005279,-0.000361,2767.78,36144189900.00,7203
2018-10-22,-0.003901,-0.003924,-0.004279,-0.004324,-0.004299,2755.88,36001158200.00,7199
2018-10-23,-0.005977,-0.006017,-0.007581,-0.007635,-0.005512,2740.69,35790954500.00,7205
2018-10-24,-0.030628,-0.030663,-0.025779,-0.025791,-0.030865,2656.10,34693351500.00,7206
2018-10-25,0.017448,0.017444,0.011385,0.011373,0.018625,2705.57,35303999800.00,7209
2018-10-26,-0.015512,-0.015546,-0.008988,-0.009046,-0.017327,2658.69,34743651300.00,7210
2018-10-29,-0.006987,-0.006997,-0.006826,-0.006846,-0.006560,2641.25,34501964100.00,7211
2018-10-30,0.015604,0.015468,0.010758,0.010674,0.015667,2682.63,35035930200.00,7213
2018-10-31,0.010455,0.010410,0.007990,0.007937,0.010851,2711.74,35448633000.00,7218
2018-11-01,0.013011,0.012911,0.019172,0.019039,0.010558,2740.37,35900496500.00,7217
2018-11-02,-0.004779,-0.004889,0.000890,0.000787,-0.006317,2723.06,35725970300.00,7218
2018-11-05,0.004439,0.004407,0.001604,0.001561,0.005600,2738.31,35866784400.00,7218
2018-11-06,0.005704,0.005622,0.003496,0.003429,0.006259,2755.45,36070597900.00,7219
2018-11-07,0.019256,0.019221,0.011239,0.011198,0.021209,2813.89,36765369300.00,7222
2018-11-08,-0.002936,-0.003342,-0.003128,-0.003287,-0.002509,2806.83,36643869600.00,7219
2018-11-09,-0.009721,-0.009848,-0.012455,-0.012559,-0.009199,2781.01,36279624400.00,7220
2018-11-12,-0.018878,-0.018878,-0.016052,-0.016052,-0.019702,2726.22,35593967600.00,7217
2018-11-13,-0.001188,-0.001221,-0.002112,-0.002170,-0.001482,2722.18,35551872100.00,7219
2018-11-14,-0.006557,-0.006793,-0.006122,-0.006329,-0.007567,2701.58,35311628300.00,7218
2018-11-15,0.010788,0.010543,0.007877,0.007749,0.010594,2730.20,35685969100.00,7227
2018-11-16,0.002082,0.002012,0.000331,0.000269,0.002223,2736.27,35755118300.00,7223
2018-11-19,-0.016575,-0.016624,-0.012787,-0.012867,-0.016643,2690.73,35160467500.00,7220
2018-11-20,-0.017946,-0.018013,-0.015913,-0.015968,-0.018151,2641.89,34526974700.00,7222
2018-11-21,0.006220,0.006147,0.011582,0.011449,0.003043,2649.93,34739454300.00,7223
2018-11-23,-0.005560,-0.005609,-0.001102,-0.001139,-0.006555,2632.56,34544735200.00,7224
2018-11-26,0.014598,0.014515,0.005388,0.005352,0.015532,2673.45,35046055200.00,7225
2018-11-27,0.000513,0.000421,-0.005077,-0.005122,0.003262,2682.17,35037642900.00,7220
2018-11-28,0.022306,0.022257,0.016199,0.016186,0.022974,2743.79,35818831700.00,7222
2018-11-29,-0.001759,-0.001979,-0.000152,-0.000318,-0.002198,2737.76,35676746200.00,7224
2018-11-30,0.006818,0.006664,0.001430,0.001327,0.008186,2760.17,35936127600.00,7225
2018-12-03,0.011443,0.011394,0.009799,0.009694,0.010941,2790.37,36339643400.00,7225
2018-12-04,-0.031761,-0.031804,-0.026499,-0.026537,-0.032365,2700.06,35184022900.00,7226
2018-12-06,-0.001887,-0.002162,-0.006480,-0.006642,-0.001522,2695.95,35103420700.00,7229
2018-12-07,-0.021063,-0.021185,-0.011637,-0.011693,-0.023320,2633.08,34365429100.00,7230
2018-12-10,-0.000255,-0.000295,-0.006784,-0.006822,0.001762,2637.72,34347631500.00,7230
2018-12-11,-0.000717,-0.000756,-0.002553,-0.002582,-0.000356,2636.78,34323705300.00,7236
2018-12-12,0.006327,0.006264,0.006999,0.006825,0.005419,2651.07,34539789300.00,7236
2018-12-13,-0.002157,-0.002384,-0.009008,-0.009332,-0.000200,2650.54,34457167500.00,7237
2018-12-14,-0.017100,-0.017207,-0.013125,-0.013276,-0.019087,2599.95,33864888000.00,7237
2018-12-17,-0.020886,-0.021052,-0.020700,-0.020803,-0.020774,2545.94,33134975200.00,7225
2018-12-18,-0.000164,-0.000352,-0.004835,-0.005204,0.000086,2546.16,33125091600.00,7226
2018-12-19,-0.014833,-0.014922,-0.013426,-0.013537,-0.015396,2506.96,32632776200.00,7227
2018-12-20,-0.015372,-0.015414,-0.017901,-0.018198,-0.015772,2467.42,32122330300.00,7221
2018-12-21,-0.020591,-0.020689,-0.018780,-0.018990,-0.020588,2416.62,31407118800.00,7217
2018-12-24,-0.024166,-0.024389,-0.014143,-0.014602,-0.027112,2351.10,30637342900.00,7217
2018-12-26,0.046860,0.046837,0.030945,0.030820,0.049594,2467.70,32074058200.00,7217
2018-12-27,0.006822,0.006717,0.000606,0.000381,0.008563,2488.83,32290292900.00,7219
2018-12-28,0.000154,-0.000126,0.009300,0.008600,-0.001242,2485.74,32259565700.00,7210
2018-12-31,0.008318,0.008101,0.006218,0.006140,0.008492,2506.85,32574916300.00,7206
2019-01-02,0.001796,0.001791,0.017126,0.017105,0.001269,2510.03,32623084500.00,7198
2019-01-03,-0.021043,-0.021229,-0.009454,-0.009493,-0.024757,2447.89,31931053900.00,7198
2019-01-04,0.033410,0.033409,0.030804,0.030780,0.034336,2531.94,32997767600.00,7199
2019-01-07,0.009202,0.009196,0.016144,0.016133,0.007010,2549.69,33301896500.00,7197
2019-01-08,0.010269,0.010248,0.010358,0.010339,0.009695,2574.41,33646108500.00,7199
2019-01-09,0.006199,0.005958,0.010306,0.010264,0.004098,2584.96,33852246200.00,7202
2019-01-10,0.004474,0.004468,0.002611,0.002573,0.004518,2596.64,34007310400.00,7201
2019-01-11,-0.000152,-0.000163,0.001293,0.001246,-0.000146,2596.26,33994185100.00,7197
2019-01-14,-0.005465,-0.005554,-0.005852,-0.005991,-0.005258,2582.61,33790527400.00,7200
2019-01-15,0.009839,0.009811,0.006546,0.006491,0.010722,2610.30,34122449900.00,7197
2019-01-16,0.003177,0.003157,0.004831,0.004808,0.002222,2616.10,34241831300.00,7210
2019-01-17,0.007082,0.007014,0.005101,0.005049,0.007591,2635.96,34484051600.00,7212
2019-01-18,0.012032,0.012011,0.008534,0.008518,0.013183,2670.71,34901849800.00,7212
2019-01-22,-0.014150,-0.014182,-0.013514,-0.013570,-0.014157,2632.90,34403626000.00,7203
2019-01-23,0.001313,0.001270,-0.000571,-0.000626,0.002203,2638.70,34451610600.00,7206
2019-01-24,0.002789,0.002762,0.005460,0.005439,0.001376,2642.33,34545025900.00,7205
2019-01-25,0.009553,0.009520,0.010818,0.010780,0.008489,2664.76,34865628000.00,7204
2019-01-28,-0.006493,-0.006493,-0.003899,-0.003906,-0.007847,2643.85,34629541800.00,7201
2019-01-29,-0.000918,-0.000929,0.000164,0.000143,-0.001456,2640.00,34596023200.00,7201
2019-01-30,0.014357,0.014216,0.009789,0.009713,0.015549,2681.05,35089511200.00,7204
2019-01-31,0.008467,0.008278,0.007008,0.006938,0.008597,2704.10,35370181000.00,7204
2019-02-01,0.001418,0.001277,0.002960,0.002824,0.000899,2706.53,35400386100.00,7199
2019-02-04,0.006692,0.006647,0.007317,0.007261,0.006776,2724.87,35634343400.00,7200
2019-02-05,0.004392,0.004375,0.002633,0.002602,0.004708,2737.70,35790776400.00,7200
2019-02-06,-0.002529,-0.002605,-0.001374,-0.001427,-0.002224,2731.61,35697681200.00,7199
2019-02-07,-0.008815,-0.008945,-0.009004,-0.009092,-0.009357,2706.05,35378849100.00,7201
2019-02-08,0.000651,0.000387,-0.001107,-0.001212,0.000676,2707.88,35391747500.00,7206
2019-02-11,0.001262,0.001241,0.003731,0.003704,0.000709,2709.80,35435660800.00,7206
2019-02-12,0.012367,0.012314,0.010086,0.010024,0.012890,2744.73,35866677300.00,7207
2019-02-13,0.002782,0.002721,0.003827,0.003776,0.003024,2753.03,35965483900.00,7206
2019-02-14,-0.001423,-0.001761,0.000674,0.000393,-0.002652,2745.73,35898393400.00,7207
2019-02-15,0.010835,0.010763,0.009520,0.009451,0.010879,2775.60,36278992000.00,7205
2019-02-19,0.002351,0.002292,0.005022,0.004951,0.001499,2779.76,36362762300.00,7208
2019-02-20,0.002105,0.001968,0.001534,0.001444,0.001777,2784.70,36432588400.00,7206
2019-02-21,-0.003534,-0.003604,-0.001722,-0.001781,-0.003526,2774.88,36300843900.00,7189
2019-02-22,0.006367,0.006318,0.007815,0.007776,0.006411,2792.67,36529805800.00,7186
2019-02-25,0.001355,0.001261,0.002548,0.002533,0.001232,2796.11,36576940900.00,7184
2019-02-26,-0.001496,-0.001519,-0.002209,-0.002228,-0.000790,2793.90,36519811600.00,7186
2019-02-27,0.000503,0.000365,0.000165,0.000076,-0.000544,2792.38,36533495500.00,7185
2019-02-28,-0.002832,-0.003064,-0.003329,-0.003450,-0.002826,2784.49,36362507000.00,7186
2019-03-01,0.006074,0.005965,0.005596,0.005466,0.006895,2803.69,36576964700.00,7182
2019-03-04,-0.004235,-0.004264,-0.002059,-0.002097,-0.003881,2792.81,36419518000.00,7180
2019-03-05,-0.001320,-0.001347,-0.001251,-0.001273,-0.001131,2789.65,36367258600.00,7179
2019-03-06,-0.007768,-0.007803,-0.012423,-0.012443,-0.006524,2771.45,36083301600.00,7179
2019-03-07,-0.007494,-0.007681,-0.005773,-0.005884,-0.008126,2748.93,35807692300.00,7190
2019-03-08,-0.001900,-0.001999,-0.002342,-0.002463,-0.002132,2743.07,35731897800.00,7185
2019-03-11,0.014348,0.014321,0.013281,0.013230,0.014666,2783.30,36245177100.00,7185
2019-03-12,0.002743,0.002709,0.002639,0.002589,0.002953,2791.52,36344084300.00,7184
2019-03-13,0.006419,0.006357,0.004495,0.004448,0.006950,2810.92,36574305500.00,7185
2019-03-14,-0.000989,-0.001326,-0.001548,-0.001928,-0.000868,2808.48,36524217200.00,7183
2019-03-15,0.004549,0.004452,0.003170,0.003049,0.004985,2822.48,36689227700.00,7178
2019-03-18,0.004449,0.004420,0.006075,0.005930,0.003706,2832.94,36828719400.00,7175
2019-03-19,-0.000676,-0.000723,-0.001410,-0.001522,-0.000131,2832.57,36827636300.00,7177
2019-03-20,-0.003146,-0.003266,-0.002614,-0.002785,-0.002944,2824.23,36641163100.00,7176
2019-03-21,0.010294,0.010214,0.005282,0.005128,0.010853,2854.88,37018932400.00,7180
2019-03-22,-0.020352,-0.020404,-0.022043,-0.022070,-0.018975,2800.71,36259624300.00,7180
2019-03-25,-0.000328,-0.000413,-0.000245,-0.000300,-0.000839,2798.36,36246353500.00,7180
2019-03-26,0.007719,0.007711,0.006267,0.006223,0.007183,2818.46,36525235300.00,7179
2019-03-27,-0.004686,-0.004709,-0.002540,-0.002566,-0.004644,2805.37,36333464300.00,7180
2019-03-28,0.004111,0.003829,0.003870,0.003583,0.003590,2815.44,36474809600.00,7182
2019-03-29,0.006019,0.005974,0.002876,0.002821,0.006734,2834.40,36757421800.00,7181
2019-04-01,0.011239,0.011166,0.009780,0.009658,0.011569,2867.19,37160565400.00,7176
2019-04-02,-0.000146,-0.000181,-0.000222,-0.000269,0.000017,2867.24,37153584700.00,7178
2019-04-03,0.002548,0.002540,0.002333,0.002309,0.002148,2873.40,37249082100.00,7181
2019-04-04,0.001939,0.001779,0.002985,0.002939,0.002085,2879.39,37314627500.00,7183
2019-04-05,0.005114,0.005107,0.007044,0.007031,0.004636,2892.74,37506129600.00,7184
2019-04-08,0.001042,0.001026,0.001010,0.000995,0.001047,2895.77,37545292500.00,7181
2019-04-09,-0.006282,-0.006510,-0.006985,-0.007011,-0.006067,2878.20,37329170100.00,7183
2019-04-10,0.004781,0.004715,0.006191,0.006139,0.003478,2888.21,37505652900.00,7182
2019-04-11,-0.000123,-0.000139,-0.001768,-0.001817,0.000038,2888.32,37502682300.00,7186
2019-04-12,0.006427,0.006341,0.002535,0.002389,0.006609,2907.41,37740580000.00,7187
2019-04-15,-0.001019,-0.001050,-0.003526,-0.003550,-0.000629,2905.58,37703192600.00,7187
2019-04-16,0.000713,0.000698,0.000853,0.000809,0.000509,2907.06,37730183600.00,7190
2019-04-17,-0.003057,-0.003127,-0.005654,-0.005707,-0.002274,2900.45,37608276600.00,7191
2019-04-18,0.001078,0.001059,-0.000348,-0.000390,0.001579,2905.03,37643406500.00,7196
2019-04-22,0.000550,0.000523,-0.001071,-0.001154,0.001012,2907.97,37639434400.00,7197
2019-04-23,0.008919,0.008838,0.008481,0.008338,0.008841,2933.68,37973238400.00,7196
2019-04-24,-0.002067,-0.002100,-0.001668,-0.001680,-0.002192,2927.25,37887913300.00,7196
2019-04-25,-0.001464,-0.001472,-0.005200,-0.005228,-0.000369,2926.17,37831020500.00,7196
2019-04-26,0.005368,0.005324,0.005863,0.005817,0.004685,2939.88,38027849800.00,7195
2019-04-29,0.001457,0.001375,0.003016,0.002946,0.001071,2943.03,38080814900.00,7194
2019-04-30,0.000358,0.000297,-0.002453,-0.002528,0.000951,2945.83,38105983000.00,7195
2019-05-01,-0.007552,-0.007599,-0.006304,-0.006388,-0.007502,2923.73,37816659400.00,7196
2019-05-02,-0.001670,-0.001740,-0.001115,-0.001172,-0.002124,2917.52,37753068900.00,7198
2019-05-03,0.010903,0.010811,0.013264,0.013153,0.009638,2945.64,38153313100.00,7204
2019-05-06,-0.003819,-0.003978,-0.002032,-0.002160,-0.004471,2932.47,38002095700.00,7204
2019-05-07,-0.016138,-0.016162,-0.013079,-0.013145,-0.016512,2884.05,37387670000.00,7206
2019-05-08,-0.001604,-0.001647,-0.000962,-0.001000,-0.001605,2879.42,37328181100.00,7210
2019-05-09,-0.002762,-0.003037,-0.004986,-0.005092,-0.003021,2870.72,37219242800.00,7219
2019-05-10,0.004061,0.003802,0.001979,0.001857,0.003720,2881.40,37434169700.00,7222
2019-05-13,-0.024490,-0.024534,-0.022620,-0.022657,-0.024131,2811.87,36519894800.00,7221
2019-05-14,0.008972,0.008832,0.009282,0.009072,0.008016,2834.41,36843231600.00,7224
2019-05-15,0.005735,0.005598,0.003094,0.003035,0.005839,2850.96,37049356800.00,7225
2019-05-16,0.008466,0.008250,0.002113,0.002001,0.008895,2876.32,37354124400.00,7225
2019-05-17,-0.006777,-0.006866,-0.009133,-0.009204,-0.005837,2859.53,37105103100.00,7226
2019-05-20,-0.006482,-0.006568,-0.005819,-0.005910,-0.006749,2840.23,36861896500.00,7224
2019-05-21,0.008936,0.008913,0.008194,0.008147,0.008496,2864.36,37192909500.00,7227
2019-05-22,-0.003791,-0.003813,-0.006750,-0.006788,-0.002824,2856.27,37049977200.00,7228
2019-05-23,-0.012685,-0.012792,-0.014587,-0.014727,-0.011914,2822.24,36575131700.00,7231
2019-05-24,0.002769,0.002660,0.004570,0.004539,0.001354,2826.06,36671932500.00,7231
2019-05-28,-0.007504,-0.007522,-0.004871,-0.004896,-0.008376,2802.39,36397523000.00,7232
2019-05-29,-0.006890,-0.006911,-0.007024,-0.007040,-0.006912,2783.02,36146527000.00,7234
2019-05-30,0.001395,0.001256,-0.000323,-0.000461,0.002098,2788.86,36192615600.00,7234
2019-05-31,-0.011731,-0.011892,-0.009849,-0.009961,-0.013195,2752.06,35726100000.00,7232
2019-06-03,-0.002132,-0.002208,0.002028,0.001807,-0.002765,2744.45,35668493000.00,7233
2019-06-04,0.020888,0.020849,0.016296,0.016258,0.021432,2803.27,36411846700.00,7233
2019-06-05,0.006480,0.006393,-0.003716,-0.003743,0.008162,2826.15,36645189800.00,7236
2019-06-06,0.005135,0.004927,-0.002659,-0.002743,0.006136,2843.49,36827417700.00,7239
2019-06-07,0.009671,0.009587,0.006756,0.006706,0.010498,2873.34,37182391400.00,7239
2019-06-10,0.004786,0.004779,0.005864,0.005850,0.004660,2886.73,37362087400.00,7237
2019-06-11,-0.000587,-0.000629,-0.000756,-0.000856,-0.000350,2885.72,37352270800.00,7237
2019-06-12,-0.001895,-0.001922,-0.001817,-0.001888,-0.002038,2879.84,37281916100.00,7241
2019-06-13,0.004882,0.004584,0.007828,0.007433,0.004097,2891.64,37453863400.00,7242
2019-06-14,-0.002723,-0.002830,-0.006331,-0.006505,-0.001612,2886.98,37349175300.00,7241
2019-06-17,0.001583,0.001301,0.002658,0.002318,0.000932,2889.67,37397132900.00,7236
2019-06-18,0.009988,0.009946,0.009913,0.009857,0.009717,2917.75,37769890000.00,7237
2019-06-19,0.003742,0.003734,0.003660,0.003623,0.002985,2926.46,37911111200.00,7234
2019-06-20,0.008794,0.008724,0.006415,0.006296,0.009472,2954.18,38255824900.00,7240
2019-06-21,-0.002480,-0.002603,-0.003684,-0.003804,-0.001259,2950.46,38156750300.00,7242
2019-06-24,-0.002898,-0.002940,-0.006011,-0.006304,-0.001732,2945.35,38044759500.00,7242
2019-06-25,-0.008983,-0.008992,-0.006024,-0.006213,-0.009496,2917.38,37705025700.00,7244
2019-06-26,-0.001030,-0.001050,0.000982,0.000955,-0.001234,2913.78,37668268500.00,7248
2019-06-27,0.005851,0.005565,0.009434,0.009081,0.003823,2924.92,37887551700.00,7252
2019-06-28,0.006661,0.006603,0.010004,0.009901,0.005757,2941.76,38172873400.00,7253
2019-07-01,0.006666,0.006613,0.003592,0.003471,0.007672,2964.33,38403615600.00,7252
2019-07-02,0.002012,0.001978,-0.002689,-0.002742,0.002928,2973.01,38476858600.00,7250
2019-07-03,0.007696,0.007526,0.005094,0.005046,0.007672,2995.82,38766657200.00,7252
2019-07-05,-0.001125,-0.001196,0.001502,0.001488,-0.001806,2990.41,38720709500.00,7252
2019-07-08,-0.005365,-0.005378,-0.005379,-0.005395,-0.004835,2975.95,38512981900.00,7249
2019-07-09,0.001762,0.001542,0.000305,0.000277,0.001237,2979.63,38539124600.00,7248
2019-07-10,0.004054,0.004042,0.003225,0.003180,0.004511,2993.07,38695465200.00,7247
2019-07-11,0.001232,0.001219,-0.002149,-0.002214,0.002285,2999.91,38743229500.00,7247
2019-07-12,0.004673,0.004596,0.003242,0.003111,0.004620,3013.77,38921217100.00,7246
2019-07-15,-0.000159,-0.000165,-0.001609,-0.001632,0.000176,3014.30,38915117700.00,7246
2019-07-16,-0.002952,-0.002981,-0.001289,-0.001340,-0.003404,3004.04,38797549900.00,7249
2019-07-17,-0.005594,-0.005607,-0.005351,-0.005375,-0.006531,2984.42,38582172500.00,7250
2019-07-18,0.003364,0.003290,-0.000484,-0.000529,0.003582,2995.11,38719873200.00,7257
2019-07-19,-0.005612,-0.005642,-0.003011,-0.003042,-0.006177,2976.61,38508940400.00,7262
2019-07-22,0.002286,0.002264,-0.001336,-0.001386,0.002829,2985.03,38595470700.00,7260
2019-07-23,0.006250,0.006233,0.002997,0.002945,0.006848,3005.47,38834299100.00,7259
2019-07-24,0.006008,0.005948,0.007624,0.007603,0.004688,3019.56,39064763400.00,7265
2019-07-25,-0.006384,-0.006394,-0.008782,-0.008802,-0.005262,3003.67,38822828800.00,7270
2019-07-26,0.007304,0.007274,0.005888,0.005837,0.007388,3025.86,39105561200.00,7274
2019-07-29,-0.002677,-0.002681,-0.003894,-0.003915,-0.001616,3020.97,39009264400.00,7270
2019-07-30,-0.001279,-0.001417,0.005348,0.005272,-0.002579,3013.18,38937112600.00,7269
2019-07-31,-0.009979,-0.010018,-0.006988,-0.007021,-0.010886,2980.38,38562533000.00,7270
2019-08-01,-0.009219,-0.009341,-0.011820,-0.011944,-0.008999,2953.56,38192206700.00,7268
2019-08-02,-0.007805,-0.007903,-0.007407,-0.007490,-0.007283,2932.05,37888701200.00,7269
2019-08-05,-0.028423,-0.028492,-0.024732,-0.024778,-0.029778,2844.74,36807436400.00,7270
2019-08-06,0.011900,0.011833,0.005916,0.005855,0.013017,2881.77,37244078300.00,7268
2019-08-07,0.001289,0.001257,0.000099,0.000056,0.000767,2883.98,37291626900.00,7267
2019-08-08,0.018530,0.018294,0.012821,0.012712,0.018762,2938.09,37974702500.00,7267
2019-08-09,-0.007192,-0.007324,-0.007476,-0.007579,-0.006617,2918.65,37662008900.00,7266
2019-08-12,-0.012019,-0.012148,-0.009434,-0.009475,-0.012184,2883.09,37204954000.00,7266
2019-08-13,0.013317,0.013286,0.007568,0.007508,0.014994,2926.32,37700514400.00,7266
2019-08-14,-0.027826,-0.028077,-0.024169,-0.024361,-0.029293,2840.60,36643681000.00,7267
2019-08-15,0.001777,0.001593,-0.003952,-0.004073,0.002464,2847.60,36703537800.00,7269
2019-08-16,0.014891,0.014769,0.015547,0.015479,0.014426,2888.68,37246357800.00,7269
2019-08-19,0.010675,0.010601,0.009701,0.009619,0.012106,2923.65,37640589900.00,7269
2019-08-20,-0.006749,-0.006811,-0.002874,-0.002925,-0.007915,2900.51,37384186400.00,7269
2019-08-21,0.007927,0.007886,0.006829,0.006787,0.008247,2924.43,37679725800.00,7268
2019-08-22,-0.001010,-0.001047,-0.002545,-0.002666,-0.000506,2922.95,37638701200.00,7265
2019-08-23,-0.024254,-0.024263,-0.020065,-0.020096,-0.025946,2847.11,36725734600.00,7265
2019-08-26,0.009977,0.009891,0.006578,0.006562,0.010983,2878.38,37089711000.00,7264
2019-08-27,-0.003859,-0.003873,-0.008679,-0.008702,-0.003203,2869.16,36946930900.00,7264
2019-08-28,0.006323,0.006298,0.008018,0.008004,0.006545,2887.94,37180346500.00,7264
2019-08-29,0.012551,0.012390,0.010907,0.010762,0.012687,2924.58,37641541300.00,7263
2019-08-30,0.000647,0.000539,0.001053,0.000974,0.000643,2926.46,37654748600.00,7261
2019-09-03,-0.007200,-0.007329,-0.008656,-0.008863,-0.006899,2906.27,37380213900.00,7262
2019-09-04,0.010731,0.010667,0.008953,0.008929,0.010842,2937.78,37778926500.00,7260
2019-09-05,0.012384,0.012200,0.012068,0.011972,0.013010,2976.00,38241882100.00,7260
2019-09-06,0.000270,0.000227,0.000926,0.000871,0.000911,2978.71,38251806100.00,7261
2019-09-09,0.000597,0.000530,0.007296,0.007262,-0.000094,2978.43,38274214600.00,7262
2019-09-10,0.001209,0.001183,0.009903,0.009873,0.000322,2979.39,38318928200.00,7261
2019-09-11,0.008121,0.008077,0.012987,0.012953,0.007230,3000.93,38628090700.00,7261
2019-09-12,0.002394,0.002245,0.000011,-0.000245,0.002879,3009.57,38717207800.00,7263
2019-09-13,-0.000402,-0.000640,0.001892,0.001653,-0.000724,3007.39,38694453400.00,7266
2019-09-16,-0.001251,-0.001313,0.004686,0.004643,-0.003136,2997.96,38644605000.00,7267
2019-09-17,0.002169,0.002144,-0.002837,-0.002901,0.002582,3005.70,38727534400.00,7267
2019-09-18,-0.000724,-0.000738,-0.004144,-0.004172,0.000343,3006.73,38677825100.00,7264
2019-09-19,-0.000145,-0.000195,-0.001899,-0.001980,0.000020,3006.79,38669070200.00,7269
2019-09-20,-0.004082,-0.004185,0.000365,0.000199,-0.004896,2992.07,38506625800.00,7267
2019-09-23,-0.000094,-0.000116,-0.001491,-0.001636,-0.000097,2991.78,38502949600.00,7267
2019-09-24,-0.009181,-0.009393,-0.012349,-0.012563,-0.008416,2966.60,38113629900.00,7264
2019-09-25,0.005652,0.005628,0.002551,0.002370,0.006159,2984.87,38325647800.00,7271
2019-09-26,-0.003072,-0.003169,-0.006435,-0.006501,-0.002429,2977.62,38207774600.00,7277
2019-09-27,-0.005689,-0.005901,-0.006139,-0.006374,-0.005316,2961.79,37956380700.00,7276
2019-09-30,0.004452,0.004384,0.000793,0.000752,0.005048,2976.74,38170395100.00,7272
2019-10-01,-0.012535,-0.012611,-0.013112,-0.013223,-0.012258,2940.25,37688724100.00,7278
2019-10-02,-0.016124,-0.016138,-0.011593,-0.011622,-0.017903,2887.61,37079734400.00,7279
2019-10-03,0.007636,0.007462,0.004945,0.004908,0.007972,2910.63,37344862200.00,7280
2019-10-04,0.012663,0.012646,0.006928,0.006903,0.014217,2952.01,37818052400.00,7281
2019-10-07,-0.003916,-0.003922,-0.002572,-0.002580,-0.004478,2938.79,37668765500.00,7281
2019-10-08,-0.015075,-0.015095,-0.012203,-0.012215,-0.015561,2893.06,37106936000.00,7280
2019-10-09,0.008366,0.008121,0.002602,0.002579,0.009105,2919.40,37410538900.00,7276
2019-10-10,0.005609,0.005581,0.001782,0.001699,0.006416,2938.13,37620110300.00,7283
2019-10-11,0.011399,0.011317,0.012407,0.012265,0.010939,2970.27,38047191000.00,7283
2019-10-14,-0.001618,-0.001618,-0.001781,-0.001781,-0.001387,2966.15,37985477700.00,7279
2019-10-15,0.009102,0.009097,0.008558,0.008514,0.009956,2995.68,38332236500.00,7279
2019-10-16,-0.001892,-0.001939,0.001273,0.001239,-0.002000,2989.69,38260520000.00,7279
2019-10-17,0.003690,0.003633,0.005286,0.005226,0.002763,2997.95,38401310400.00,7283
2019-10-18,-0.003714,-0.003736,-0.002769,-0.002810,-0.003919,2986.20,38248222900.00,7281
2019-10-21,0.006672,0.006646,0.005955,0.005906,0.006872,3006.72,38500021600.00,7280
2019-10-22,-0.003284,-0.003313,-0.000518,-0.000549,-0.003569,2995.99,38370951800.00,7279
2019-10-23,0.002377,0.002319,0.003058,0.003017,0.002847,3004.52,38460371400.00,7278
2019-10-24,0.002351,0.002339,-0.001025,-0.001058,0.001920,3010.29,38550431900.00,7279
2019-10-25,0.004071,0.004048,0.003953,0.003911,0.004073,3022.55,38708704200.00,7285
2019-10-28,0.005234,0.005233,0.003628,0.003620,0.005581,3039.42,38912238200.00,7280
2019-10-29,-0.000574,-0.000583,-0.000548,-0.000565,-0.000832,3036.89,38883358600.00,7282
2019-10-30,0.002780,0.002661,-0.001200,-0.001286,0.003253,3046.77,38987426100.00,7281
2019-10-31,-0.003480,-0.003593,-0.004344,-0.004432,-0.003023,3037.56,38823462600.00,7283
2019-11-01,0.010212,0.010072,0.013004,0.012835,0.009662,3066.91,39208398500.00,7280
2019-11-04,0.003762,0.003720,0.006466,0.006431,0.003704,3078.27,39353817400.00,7278
2019-11-05,-0.001073,-0.001083,0.000941,0.000916,-0.001186,3074.62,39313020400.00,7280
2019-11-06,-0.000325,-0.000401,-0.004803,-0.004881,0.000703,3076.78,39297958900.00,7280
2019-11-07,0.002842,0.002488,0.000340,0.000181,0.002730,3085.18,39397133500.00,7288
2019-11-08,0.002642,0.002507,0.000841,0.000753,0.002561,3093.08,39496280400.00,7289
2019-11-11,-0.001637,-0.001637,-0.002542,-0.002542,-0.001962,3087.01,39432739200.00,7287
2019-11-12,0.001141,0.001094,-0.001035,-0.001118,0.001565,3091.84,39476332900.00,7284
2019-11-13,0.000337,0.000300,-0.004135,-0.004189,0.000712,3094.04,39488817800.00,7282
2019-11-14,0.000987,0.000730,-0.001756,-0.002016,0.000837,3096.63,39518791400.00,7284
2019-11-15,0.007074,0.006937,0.004136,0.004077,0.007695,3120.46,39794580600.00,7287
2019-11-18,0.000148,0.000105,-0.003061,-0.003146,0.000503,3122.03,39799930000.00,7282
2019-11-19,0.000027,-0.000034,0.001460,0.001403,-0.000593,3120.18,39799815000.00,7281
2019-11-20,-0.002962,-0.003099,-0.002946,-0.002996,-0.003756,3108.46,39674855100.00,7281
2019-11-21,-0.001708,-0.001770,-0.000985,-0.001103,-0.001583,3103.54,39526116000.00,7277
2019-11-22,0.002020,0.002006,0.003557,0.003523,0.002175,3110.29,39607364000.00,7278
2019-11-25,0.008560,0.008473,0.011192,0.011149,0.007507,3133.64,39942867500.00,7273
2019-11-26,0.002218,0.002189,0.000465,0.000432,0.002196,3140.52,40030451300.00,7274
2019-11-27,0.004320,0.004194,0.005769,0.005643,0.004174,3153.63,40203398800.00,7273
2019-11-29,-0.004045,-0.004222,-0.000236,-0.000344,-0.004011,3140.98,40071128100.00,7272
2019-12-02,-0.008547,-0.008633,-0.006343,-0.006470,-0.008631,3113.87,39725234000.00,7270
2019-12-03,-0.005643,-0.005673,-0.002800,-0.002829,-0.006638,3093.20,39499115300.00,7271
2019-12-04,0.006030,0.005955,0.005447,0.005424,0.006324,3112.76,39733288700.00,7273
2019-12-05,0.001102,0.000882,-0.000491,-0.000581,0.001500,3117.43,39767524600.00,7272
2019-12-06,0.008432,0.008390,0.008005,0.007948,0.009136,3145.91,40102370400.00,7271
2019-12-09,-0.002700,-0.002763,0.000526,0.000453,-0.003163,3135.96,39961505700.00,7273
2019-12-10,-0.000696,-0.000739,0.001636,0.001620,-0.001097,3132.52,39932922000.00,7272
2019-12-11,0.002740,0.002715,0.002606,0.002459,0.002908,3141.63,40049550000.00,7267
2019-12-12,0.007859,0.007671,0.007406,0.007134,0.008575,3168.57,40360419800.00,7269
2019-12-13,0.000027,-0.000149,-0.000715,-0.001047,0.000073,3168.80,40350614600.00,7268
2019-12-16,0.007073,0.006803,0.005041,0.004648,0.007148,3191.45,40632788400.00,7266
2019-12-17,0.000547,0.000535,0.002179,0.002120,0.000335,3192.52,40647833800.00,7258
2019-12-18,0.000228,0.000142,0.002202,0.002111,-0.000432,3191.14,40657930000.00,7260
2019-12-19,0.004192,0.004114,0.003721,0.003563,0.004459,3205.37,40825026300.00,7259
2019-12-20,0.004534,0.004416,0.002899,0.002677,0.004945,3221.22,41003573800.00,7262
2019-12-23,0.000956,0.000801,0.003865,0.003350,0.000866,3224.01,41037793500.00,7258
2019-12-24,0.000380,0.000269,0.003556,0.003383,-0.000195,3223.38,41046819300.00,7255
2019-12-26,0.004616,0.004528,0.003437,0.003367,0.005128,3239.91,41232802800.00,7256
2019-12-27,-0.000643,-0.000714,-0.002284,-0.002529,0.000034,3240.02,41184857200.00,7259
2019-12-30,-0.005105,-0.005333,-0.001236,-0.001732,-0.005781,3221.29,40958329700.00,7260
2019-12-31,0.002964,0.002908,0.005045,0.005000,0.002946,3230.78,41157248900.00,7254
2020-01-02,0.007412,0.007316,0.005470,0.005428,0.008379,3257.85,41464750500.00,7253
2020-01-03,-0.005828,-0.005900,-0.003057,-0.003072,-0.007060,3234.85,41221075000.00,7253
2020-01-06,0.003269,0.003245,0.004548,0.004519,0.003533,3246.28,41345982500.00,7253
2020-01-07,-0.002147,-0.002216,-0.000041,-0.000057,-0.002803,3237.18,41255458200.00,7253
2020-01-08,0.004028,0.003996,0.000914,0.000903,0.004902,3253.05,41421671900.00,7254
2020-01-09,0.005831,0.005627,0.002941,0.002900,0.006655,3274.70,41655075000.00,7254
2020-01-10,-0.002578,-0.002586,-0.001247,-0.001285,-0.002855,3265.35,41547054700.00,7256
2020-01-13,0.007077,0.007073,0.004614,0.004608,0.006976,3288.13,41841446000.00,7256
2020-01-14,-0.000394,-0.000470,0.002920,0.002761,-0.001515,3283.15,41825860000.00,7259
2020-01-15,0.001938,0.001921,0.003106,0.003084,0.001870,3289.29,41904637300.00,7257
2020-01-16,0.008389,0.008356,0.009900,0.009840,0.008367,3316.81,42254639300.00,7256
2020-01-17,0.002523,0.002506,-0.000518,-0.000544,0.003862,3329.62,42358160600.00,7263
2020-01-21,-0.003027,-0.003051,-0.004034,-0.004087,-0.002652,3320.79,42226081300.00,7262
2020-01-22,0.000376,0.000350,-0.001240,-0.001260,0.000289,3321.75,42240826800.00,7263
2020-01-23,0.001000,0.000943,-0.001272,-0.001344,0.001141,3325.54,42279515100.00,7262
2020-01-24,-0.008836,-0.008888,-0.010013,-0.010049,-0.009042,3295.47,41886452600.00,7263
2020-01-27,-0.014872,-0.014873,-0.013417,-0.013421,-0.015731,3243.63,41262745500.00,7262
2020-01-28,0.009614,0.009600,0.007312,0.007306,0.010054,3276.24,41658005100.00,7261
2020-01-29,-0.001160,-0.001178,-0.003777,-0.003802,-0.000867,3273.40,41612026500.00,7264
2020-01-30,0.002780,0.002602,-0.003303,-0.003417,0.003134,3283.66,41722187500.00,7265
2020-01-31,-0.016642,-0.016726,-0.014389,-0.014453,-0.017706,3225.52,41059766800.00,7267
2020-02-03,0.007562,0.007308,0.004585,0.004418,0.007255,3248.92,41359585800.00,7266
2020-02-04,0.014853,0.014843,0.010742,0.010721,0.014980,3297.59,41965021700.00,7264
2020-02-05,0.009336,0.009318,0.011625,0.011596,0.011251,3334.69,42356790400.00,7267
2020-02-06,0.002601,0.002446,-0.001729,-0.001809,0.003326,3345.78,42474103800.00,7270
2020-02-07,-0.005527,-0.005683,-0.008712,-0.008782,-0.005401,3327.71,42233310000.00,7273
2020-02-10,0.006756,0.006647,0.002496,0.002464,0.007326,3352.09,42515778600.00,7271
2020-02-11,0.003402,0.003367,0.005309,0.005261,0.001689,3357.75,42658972800.00,7270
2020-02-12,0.006406,0.006378,0.005858,0.005791,0.006463,3379.45,42932277900.00,7271
2020-02-13,-0.000773,-0.001059,-0.001469,-0.001731,-0.001630,3373.94,42892967300.00,7275
2020-02-14,0.001660,0.001527,-0.000396,-0.000496,0.001844,3380.16,42960048000.00,7271
2020-02-18,-0.001944,-0.001987,-0.000244,-0.000286,-0.002920,3370.29,42876755700.00,7240
2020-02-19,0.005179,0.005061,0.005293,0.005263,0.004706,3386.15,43094707300.00,7240
2020-02-20,-0.002604,-0.002669,0.002578,0.002451,-0.003816,3373.23,42980278900.00,7238
2020-02-21,-0.009789,-0.009838,-0.006579,-0.006638,-0.010518,3337.75,42558943500.00,7238
2020-02-24,-0.031760,-0.031863,-0.025365,-0.025419,-0.033514,3225.89,41203123100.00,7240
2020-02-25,-0.029476,-0.029505,-0.026824,-0.026857,-0.030280,3128.21,39988142700.00,7241
2020-02-26,-0.005395,-0.005402,-0.008618,-0.008642,-0.003779,3116.39,39775014500.00,7241
2020-02-27,-0.040987,-0.041165,-0.029388,-0.029535,-0.044163,2978.76,38137531800.00,7252
2020-02-28,-0.008552,-0.008690,-0.009691,-0.009804,-0.008238,2954.22,37777535300.00,7253
2020-03-02,0.040304,0.040243,0.022813,0.022721,0.046039,3090.23,39293325600.00,7253
2020-03-03,-0.024635,-0.024678,-0.013162,-0.013203,-0.028108,3003.37,38329587300.00,7254
2020-03-04,0.037552,0.037499,0.022444,0.022401,0.042203,3130.12,39769249400.00,7253
2020-03-05,-0.031529,-0.031701,-0.026674,-0.026765,-0.033922,3023.94,38508976900.00,7253
2020-03-06,-0.017785,-0.017824,-0.021078,-0.021144,-0.017054,2972.37,37824987300.00,7253
2020-03-09,-0.079317,-0.079414,-0.085247,-0.085302,-0.075970,2746.56,34812525900.00,7250
2020-03-10,0.044398,0.044320,0.024204,0.024161,0.049396,2882.23,36360737600.00,7249
2020-03-11,-0.049958,-0.050022,-0.050931,-0.051037,-0.048868,2741.38,34538712500.00,7249
2020-03-12,-0.096841,-0.097022,-0.100597,-0.100861,-0.095113,2480.64,31187710600.00,7250
2020-03-13,0.085502,0.085205,0.054602,0.054337,0.092871,2711.02,33838491100.00,7246
2020-03-16,-0.118167,-0.118218,-0.107631,-0.107768,-0.119840,2386.13,29835064900.00,7247
2020-03-17,0.053074,0.053029,0.035050,0.034924,0.059955,2529.19,31417358200.00,7246
2020-03-18,-0.059610,-0.059622,-0.097954,-0.097985,-0.051831,2398.10,29541735600.00,7246
2020-03-19,0.014319,0.014202,0.059286,0.059064,0.004708,2409.39,29961050300.00,7246
2020-03-20,-0.037156,-0.037325,-0.012596,-0.012712,-0.043360,2304.92,28842861000.00,7247
2020-03-23,-0.026878,-0.026964,-0.022939,-0.023269,-0.029294,2237.40,28065017100.00,7247
2020-03-24,0.091556,0.091477,0.082175,0.082032,0.093828,2447.33,30630816000.00,7246
2020-03-25,0.016379,0.016249,0.036478,0.036335,0.011535,2475.56,31129383300.00,7248
2020-03-26,0.057471,0.057358,0.050235,0.050067,0.062414,2630.07,32914277400.00,7246
2020-03-27,-0.033038,-0.033044,-0.029879,-0.029934,-0.033687,2541.47,31804412300.00,7247
2020-03-30,0.029038,0.028781,0.009953,0.009577,0.033516,2626.65,32713446100.00,7228
2020-03-31,-0.012277,-0.012356,0.000633,0.000589,-0.016013,2584.59,32333521600.00,7226
2020-04-01,-0.045015,-0.045078,-0.050873,-0.051031,-0.044142,2470.50,30874144600.00,7224
2020-04-02,0.019501,0.019376,0.008287,0.008253,0.022829,2526.90,31470334500.00,7224
2020-04-03,-0.015754,-0.015848,-0.020541,-0.020577,-0.015137,2488.65,30941290400.00,7227
2020-04-06,0.067894,0.067859,0.059139,0.059111,0.070331,2663.68,33042241800.00,7226
2020-04-07,0.000476,0.000465,0.010586,0.010556,-0.001603,2659.41,33066021300.00,7223
2020-04-08,0.033821,0.033608,0.037248,0.037196,0.034056,2749.98,34179011300.00,7226
2020-04-09,0.018252,0.018136,0.034491,0.034419,0.014487,2789.82,34800817900.00,7229
2020-04-13,-0.010147,-0.010165,-0.007105,-0.007128,-0.010105,2761.63,34446491700.00,7228
2020-04-14,0.028171,0.028068,0.019400,0.019208,0.030573,2846.06,35413913800.00,7229
2020-04-15,-0.023057,-0.023104,-0.026455,-0.026501,-0.022031,2783.36,34597962300.00,7229
2020-04-16,0.004197,0.004189,-0.006668,-0.006709,0.005817,2799.55,34745209200.00,7227
2020-04-17,0.027687,0.027655,0.032660,0.032620,0.026794,2874.56,35706032500.00,7225
2020-04-20,-0.015553,-0.015577,-0.011511,-0.011589,-0.017881,2823.16,35151933400.00,7224
2020-04-21,-0.029210,-0.029232,-0.017875,-0.017925,-0.030675,2736.56,34112285000.00,7222
2020-04-22,0.021876,0.021818,0.015250,0.015167,0.022930,2799.31,34854949900.00,7220
2020-04-23,0.001250,0.001187,0.010179,0.010146,-0.000539,2797.80,34901819500.00,7221
2020-04-24,0.013045,0.013024,0.009656,0.009611,0.013918,2836.74,35354755400.00,7226
2020-04-27,0.017511,0.017494,0.028557,0.028542,0.014714,2878.48,35967528900.00,7223
2020-04-28,-0.002298,-0.002303,0.012304,0.012293,-0.005242,2863.39,35887277500.00,7223
2020-04-29,0.028865,0.028790,0.040460,0.040370,0.026584,2939.51,36922040000.00,7225
2020-04-30,-0.013076,-0.013137,-0.019332,-0.019410,-0.009212,2912.43,36503289300.00,7224
2020-05-01,-0.028041,-0.028171,-0.028944,-0.029083,-0.028059,2830.71,35477726800.00,7224
2020-05-04,0.004810,0.004795,0.003996,0.003949,0.004250,2842.74,35647592100.00,7219
2020-05-05,0.008738,0.008694,0.003523,0.003497,0.009041,2868.44,35949805300.00,7216
2020-05-06,-0.005853,-0.005940,-0.008204,-0.008256,-0.006979,2848.42,35737085800.00,7215
2020-05-07,0.013322,0.013014,0.015041,0.014913,0.011505,2881.19,36203615200.00,7217
2020-05-08,0.018605,0.018450,0.026622,0.026483,0.016872,2929.80,36871567000.00,7221
2020-05-11,-0.000441,-0.000451,-0.004087,-0.004115,0.000177,2930.32,36792685400.00,7223
2020-05-12,-0.020370,-0.020495,-0.018736,-0.018864,-0.020544,2870.12,36039941400.00,7222
2020-05-13,-0.019027,-0.019083,-0.027333,-0.027424,-0.017463,2820.00,35353425600.00,7224
2020-05-14,0.010302,0.010068,0.003296,0.003026,0.011525,2852.50,35711254000.00,7223
2020-05-15,0.005234,0.005131,0.008224,0.008113,0.003926,2863.70,35897254000.00,7222
2020-05-18,0.033368,0.033256,0.045796,0.045701,0.031501,2953.91,37095052600.00,7222
2020-05-19,-0.009706,-0.009772,-0.008125,-0.008165,-0.010484,2922.94,36735019700.00,7220
2020-05-20,0.017387,0.017253,0.022291,0.022215,0.016651,2971.61,37370714600.00,7221
2020-05-21,-0.006646,-0.006709,-0.000303,-0.000416,-0.007774,2948.51,37128573700.00,7224
2020-05-22,0.002656,0.002539,0.002900,0.002866,0.002354,2955.45,37228497900.00,7223
2020-05-26,0.014186,0.014163,0.024626,0.024599,0.012289,2991.77,37757434500.00,7223
2020-05-27,0.014962,0.014949,0.020347,0.020326,0.014827,3036.13,38321668200.00,7222
2020-05-28,-0.003516,-0.003637,-0.009559,-0.009664,-0.002108,3029.73,38182639100.00,7218
2020-05-29,0.004678,0.004546,-0.001383,-0.001494,0.004812,3044.31,38384814300.00,7217
2020-06-01,0.006645,0.006569,0.012507,0.012386,0.003751,3055.73,38638197900.00,7211
2020-06-02,0.008413,0.008391,0.011030,0.011004,0.008211,3080.82,38960620200.00,7210
2020-06-03,0.014862,0.014781,0.022584,0.022547,0.013649,3122.87,39552027800.00,7214
2020-06-04,-0.003038,-0.003198,0.008012,0.007949,-0.003369,3112.35,39428222300.00,7216
2020-06-05,0.025002,0.024987,0.032168,0.032153,0.026212,3193.93,40415183800.00,7221
2020-06-08,0.014235,0.014211,0.032394,0.032376,0.012042,3232.39,40984818400.00,7217
2020-06-09,-0.009508,-0.009566,-0.010359,-0.010387,-0.007799,3207.18,40598846700.00,7218
2020-06-10,-0.006659,-0.006675,-0.016255,-0.016340,-0.005313,3190.14,40332252400.00,7218
2020-06-11,-0.058203,-0.058298,-0.063587,-0.063694,-0.058944,3002.10,37983674300.00,7224
2020-06-12,0.014074,0.013807,0.022566,0.022253,0.013061,3041.31,38515736200.00,7231
2020-06-15,0.010691,0.010514,0.014460,0.014142,0.008312,3066.59,38919359200.00,7228
2020-06-16,0.017647,0.017622,0.018722,0.018654,0.018962,3124.74,39624503900.00,7227
2020-06-17,-0.004129,-0.004139,-0.008035,-0.008080,-0.003600,3113.49,39459812400.00,7227
2020-06-18,0.001198,0.001168,0.000431,0.000344,0.000594,3115.34,39509481400.00,7232
2020-06-19,-0.004599,-0.004768,-0.002264,-0.002361,-0.005649,3097.74,39326829600.00,7238
2020-06-22,0.006682,0.006590,0.003837,0.003538,0.006495,3117.86,39581313000.00,7233
2020-06-23,0.003905,0.003895,0.003704,0.003608,0.004307,3131.29,39738262400.00,7233
2020-06-24,-0.025737,-0.025761,-0.025694,-0.025756,-0.025855,3050.33,38715301400.00,7236
2020-06-25,0.011260,0.011159,0.010545,0.010364,0.010960,3083.76,39148873200.00,7241
2020-06-26,-0.022878,-0.022902,-0.020526,-0.020588,-0.024227,3009.05,38249591800.00,7250
2020-06-29,0.014497,0.014286,0.016462,0.016200,0.014686,3053.24,38798593300.00,7246
2020-06-30,0.014671,0.014611,0.009754,0.009726,0.015410,3100.29,39436685700.00,7244
2020-07-01,0.004033,0.003959,-0.002446,-0.002601,0.005022,3115.86,39587479500.00,7244
2020-07-02,0.005020,0.004875,0.004246,0.004193,0.004541,3130.01,39785277900.00,7244
2020-07-06,0.014885,0.014858,0.012130,0.012103,0.015882,3179.72,40380176100.00,7244
2020-07-07,-0.010264,-0.010268,-0.013507,-0.013517,-0.010819,3145.32,39967384200.00,7243
2020-07-08,0.008437,0.008426,0.006774,0.006748,0.007828,3169.94,40304733900.00,7247
2020-07-09,-0.005703,-0.005918,-0.013139,-0.013178,-0.005644,3152.05,40066171300.00,7248
2020-07-10,0.010386,0.010374,0.012624,0.012560,0.010466,3185.04,40485405200.00,7252
2020-07-13,-0.011212,-0.011214,-0.010449,-0.010459,-0.009363,3155.22,40032816100.00,7251
2020-07-14,0.013290,0.013178,0.009832,0.009665,0.013406,3197.52,40568757200.00,7252
2020-07-15,0.011800,0.011781,0.024746,0.024722,0.009082,3226.56,41048617900.00,7254
2020-07-16,-0.004003,-0.004028,-0.001971,-0.002030,-0.003406,3215.57,40889164400.00,7255
2020-07-17,0.003636,0.003598,0.005338,0.005311,0.002849,3224.73,41038523900.00,7259
2020-07-20,0.008567,0.008563,0.002191,0.002151,0.008407,3251.84,41395287500.00,7260
2020-07-21,0.002298,0.002286,0.012603,0.012589,0.001679,3257.30,41482657400.00,7258
2020-07-22,0.005138,0.005121,0.001624,0.001608,0.005747,3276.02,41700288300.00,7261
2020-07-23,-0.010909,-0.010967,-0.004228,-0.004309,-0.012320,3235.66,41243321800.00,7263
2020-07-24,-0.006986,-0.007031,-0.007645,-0.007669,-0.006190,3215.63,40957517700.00,7268
2020-07-27,0.009010,0.009006,0.006945,0.006942,0.007395,3239.41,41326774200.00,7268
2020-07-28,-0.006926,-0.006935,-0.004818,-0.004829,-0.006473,3218.44,41040950000.00,7266
2020-07-29,0.013428,0.013422,0.013156,0.013127,0.012428,3258.44,41593829100.00,7269
2020-07-30,-0.003768,-0.003929,-0.002326,-0.002425,-0.003750,3246.22,41431416000.00,7273
2020-07-31,0.004524,0.004438,-0.007106,-0.007177,0.007670,3271.12,41718913900.00,7273
2020-08-03,0.008692,0.008612,0.013695,0.013587,0.007181,3294.61,42075726400.00,7270
2020-08-04,0.004528,0.004524,0.008749,0.008733,0.003612,3306.51,42266329700.00,7270
2020-08-05,0.007526,0.007520,0.012041,0.011982,0.006430,3327.77,42592938100.00,7276
2020-08-06,0.004654,0.004495,-0.000438,-0.000548,0.006428,3349.16,42798666300.00,7274
2020-08-07,0.000244,0.000084,0.006408,0.006307,0.000633,3351.28,42805674100.00,7280
2020-08-10,0.002652,0.002638,0.010567,0.010548,0.002742,3360.47,42920786800.00,7280
2020-08-11,-0.007931,-0.007947,-0.005603,-0.005627,-0.007969,3333.69,42581521000.00,7280
2020-08-12,0.012994,0.012890,0.004380,0.004314,0.013997,3380.35,43134533800.00,7284
2020-08-13,-0.000593,-0.000841,-0.000391,-0.000655,-0.002047,3373.43,43100023800.00,7284
2020-08-14,-0.000669,-0.000753,-0.000955,-0.001067,-0.000172,3372.85,43084121100.00,7289
2020-08-17,0.005019,0.004995,0.004042,0.003999,0.002710,3381.99,43298916100.00,7285
2020-08-18,0.001404,0.001289,-0.005829,-0.005894,0.002303,3389.78,43355386400.00,7275
2020-08-19,-0.004378,-0.004493,-0.002526,-0.002555,-0.004404,3374.85,43163827800.00,7277
2020-08-20,0.002806,0.002765,-0.003818,-0.003882,0.003159,3385.51,43285647400.00,7278
2020-08-21,0.001599,0.001548,-0.007692,-0.007789,0.003441,3397.16,43357259300.00,7280
2020-08-24,0.008910,0.008826,0.005493,0.005448,0.010044,3431.28,43741511800.00,7276
2020-08-25,0.003408,0.003392,0.003946,0.003925,0.003596,3443.62,43890320500.00,7278
2020-08-26,0.008729,0.008714,-0.002935,-0.002968,0.010196,3478.73,44272880900.00,7277
2020-08-27,0.001686,0.001634,-0.001134,-0.001177,0.001673,3484.55,44347661600.00,7282
2020-08-28,0.006925,0.006825,0.010001,0.009915,0.006733,3508.01,44652349400.00,7285
2020-08-31,-0.001560,-0.001659,-0.007657,-0.007737,-0.002195,3500.31,44609398900.00,7286
2020-09-01,0.008490,0.008440,0.003061,0.002978,0.007525,3526.65,44988641900.00,7287
2020-09-02,0.012122,0.012053,0.005777,0.005765,0.015366,3580.84,45532029900.00,7285
2020-09-03,-0.033998,-0.034142,-0.021922,-0.021999,-0.035126,3455.06,43979076800.00,7288
2020-09-04,-0.008065,-0.008071,-0.004367,-0.004388,-0.008133,3426.96,43627444700.00,7292
2020-09-08,-0.026800,-0.026841,-0.013253,-0.013270,-0.027756,3331.84,42455077800.00,7293
2020-09-09,0.019843,0.019790,0.011640,0.011604,0.020145,3398.96,43297372100.00,7293
2020-09-10,-0.015557,-0.015607,-0.009134,-0.009256,-0.017585,3339.19,42622907000.00,7294
2020-09-11,-0.000188,-0.000232,-0.002105,-0.002155,0.000533,3340.97,42620530900.00,7297
2020-09-14,0.015413,0.015146,0.018789,0.018495,0.012742,3383.54,43268664300.00,7299
2020-09-15,0.005411,0.005368,0.003102,0.002938,0.005219,3401.20,43504454600.00,7300
2020-09-16,-0.003147,-0.003176,0.006364,0.006322,-0.004619,3385.49,43383963200.00,7308
2020-09-17,-0.007869,-0.007896,-0.001762,-0.001807,-0.008412,3357.01,43057093900.00,7323
2020-09-18,-0.008825,-0.008880,-0.002155,-0.002260,-0.011183,3319.47,42692797500.00,7329
2020-09-21,-0.012511,-0.012625,-0.025050,-0.025231,-0.011571,3281.06,42160547400.00,7332
2020-09-22,0.009333,0.009320,0.001005,0.000876,0.010518,3315.57,42555275100.00,7331
2020-09-23,-0.024029,-0.024165,-0.022973,-0.023074,-0.023721,3236.92,41538463800.00,7337
2020-09-24,0.002036,0.001984,-0.000532,-0.000668,0.002987,3246.59,41624100100.00,7339
2020-09-25,0.015674,0.015596,0.011544,0.011515,0.015977,3298.46,42261494100.00,7350
2020-09-28,0.016584,0.016581,0.017632,0.017605,0.016111,3351.60,42963065800.00,7333
2020-09-29,-0.004001,-0.004196,0.000601,0.000407,-0.004813,3335.47,42782396800.00,7334
2020-09-30,0.006881,0.006840,0.001363,0.001314,0.008254,3363.00,43121774400.00,7336
2020-10-01,0.007865,0.007743,0.007672,0.007529,0.005293,3380.80,43454304000.00,7343
2020-10-02,-0.007735,-0.007742,0.002193,0.002166,-0.009572,3348.44,43108139200.00,7351
2020-10-05,0.018302,0.018212,0.017802,0.017778,0.017976,3408.63,43892516400.00,7355
2020-10-06,-0.011910,-0.011937,-0.003646,-0.003654,-0.013988,3360.95,43348530800.00,7355
2020-10-07,0.017039,0.017018,0.016556,0.016532,0.017406,3419.45,44088652000.00,7356
2020-10-08,0.008516,0.008286,0.011604,0.011552,0.008007,3446.83,44452789200.00,7363
2020-10-09,0.008550,0.008531,0.004725,0.004672,0.008791,3477.13,44840073600.00,7369
2020-10-12,0.013469,0.013469,0.004512,0.004512,0.016419,3534.22,45447812000.00,7367
2020-10-13,-0.004951,-0.004954,-0.005418,-0.005450,-0.006307,3511.93,45222636900.00,7365
2020-10-14,-0.006017,-0.006099,-0.003401,-0.003548,-0.006623,3488.67,44948050700.00,7366
2020-10-15,-0.000777,-0.000799,0.002481,0.002431,-0.001528,3483.34,44920914800.00,7372
2020-10-16,-0.000707,-0.000723,-0.000596,-0.000620,0.000135,3483.81,44893427000.00,7381
2020-10-19,-0.014167,-0.014173,-0.006850,-0.006894,-0.016330,3426.92,44259192500.00,7370
2020-10-20,0.003821,0.003808,0.004499,0.004487,0.004727,3443.12,44428695900.00,7368
2020-10-21,-0.003440,-0.003457,-0.004248,-0.004265,-0.002196,3435.56,44280142000.00,7373
2020-10-22,0.006130,0.006067,0.008828,0.008755,0.005219,3453.49,44549896000.00,7378
2020-10-23,0.003817,0.003774,0.004067,0.004026,0.003446,3465.39,44701748800.00,7380
2020-10-26,-0.018085,-0.018090,-0.019334,-0.019338,-0.018590,3400.97,43894167300.00,7380
2020-10-27,-0.003025,-0.003037,-0.006574,-0.006584,-0.003026,3390.68,43764402400.00,7382
2020-10-28,-0.032808,-0.032813,-0.027019,-0.027038,-0.035288,3271.03,42336407100.00,7388
2020-10-29,0.010473,0.010352,0.009178,0.009055,0.011947,3310.11,42782610300.00,7394
2020-10-30,-0.013112,-0.013210,-0.011517,-0.011617,-0.012130,3269.96,42298178300.00,7397
2020-11-02,0.012086,0.012024,0.012978,0.012859,0.012318,3310.24,42812096200.00,7400
2020-11-03,0.018824,0.018817,0.019996,0.019984,0.017799,3369.16,43622402000.00,7400
2020-11-04,0.019588,0.019583,0.002001,0.001974,0.022047,3443.44,44480687400.00,7402
2020-11-05,0.021074,0.020945,0.022564,0.022446,0.019460,3510.45,45413654200.00,7402
2020-11-06,-0.000045,-0.000155,-0.005092,-0.005173,-0.000288,3509.44,45358068500.00,7402
2020-11-09,0.010635,0.010550,0.030519,0.030438,0.011700,3550.50,45876205900.00,7403
2020-11-10,-0.000557,-0.000671,0.010308,0.010235,-0.001400,3545.53,45848697800.00,7405
2020-11-11,0.008042,0.008042,0.003495,0.003495,0.007652,3572.66,46216286500.00,7405
2020-11-12,-0.009670,-0.009857,-0.010293,-0.010484,-0.009979,3537.01,45762538500.00,7407
2020-11-13,0.013293,0.013201,0.016427,0.016278,0.013610,3585.15,46367601500.00,7411
2020-11-16,0.012334,0.012309,0.018089,0.018049,0.011648,3626.91,46941014500.00,7414
2020-11-17,-0.001528,-0.001629,0.002840,0.002788,-0.004792,3609.53,46857126800.00,7418
2020-11-18,-0.009049,-0.009173,-0.004338,-0.004392,-0.011564,3567.79,46431814400.00,7420
2020-11-19,0.005837,0.005775,0.007978,0.007871,0.003946,3581.87,46705320900.00,7429
2020-11-20,-0.004295,-0.004321,0.002009,0.001901,-0.006793,3557.54,46524963200.00,7436
2020-11-23,0.007981,0.007892,0.016265,0.016177,0.005636,3577.59,46895603600.00,7440
2020-11-24,0.015105,0.015050,0.017018,0.016959,0.016162,3635.41,47603773000.00,7447
2020-11-25,0.000178,0.000145,0.001262,0.001222,-0.001584,3629.65,47613478500.00,7449
2020-11-27,0.003998,0.003888,0.006484,0.006356,0.002397,3638.35,47801735600.00,7453
2020-11-30,-0.005743,-0.005872,-0.009174,-0.009288,-0.004595,3621.63,47542006400.00,7457
2020-12-01,0.009645,0.009489,0.006593,0.006495,0.011271,3662.45,47994273000.00,7460
2020-12-02,0.001192,0.001120,0.003558,0.003542,0.001791,3669.01,48051965100.00,7462
2020-12-03,0.002272,0.002123,0.006908,0.006804,-0.000624,3666.72,48159932200.00,7467
2020-12-04,0.010477,0.010436,0.017045,0.017028,0.008836,3699.12,48669584300.00,7471
2020-12-07,-0.000220,-0.000224,-0.000558,-0.000567,-0.001936,3691.96,48658724900.00,7474
2020-12-08,0.004283,0.004251,0.007310,0.007297,0.002787,3702.25,48868829000.00,7478
2020-12-09,-0.009558,-0.009600,-0.005794,-0.005821,-0.007949,3672.82,48463277500.00,7484
2020-12-10,0.002640,0.002529,0.009297,0.009158,-0.001285,3668.10,48603144400.00,7492
2020-12-11,-0.002252,-0.002278,-0.004281,-0.004330,-0.001265,3663.46,48519150300.00,7506
2020-12-14,-0.003267,-0.003563,-0.002346,-0.002817,-0.004359,3647.49,48349582600.00,7504
2020-12-15,0.013083,0.013062,0.013858,0.013784,0.012921,3694.62,48976704300.00,7507
2020-12-16,0.001387,0.001375,0.000409,0.000327,0.001773,3701.17,49058771500.00,7505
2020-12-17,0.007947,0.007883,0.011095,0.010972,0.005758,3722.48,49447197000.00,7509
2020-12-18,-0.002101,-0.002218,-0.002766,-0.003028,-0.003511,3709.41,49342157200.00,7515
2020-12-21,-0.002928,-0.003061,-0.001855,-0.002172,-0.003906,3694.92,49202715300.00,7514
2020-12-22,0.000602,0.000527,0.003866,0.003756,-0.002073,3687.26,49231021500.00,7513
2020-12-23,0.001445,0.001420,0.010842,0.010702,0.000746,3690.01,49302960700.00,7517
2020-12-24,0.002330,0.002195,-0.000277,-0.000458,0.003537,3703.06,49379238100.00,7515
2020-12-28,0.003847,0.003836,0.001350,0.001304,0.008723,3735.36,49569868100.00,7516
2020-12-29,-0.003652,-0.003660,-0.008483,-0.008656,-0.002227,3727.04,49387391200.00,7522
2020-12-30,0.003291,0.003124,0.010155,0.009754,0.001342,3732.04,49542253200.00,7521
2020-12-31,0.003558,0.003499,-0.001058,-0.001129,0.006439,3756.07,49839562000.00,7525
2021-01-04,-0.013064,-0.013126,-0.003012,-0.003043,-0.014755,3700.65,49179373800.00,7530
2021-01-05,0.009014,0.008934,0.016304,0.016292,0.007083,3726.86,49619193600.00,7532
2021-01-06,0.008037,0.008022,0.017269,0.017259,0.005710,3748.14,50017949900.00,7532
2021-01-07,0.016263,0.016092,0.016882,0.016853,0.014847,3803.79,50804309400.00,7535
2021-01-08,0.004688,0.004601,0.002341,0.002304,0.005492,3824.68,51042884300.00,7541
2021-01-11,-0.005645,-0.005665,0.000709,0.000663,-0.006555,3799.61,50755893200.00,7542
2021-01-12,0.004197,0.004196,0.014239,0.014225,0.000416,3801.19,50970756000.00,7547
2021-01-13,0.000912,0.000896,-0.000295,-0.000329,0.002276,3809.84,51026546500.00,7550
2021-01-14,-0.000047,-0.000207,0.013460,0.013306,-0.003753,3795.54,51026633500.00,7556
2021-01-15,-0.008542,-0.008553,-0.009756,-0.009765,-0.007190,3768.25,50609421300.00,7565
2021-01-19,0.008537,0.008509,0.013550,0.013500,0.008136,3798.91,51031118500.00,7563
2021-01-20,0.012048,0.012047,0.006976,0.006964,0.013936,3851.85,51650978200.00,7563
2021-01-21,-0.000935,-0.000995,-0.001395,-0.001471,0.000317,3853.07,51602154000.00,7567
2021-01-22,-0.001461,-0.001474,0.005535,0.005509,-0.003011,3841.47,51529979200.00,7573
2021-01-25,0.002429,0.002404,0.003159,0.003148,0.003616,3855.36,51656581000.00,7577
2021-01-26,-0.002925,-0.002929,-0.001620,-0.001623,-0.001489,3849.62,51503216500.00,7580
2021-01-27,-0.024763,-0.024765,-0.020591,-0.020603,-0.025678,3750.77,50233368300.00,7587
2021-01-28,0.009276,0.009172,0.006922,0.006844,0.009761,3787.38,50704076000.00,7598
2021-01-29,-0.017643,-0.017747,-0.012198,-0.012261,-0.019312,3714.24,49930875500.00,7606
2021-02-01,0.017251,0.017212,0.020200,0.020110,0.016052,3773.86,50799454400.00,7609
2021-02-02,0.014015,0.014003,0.012765,0.012748,0.013898,3826.31,51512471400.00,7612
2021-02-03,0.001354,0.001352,0.010909,0.010892,0.001009,3830.17,51588396200.00,7615
2021-02-04,0.011293,0.011212,0.015351,0.015295,0.010853,3871.74,52181449000.00,7622
2021-02-05,0.006078,0.005959,0.011105,0.011050,0.003897,3886.83,52505812000.00,7635
2021-02-08,0.009781,0.009764,0.023485,0.023470,0.007399,3915.59,53020496600.00,7639
2021-02-09,0.000958,0.000834,0.008377,0.008334,-0.001114,3911.23,53064437400.00,7644
2021-02-10,-0.000306,-0.000327,0.001926,0.001865,-0.000345,3909.88,53057513800.00,7651
2021-02-11,0.001885,0.001702,0.000046,-0.000125,0.001662,3916.38,53166454800.00,7657
2021-02-12,0.004671,0.004622,0.005813,0.005732,0.004711,3934.83,53418151700.00,7664
2021-02-16,-0.001123,-0.001204,0.007409,0.007375,-0.000569,3932.59,53355019100.00,7666
2021-02-17,-0.002344,-0.002458,-0.004152,-0.004195,-0.000320,3931.33,53226459700.00,7672
2021-02-18,-0.006585,-0.006622,-0.013763,-0.013860,-0.004416,3913.97,52876010600.00,7675
2021-02-19,0.002724,0.002670,0.012252,0.012213,-0.001855,3906.71,53020365000.00,7678
2021-02-22,-0.009646,-0.009712,-0.006367,-0.006418,-0.007733,3876.50,52510732000.00,7679
2021-02-23,-0.001282,-0.001298,-0.015496,-0.015514,0.001256,3881.37,52445194700.00,7679
2021-02-24,0.011298,0.011284,0.017854,0.017819,0.011352,3925.43,53047612800.00,7684
2021-02-25,-0.026609,-0.026723,-0.027999,-0.028084,-0.024479,3829.34,51631810400.00,7689
2021-02-26,-0.003846,-0.003944,-0.007921,-0.007991,-0.004750,3811.15,51546805100.00,7692
2021-03-01,0.024765,0.024715,0.025468,0.025402,0.023791,3901.82,52815932100.00,7707
2021-03-02,-0.009017,-0.009027,-0.007969,-0.007995,-0.008081,3870.29,52340061400.00,7709
2021-03-03,-0.014661,-0.014703,-0.009905,-0.009926,-0.013066,3819.72,51575778600.00,7715
2021-03-04,-0.016690,-0.016821,-0.028151,-0.028214,-0.013417,3768.47,50713588200.00,7721
2021-03-05,0.017372,0.017335,0.012897,0.012857,0.019496,3841.94,51603528100.00,7730
2021-03-08,-0.005877,-0.005896,0.001343,0.001319,-0.005359,3821.35,51328490800.00,7732
2021-03-09,0.016852,0.016770,0.021627,0.021575,0.014155,3875.44,52192749300.00,7736
2021-03-10,0.006778,0.006729,0.010512,0.010450,0.006030,3898.81,52581631800.00,7741
2021-03-11,0.014170,0.014108,0.020996,0.020904,0.010396,3939.34,53404167800.00,7745
2021-03-12,0.001509,0.001305,0.004662,0.004443,0.001015,3943.34,53485165000.00,7754
2021-03-15,0.007061,0.007020,0.008545,0.008509,0.006492,3968.94,53865190400.00,7762
2021-03-16,-0.004282,-0.004319,-0.010860,-0.010962,-0.001570,3962.71,53636297400.00,7764
2021-03-17,0.003570,0.003556,0.007362,0.007304,0.002879,3974.12,53831155600.00,7768
2021-03-18,-0.017954,-0.018012,-0.018316,-0.018367,-0.014761,3915.46,52872603000.00,7769
2021-03-19,0.001804,0.001705,0.006821,0.006754,-0.000603,3913.10,52966961400.00,7775
2021-03-22,0.004791,0.004726,-0.003397,-0.003535,0.007025,3940.59,53227197000.00,7782
2021-03-23,-0.011993,-0.012002,-0.025059,-0.025145,-0.007631,3910.52,52590562700.00,7779
2021-03-24,-0.009090,-0.009144,-0.016742,-0.016781,-0.005467,3889.14,52117128800.00,7786
2021-03-25,0.006556,0.006406,0.010555,0.010426,0.005240,3909.52,52474273300.00,7801
2021-03-26,0.015363,0.015323,0.009622,0.009581,0.016631,3974.54,53278037000.00,7813
2021-03-29,-0.005260,-0.005261,-0.015326,-0.015342,-0.000868,3971.09,53006794700.00,7831
2021-03-30,0.000023,-0.000126,0.006469,0.006311,-0.003158,3958.55,53003467600.00,7835
2021-03-31,0.005605,0.005539,0.009508,0.009466,0.003623,3972.89,53473752300.00,7838
2021-04-01,0.012802,0.012764,0.013969,0.013863,0.011825,4019.87,54168979700.00,7844
2021-04-05,0.011451,0.011348,0.004030,0.004001,0.014438,4077.91,54789547600.00,7859
2021-04-06,0.000329,0.000300,0.000240,0.000231,-0.000974,4073.94,54807355900.00,7859
2021-04-07,-0.001475,-0.001495,-0.008745,-0.008765,0.001475,4079.95,54725288200.00,7861
2021-04-08,0.005892,0.005719,0.006366,0.006338,0.004221,4097.17,55039568300.00,7863
2021-04-09,0.005508,0.005492,-0.001899,-0.001959,0.007720,4128.80,55345697500.00,7871
2021-04-12,-0.000689,-0.000700,-0.009196,-0.009208,-0.000196,4127.99,55310527600.00,7875
2021-04-13,0.003958,0.003930,-0.000586,-0.000624,0.003295,4141.59,55528395200.00,7876
2021-04-14,-0.002872,-0.002963,0.002728,0.002628,-0.004088,4124.66,55414781900.00,7881
2021-04-15,0.010050,0.010034,-0.000239,-0.000280,0.011094,4170.42,55994492000.00,7891
2021-04-16,0.002625,0.002623,-0.001392,-0.001410,0.003609,4185.47,56142496700.00,7897
2021-04-19,-0.006927,-0.006959,-0.008418,-0.008453,-0.005306,4163.26,55760490300.00,7909
2021-04-20,-0.009080,-0.009101,-0.013927,-0.013945,-0.006802,4134.94,55257671900.00,7910
2021-04-21,0.011281,0.011257,0.018282,0.018269,0.009306,4173.42,55903845800.00,7914
2021-04-22,-0.007251,-0.007310,-0.000753,-0.000822,-0.009211,4134.98,55493837700.00,7931
2021-04-23,0.012026,0.012001,0.012955,0.012936,0.010929,4180.17,56173247000.00,7938
2021-04-26,0.004392,0.004391,0.010775,0.010763,0.001782,4187.62,56425737000.00,7954
2021-04-27,-0.000236,-0.000245,-0.000130,-0.000142,-0.000215,4186.72,56415496300.00,7956
2021-04-28,0.000142,0.000135,0.004216,0.004193,-0.000846,4183.18,56426808400.00,7958
2021-04-29,0.003534,0.003459,-0.002602,-0.002674,0.006763,4211.47,56633518400.00,7965
2021-04-30,-0.008008,-0.008086,-0.008260,-0.008318,-0.007195,4181.17,56258381800.00,7978
2021-05-03,0.002051,0.002012,0.005307,0.005224,0.002748,4192.66,56374645800.00,7988
2021-05-04,-0.008437,-0.008441,-0.010255,-0.010273,-0.006678,4164.66,55901837900.00,7991
2021-05-05,-0.000050,-0.000066,-0.000270,-0.000301,0.000704,4167.59,55902989200.00,7994
2021-05-06,0.004793,0.004654,-0.003650,-0.003706,0.008165,4201.62,56167712500.00,7998
2021-05-07,0.008673,0.008540,0.010497,0.010426,0.007373,4232.60,56657979000.00,8008
2021-05-10,-0.012279,-0.012319,-0.014776,-0.014808,-0.010436,4188.43,55963679800.00,8017
2021-05-11,-0.006579,-0.006594,-0.003533,-0.003559,-0.008674,4152.10,55596671400.00,8022
2021-05-12,-0.022536,-0.022630,-0.020529,-0.020590,-0.021449,4063.04,54345775400.00,8026
2021-05-13,0.009761,0.009597,0.000891,0.000718,0.012173,4112.50,54870966700.00,8039
2021-05-14,0.017586,0.017510,0.021016,0.020933,0.014918,4173.85,55828936500.00,8048
2021-05-17,-0.001356,-0.001370,0.004658,0.004620,-0.002530,4163.29,55751996400.00,8046
2021-05-18,-0.005975,-0.006057,0.002453,0.002418,-0.008517,4127.83,55428976900.00,8051
2021-05-19,-0.003798,-0.003897,-0.005873,-0.005896,-0.002943,4115.68,55216962100.00,8055
2021-05-20,0.011154,0.011081,0.009874,0.009740,0.010555,4159.12,55850376200.00,8062
2021-05-21,-0.000303,-0.000337,0.002794,0.002761,-0.000784,4155.86,55831818200.00,8063
2021-05-24,0.009375,0.009305,0.002333,0.002283,0.009911,4197.05,56354817800.00,8064
2021-05-25,-0.002731,-0.002747,-0.006541,-0.006551,-0.002125,4188.13,56199128300.00,8068
2021-05-26,0.004533,0.004521,0.012115,0.012097,0.001877,4195.99,56459581600.00,8078
2021-05-27,0.002905,0.002810,0.008300,0.008214,0.001165,4200.88,56626340800.00,8081
2021-05-28,0.001006,0.000901,0.001001,0.000925,0.000769,4204.11,56748766000.00,8085
2021-06-01,0.001667,0.001613,0.009881,0.009787,-0.000492,4202.04,56859122600.00,8085
2021-06-02,0.001731,0.001660,0.002925,0.002910,0.001447,4208.12,56953032900.00,8085
2021-06-03,-0.005216,-0.005337,-0.003755,-0.003808,-0.003629,4192.85,56653345100.00,8086
2021-06-04,0.008419,0.008408,0.005092,0.005078,0.008834,4229.89,57125873700.00,8086
2021-06-07,0.001642,0.001601,0.008558,0.008533,-0.000797,4226.52,57224385900.00,8089
2021-06-08,0.001769,0.001747,0.005960,0.005942,0.000175,4227.26,57327612700.00,8091
2021-06-09,-0.002880,-0.002922,-0.000927,-0.000953,-0.001824,4219.55,57160043900.00,8093
2021-06-10,0.004027,0.003864,0.000613,0.000324,0.004652,4239.18,57401780300.00,8101
2021-06-11,0.003115,0.003090,0.004048,0.003978,0.001948,4247.44,57582211500.00,8107
2021-06-14,0.001325,0.001123,-0.000683,-0.000866,0.001815,4255.15,57681608100.00,8109
2021-06-15,-0.002962,-0.002998,-0.005567,-0.005657,-0.002012,4246.59,57508325700.00,8114
2021-06-16,-0.004693,-0.004708,-0.002602,-0.002631,-0.005390,4223.70,57237658900.00,8119
2021-06-17,-0.001405,-0.001436,-0.007398,-0.007443,-0.000436,4221.86,57162012800.00,8128
2021-06-18,-0.012535,-0.012598,-0.013293,-0.013364,-0.013125,4166.45,56446156300.00,8137
2021-06-21,0.013561,0.013436,0.009485,0.009324,0.014002,4224.79,57204686100.00,8138
2021-06-22,0.004926,0.004915,0.001081,0.000982,0.005125,4246.44,57486357200.00,8137
2021-06-23,-0.000137,-0.000161,0.004536,0.004504,-0.001083,4241.84,57482006800.00,8141
2021-06-24,0.006528,0.006399,0.009578,0.009410,0.005811,4266.49,57868860600.00,8153
2021-06-25,0.003216,0.003189,0.002692,0.002598,0.003331,4280.70,58049102100.00,8162
2021-06-28,0.001063,0.001060,-0.003253,-0.003281,0.002315,4290.61,58110943700.00,8161
2021-06-29,-0.000040,-0.000188,-0.002865,-0.003057,0.000277,4291.80,58100675100.00,8167
2021-06-30,0.000360,0.000330,0.000284,0.000261,0.001328,4297.50,58260341100.00,8186
2021-07-01,0.004200,0.004117,0.003007,0.002896,0.005222,4319.94,58500834000.00,8196
2021-07-02,0.005001,0.004915,-0.003850,-0.003898,0.007500,4352.34,58792100600.00,8197
2021-07-06,-0.003010,-0.003054,-0.009556,-0.009575,-0.002022,4343.54,58616252600.00,8199
2021-07-07,0.001100,0.001098,-0.007276,-0.007292,0.003359,4358.13,58682339300.00,8203
2021-07-08,-0.009006,-0.009156,-0.007498,-0.007530,-0.008561,4320.82,58147482000.00,8208
2021-07-09,0.012887,0.012870,0.016291,0.016238,0.011278,4369.55,58896170700.00,8213
2021-07-12,0.002173,0.002171,0.001703,0.001692,0.003451,4384.63,59024705000.00,8214
2021-07-13,-0.005943,-0.005948,-0.010875,-0.010905,-0.003517,4369.21,58677317100.00,8223
2021-07-14,-0.002375,-0.002473,-0.010452,-0.010571,0.001165,4374.30,58533474400.00,8229
2021-07-15,-0.003905,-0.003933,-0.005299,-0.005355,-0.003262,4360.03,58312265200.00,8241
2021-07-16,-0.007607,-0.007609,-0.010081,-0.010092,-0.007539,4327.16,57874377500.00,8252
2021-07-19,-0.014629,-0.014644,-0.013581,-0.013609,-0.015870,4258.49,57026181700.00,8252
2021-07-20,0.016902,0.016883,0.017687,0.017675,0.015163,4323.06,57985081600.00,8256
2021-07-21,0.009672,0.009670,0.015063,0.015046,0.008242,4358.69,58492897200.00,8263
2021-07-22,0.000285,0.000228,-0.007043,-0.007109,0.002017,4367.48,58521607900.00,8271
2021-07-23,0.008915,0.008861,-0.002049,-0.002075,0.010145,4411.79,59052339700.00,8279
2021-07-26,0.001649,0.001641,-0.000460,-0.000468,0.002382,4422.30,59189639300.00,8279
2021-07-27,-0.005939,-0.005945,-0.009745,-0.009756,-0.004712,4401.46,58828648900.00,8281
2021-07-28,0.002969,0.002962,0.012658,0.012644,-0.000186,4400.64,59011968500.00,8288
2021-07-29,0.004547,0.004432,0.003877,0.003810,0.004206,4419.15,59298616700.00,8299
2021-07-30,-0.005629,-0.005698,-0.005072,-0.005133,-0.005406,4395.26,59040495900.00,8310
2021-08-02,-0.001350,-0.001397,0.001456,0.001381,-0.001843,4387.16,58962764400.00,8311
2021-08-03,0.006796,0.006777,0.000659,0.000604,0.008203,4423.15,59364443300.00,8312
2021-08-04,-0.003965,-0.003978,-0.007763,-0.007787,-0.004632,4402.66,59124085200.00,8317
2021-08-05,0.007173,0.007082,0.010524,0.010451,0.006005,4429.10,59556241100.00,8327
2021-08-06,0.000825,0.000727,0.002363,0.002291,0.001675,4436.52,59606677100.00,8330
2021-08-09,-0.000405,-0.000464,0.000769,0.000728,-0.000940,4432.35,59587329700.00,8331
2021-08-10,0.000668,0.000664,0.001200,0.001179,0.000993,4436.75,59626917800.00,8333
2021-08-11,0.002429,0.002377,0.002325,0.002248,0.002468,4447.70,59775278600.00,8337
2021-08-12,0.001978,0.001739,-0.003078,-0.003225,0.002952,4460.83,59882782000.00,8339
2021-08-13,0.000280,0.000231,-0.006952,-0.007064,0.001607,4468.00,59898238400.00,8342
2021-08-16,-0.000843,-0.000876,-0.010526,-0.010583,0.002621,4479.71,59849173800.00,8342
2021-08-17,-0.007821,-0.007867,-0.010395,-0.010455,-0.007061,4448.08,59379571400.00,8343
2021-08-18,-0.008858,-0.008993,-0.002717,-0.002742,-0.010749,4400.27,58853572800.00,8344
2021-08-19,-0.002259,-0.002322,-0.012429,-0.012493,0.001257,4405.80,58720248700.00,8347
2021-08-20,0.008679,0.008642,0.010185,0.010143,0.008142,4441.67,59227837200.00,8349
2021-08-23,0.010518,0.010452,0.016718,0.016645,0.008524,4479.53,59849003800.00,8352
2021-08-24,0.004232,0.004215,0.010988,0.010947,0.001496,4486.23,60110705200.00,8354
2021-08-25,0.002593,0.002582,0.003958,0.003948,0.002220,4496.19,60269202200.00,8354
2021-08-26,-0.006469,-0.006499,-0.005873,-0.005902,-0.005825,4470.00,59878919200.00,8362
2021-08-27,0.010965,0.010940,0.016242,0.016215,0.008808,4509.37,60538129000.00,8364
2021-08-30,0.003027,0.002962,-0.000524,-0.000581,0.004307,4528.79,60718951700.00,8363
2021-08-31,-0.001063,-0.001157,0.004912,0.004845,-0.001349,4522.68,60680121800.00,8367
2021-09-01,0.001985,0.001909,0.004975,0.004901,0.000312,4524.09,60792870700.00,8367
2021-09-02,0.004125,0.004003,0.005830,0.005742,0.002843,4536.95,61034927500.00,8366
2021-09-03,-0.000078,-0.000098,-0.002060,-0.002095,-0.000335,4535.43,61036343100.00,8368
2021-09-07,-0.004163,-0.004192,-0.004219,-0.004232,-0.003395,4520.03,60779344700.00,8369
2021-09-08,-0.003491,-0.003519,-0.008765,-0.008788,-0.001319,4514.07,60566532700.00,8370
2021-09-09,-0.002862,-0.002943,0.001191,0.001105,-0.004606,4493.28,60390475600.00,8386
2021-09-10,-0.007309,-0.007346,-0.005727,-0.005794,-0.007723,4458.58,59951404700.00,8386
2021-09-13,0.001957,0.001948,0.001363,0.001328,0.002277,4468.73,60079925800.00,8390
2021-09-14,-0.006226,-0.006443,-0.010711,-0.010953,-0.005747,4443.05,59695086500.00,8393
2021-09-15,0.008518,0.008485,0.006521,0.006457,0.008474,4480.70,60236200800.00,8406
2021-09-16,-0.000877,-0.000907,-0.000052,-0.000093,-0.001551,4473.75,60189049800.00,8414
2021-09-17,-0.007397,-0.007438,-0.000968,-0.001051,-0.009111,4432.99,59755488200.00,8416
2021-09-20,-0.018222,-0.018310,-0.022307,-0.022449,-0.016977,4357.73,58663558900.00,8416
2021-09-21,0.000856,0.000822,0.004033,0.004000,-0.000812,4354.19,58711935800.00,8424
2021-09-22,0.009965,0.009948,0.010353,0.010279,0.009520,4395.64,59297818000.00,8429
2021-09-23,0.012060,0.012018,0.012258,0.012107,0.012135,4448.98,60028380100.00,8441
2021-09-24,-0.000111,-0.000230,-0.003788,-0.003895,0.001461,4455.48,60006489800.00,8445
2021-09-27,-0.000980,-0.001009,0.008200,0.008166,-0.002776,4443.11,59947461000.00,8448
2021-09-28,-0.020769,-0.020804,-0.016825,-0.016841,-0.020364,4352.63,58706413600.00,8454
2021-09-29,-0.000069,-0.000233,-0.004320,-0.004487,0.001569,4359.46,58701317700.00,8463
2021-09-30,-0.009500,-0.009556,-0.002315,-0.002355,-0.011910,4307.54,58233532200.00,8473
2021-10-01,0.010644,0.010596,0.007536,0.007421,0.011492,4357.04,58847295200.00,8483
2021-10-04,-0.012878,-0.012934,-0.011107,-0.011130,-0.012986,4300.46,58089188700.00,8490
2021-10-05,0.009502,0.009423,0.003845,0.003828,0.010525,4345.72,58630385900.00,8492
2021-10-06,0.002818,0.002813,-0.004543,-0.004552,0.004103,4363.55,58804814200.00,8494
2021-10-07,0.009925,0.009754,0.010993,0.010964,0.008298,4399.76,59387127800.00,8499
2021-10-08,-0.002520,-0.002600,-0.002715,-0.002927,-0.001914,4391.34,59229971600.00,8504
2021-10-11,-0.006344,-0.006344,-0.002642,-0.002642,-0.006866,4361.19,58857857300.00,8505
2021-10-12,0.000236,0.000233,0.004511,0.004490,-0.002417,4350.65,58874370100.00,8502
2021-10-13,0.004802,0.004785,0.005999,0.005981,0.003023,4363.80,59163236000.00,8508
2021-10-14,0.015965,0.015877,0.008072,0.007941,0.017063,4438.26,60111077500.00,8513
2021-10-15,0.005721,0.005717,-0.000452,-0.000460,0.007460,4471.37,60448354900.00,8513
2021-10-18,0.003275,0.003271,-0.001035,-0.001115,0.003375,4486.46,60649666000.00,8510
2021-10-19,0.006813,0.006803,0.005574,0.005562,0.007393,4519.63,61060989800.00,8509
2021-10-20,0.003892,0.003885,0.005235,0.005222,0.003664,4536.19,61300022600.00,8514
2021-10-21,0.002944,0.002889,0.000043,-0.000024,0.002996,4549.78,61490441500.00,8523
2021-10-22,-0.001700,-0.001716,-0.003687,-0.003718,-0.001073,4544.90,61383027300.00,8527
2021-10-25,0.005483,0.005460,0.006844,0.006836,0.004748,4566.48,61718795100.00,8526
2021-10-26,-0.000059,-0.000065,-0.002559,-0.002570,0.001820,4574.79,61716469300.00,8527
2021-10-27,-0.007541,-0.007553,-0.011066,-0.011080,-0.005052,4551.68,61261029700.00,8536
2021-10-28,0.011248,0.011171,0.010778,0.010708,0.009829,4596.42,61979391600.00,8545
2021-10-29,0.000973,0.000863,-0.001533,-0.001685,0.001949,4605.38,62099642100.00,8548
2021-11-01,0.005685,0.005649,0.016247,0.016179,0.001800,4613.67,62440859300.00,8547
2021-11-02,0.002035,0.001980,-0.000788,-0.000823,0.003680,4630.65,62545609700.00,8550
2021-11-03,0.007317,0.007315,0.009461,0.009447,0.006461,4660.57,63010245100.00,8556
2021-11-04,0.002951,0.002841,-0.001967,-0.002024,0.004182,4680.06,63198130100.00,8565
2021-11-05,0.004007,0.003927,0.004682,0.004625,0.003733,4697.53,63452064000.00,8573
2021-11-08,0.001985,0.001969,0.005168,0.005137,0.000888,4701.70,63580919500.00,8579
2021-11-09,-0.002888,-0.002957,-0.002868,-0.002929,-0.003499,4685.25,63410466700.00,8585
2021-11-10,-0.010458,-0.010634,-0.011510,-0.011618,-0.008226,4646.71,62831550000.00,8592
2021-11-11,0.002449,0.002449,0.005680,0.005680,0.000551,4649.27,62993664300.00,8605
2021-11-12,0.007136,0.007005,0.003169,0.002922,0.007223,4682.85,63442774600.00,8611
2021-11-15,-0.000328,-0.000368,-0.002949,-0.002989,-0.000011,4682.80,63421215900.00,8614
2021-11-16,0.004036,0.003993,-0.002866,-0.002950,0.003865,4700.90,63675296500.00,8622
2021-11-17,-0.004441,-0.004569,-0.008376,-0.008394,-0.002602,4688.67,63391887800.00,8628
2021-11-18,0.000267,0.000185,-0.010814,-0.010894,0.003385,4704.54,63412525100.00,8631
2021-11-19,-0.002866,-0.002890,-0.006675,-0.006753,-0.001399,4697.96,63232196200.00,8635
2021-11-22,-0.006220,-0.006291,-0.008697,-0.008778,-0.003197,4682.94,62823948800.00,8637
2021-11-23,-0.000289,-0.000310,-0.003282,-0.003333,0.001657,4690.70,62804770400.00,8635
2021-11-24,0.003215,0.003179,0.006189,0.006152,0.002294,4701.46,63002263200.00,8636
2021-11-26,-0.022333,-0.022361,-0.020562,-0.020605,-0.022725,4594.62,61633935300.00,8641
2021-11-29,0.010084,0.010015,-0.002004,-0.002069,0.013200,4655.27,62254108700.00,8645
2021-11-30,-0.019130,-0.019243,-0.013911,-0.013988,-0.018961,4567.00,61045506600.00,8644
2021-12-01,-0.015120,-0.015205,-0.018774,-0.018853,-0.011815,4513.04,60119295900.00,8645
2021-12-02,0.015404,0.015279,0.012687,0.012618,0.014194,4577.10,61037203400.00,8650
2021-12-03,-0.011375,-0.011436,-0.018757,-0.018819,-0.008449,4538.43,60338589900.00,8650
2021-12-06,0.011801,0.011775,0.011818,0.011794,0.011731,4591.67,61052349000.00,8650
2021-12-07,0.021576,0.021563,0.022344,0.022331,0.020707,4686.75,62369792000.00,8652
2021-12-08,0.004299,0.004228,0.009254,0.009199,0.003085,4701.21,62621383300.00,8658
2021-12-09,-0.010779,-0.010898,-0.015051,-0.015139,-0.007181,4667.45,61977867700.00,8670
2021-12-10,0.006154,0.006134,-0.003162,-0.003255,0.009549,4712.02,62358282400.00,8675
2021-12-13,-0.009868,-0.010065,-0.013043,-0.013429,-0.009136,4668.97,61731005000.00,8679
2021-12-14,-0.007689,-0.007853,-0.010743,-0.010935,-0.007471,4634.09,61219822900.00,8683
2021-12-15,0.015057,0.015030,0.009288,0.009222,0.016348,4709.85,62148709000.00,8690
2021-12-16,-0.010042,-0.010112,-0.008498,-0.008642,-0.008743,4668.67,61518718200.00,8696
2021-12-17,-0.006259,-0.006351,0.003383,0.003226,-0.010288,4620.64,61133131100.00,8706
2021-12-20,-0.012320,-0.012477,-0.012894,-0.013169,-0.011388,4568.02,60374786800.00,8712
2021-12-21,0.019936,0.019856,0.019754,0.019632,0.017778,4649.23,61574017500.00,8716
2021-12-22,0.009573,0.009491,0.006539,0.006407,0.010180,4696.56,62160384300.00,8718
2021-12-23,0.006854,0.006798,0.008728,0.008541,0.006224,4725.79,62572434100.00,8720
2021-12-27,0.012046,0.011964,0.002260,0.002122,0.013839,4791.19,63325031400.00,8731
2021-12-28,-0.002438,-0.002451,-0.007305,-0.007395,-0.001010,4786.35,63159439500.00,8731
2021-12-29,0.000553,0.000539,-0.003616,-0.003815,0.001402,4793.06,63197696800.00,8735
2021-12-30,-0.000979,-0.001132,0.006862,0.006484,-0.002990,4778.73,63128808300.00,8744
2021-12-31,-0.002389,-0.002426,-0.000770,-0.000797,-0.002626,4766.18,63178035300.00,8750
2022-01-03,0.006155,0.006132,0.013300,0.013281,0.006374,4796.56,63545407700.00,8756
2022-01-04,-0.002351,-0.002398,-0.003614,-0.003626,-0.000630,4793.54,63389508400.00,8755
2022-01-05,-0.021879,-0.021933,-0.022888,-0.022899,-0.019393,4700.58,62001612100.00,8759
2022-01-06,0.000161,0.000103,-0.000855,-0.000868,-0.000964,4696.05,62013150000.00,8759
2022-01-07,-0.004164,-0.004304,-0.003449,-0.003472,-0.004050,4677.03,61750523800.00,8766
2022-01-10,-0.001893,-0.001895,-0.006038,-0.006048,-0.001441,4670.29,61635924800.00,8774
2022-01-11,0.010905,0.010904,0.012900,0.012893,0.009160,4713.07,62311405700.00,8782
2022-01-12,0.001817,0.001803,-0.001804,-0.001838,0.002818,4726.35,62424897100.00,8784
2022-01-13,-0.014356,-0.014445,-0.011682,-0.011786,-0.014244,4659.03,61524846400.00,8793
2022-01-14,0.000164,0.000150,-0.000537,-0.000581,0.000820,4662.85,61531167800.00,8797
2022-01-18,-0.019346,-0.019360,-0.020456,-0.020479,-0.018388,4577.11,60343152900.00,8795
2022-01-19,-0.009368,-0.009383,-0.007658,-0.007728,-0.009690,4532.76,59777636100.00,8796
2022-01-20,-0.010991,-0.011044,-0.010844,-0.010875,-0.011037,4482.73,59118060400.00,8803
2022-01-21,-0.019931,-0.019945,-0.020748,-0.020825,-0.018915,4397.94,57939644400.00,8808
2022-01-24,0.004196,0.004191,0.001777,0.001754,0.002772,4410.13,58182250800.00,8815
2022-01-25,-0.012440,-0.012469,-0.003871,-0.003881,-0.012172,4356.45,57456174900.00,8817
2022-01-26,-0.003579,-0.003587,-0.008831,-0.008841,-0.001497,4349.93,57246295100.00,8819
2022-01-27,-0.008106,-0.008151,-0.017301,-0.017330,-0.005384,4326.51,56780934000.00,8824
2022-01-28,0.022473,0.022350,0.012924,0.012850,0.024348,4431.85,58038496200.00,8824
2022-01-31,0.022431,0.022401,0.030493,0.030459,0.018886,4515.55,59374130900.00,8832
2022-02-01,0.008548,0.008514,0.012938,0.012879,0.006863,4546.54,59874018300.00,8833
2022-02-02,0.004746,0.004734,-0.008769,-0.008788,0.009423,4589.38,60160535900.00,8839
2022-02-03,-0.023331,-0.023379,-0.017393,-0.017426,-0.024391,4477.44,58755026500.00,8838
2022-02-04,0.007243,0.007094,0.007808,0.007770,0.005157,4500.53,59171749100.00,8847
2022-02-07,-0.001807,-0.001837,0.004501,0.004462,-0.003702,4483.87,59066364800.00,8853
2022-02-08,0.009148,0.009140,0.008339,0.008321,0.008401,4521.54,59608189100.00,8857
2022-02-09,0.016251,0.016166,0.016842,0.016818,0.014517,4587.18,60564471000.00,8857
2022-02-10,-0.016293,-0.016406,-0.010505,-0.010605,-0.018116,4504.08,59574183400.00,8867
2022-02-11,-0.017672,-0.017716,-0.011637,-0.011691,-0.018970,4418.64,58520075400.00,8873
2022-02-14,-0.004128,-0.004236,-0.008027,-0.008140,-0.003841,4401.67,58272642000.00,8871
2022-02-15,0.017622,0.017542,0.021559,0.021528,0.015767,4471.07,59298270700.00,8873
2022-02-16,0.000308,0.000219,0.001503,0.001478,0.000881,4475.01,59310305300.00,8873
2022-02-17,-0.021239,-0.021335,-0.017211,-0.017318,-0.021173,4380.26,58046557800.00,8881
2022-02-18,-0.008297,-0.008413,-0.010070,-0.010122,-0.007166,4348.87,57555597000.00,8882
2022-02-22,-0.011235,-0.011258,-0.014612,-0.014653,-0.010143,4304.76,56911728600.00,8884
2022-02-23,-0.018075,-0.018087,-0.013319,-0.013339,-0.018412,4225.50,55879564800.00,8885
2022-02-24,0.016083,0.016019,0.013783,0.013731,0.014957,4288.70,56779698700.00,8896
2022-02-25,0.022122,0.022022,0.016934,0.016866,0.022373,4384.65,58039455100.00,8898
2022-02-28,-0.000365,-0.000452,0.002819,0.002764,-0.002443,4373.94,58049543000.00,8891
2022-03-01,-0.015027,-0.015087,-0.010420,-0.010501,-0.015474,4306.26,57169027400.00,8889
2022-03-02,0.017773,0.017744,0.013006,0.012986,0.018643,4386.54,58184778800.00,8888
2022-03-03,-0.008077,-0.008183,-0.011302,-0.011354,-0.005255,4363.49,57709551800.00,8888
2022-03-04,-0.010171,-0.010230,-0.013542,-0.013578,-0.007934,4328.87,57103022200.00,8888
2022-03-07,-0.029143,-0.029166,-0.017518,-0.017555,-0.029518,4201.09,55438272300.00,8886
2022-03-08,-0.004392,-0.004414,0.005647,0.005616,-0.007234,4170.70,55196460900.00,8887
2022-03-09,0.026287,0.026170,0.023880,0.023837,0.025698,4277.88,56629372300.00,8888
2022-03-10,-0.004184,-0.004273,-0.004556,-0.004681,-0.004292,4259.52,56389023800.00,8890
2022-03-11,-0.013741,-0.013784,-0.016071,-0.016118,-0.012962,4204.31,55605300000.00,8890
2022-03-14,-0.010539,-0.010753,-0.021574,-0.021771,-0.007421,4173.11,55008099200.00,8895
2022-03-15,0.019118,0.019091,0.010654,0.010596,0.021409,4262.45,56059600200.00,8897
2022-03-16,0.025417,0.025380,0.031026,0.030940,0.022384,4357.86,57486206500.00,8899
2022-03-17,0.013941,0.013860,0.018967,0.018909,0.012348,4411.67,58292232300.00,8905
2022-03-18,0.012298,0.012253,0.013125,0.013057,0.011662,4463.12,58997617900.00,8904
2022-03-21,-0.001730,-0.001826,-0.004166,-0.004290,-0.000435,4461.18,58890107900.00,8906
2022-03-22,0.011770,0.011729,0.012433,0.012370,0.011304,4511.61,59583277700.00,8906
2022-03-23,-0.011877,-0.011976,-0.007287,-0.007393,-0.012273,4456.24,58870581700.00,8908
2022-03-24,0.013111,0.012961,0.008528,0.008433,0.014344,4520.16,59633776700.00,8910
2022-03-25,0.003084,0.003059,-0.003684,-0.003765,0.005066,4543.06,59785859900.00,8912
2022-03-28,0.006122,0.006119,-0.002104,-0.002124,0.007145,4575.52,60156392600.00,8914
2022-03-29,0.014708,0.014705,0.017348,0.017323,0.012257,4631.60,61040721800.00,8914
2022-03-30,-0.007642,-0.007788,-0.008686,-0.008840,-0.006294,4602.45,60566961900.00,8916
2022-03-31,-0.014539,-0.014594,-0.009262,-0.009301,-0.015653,4530.41,59709765700.00,8917
2022-04-01,0.004477,0.004431,0.006133,0.006019,0.003410,4545.86,59969794600.00,8919
2022-04-04,0.008315,0.008290,0.008491,0.008472,0.008091,4582.64,60460373300.00,8922
2022-04-05,-0.014787,-0.014892,-0.015893,-0.015914,-0.012552,4525.12,59558860200.00,8924
2022-04-06,-0.011276,-0.011280,-0.012338,-0.012353,-0.009717,4481.15,58887565600.00,8924
2022-04-07,0.002480,0.002363,-0.003872,-0.003907,0.004253,4500.21,59017882200.00,8926
2022-04-08,-0.003214,-0.003234,-0.004984,-0.005046,-0.002651,4488.28,58828408000.00,8921
2022-04-11,-0.014385,-0.014387,-0.010571,-0.010586,-0.016877,4412.53,57986007500.00,8917
2022-04-12,-0.002728,-0.002781,-0.002382,-0.002421,-0.003418,4397.45,57826353400.00,8920
2022-04-13,0.013356,0.013214,0.013674,0.013560,0.011175,4446.59,58593277800.00,8923
2022-04-14,-0.011685,-0.011690,-0.008326,-0.008381,-0.012144,4392.59,57904141100.00,8926
2022-04-18,-0.002124,-0.002130,-0.009658,-0.009698,-0.000205,4391.69,57784370400.00,8928
2022-04-19,0.016324,0.016239,0.012954,0.012892,0.016058,4462.21,58722339100.00,8928
2022-04-20,-0.000861,-0.000871,-0.000075,-0.000091,-0.000619,4459.45,58672267100.00,8930
2022-04-21,-0.016871,-0.016932,-0.019458,-0.019540,-0.014753,4393.66,57679079900.00,8934
2022-04-22,-0.026382,-0.026421,-0.017404,-0.017433,-0.027740,4271.78,56151694300.00,8939
2022-04-25,0.005326,0.005315,0.001240,0.001227,0.005698,4296.12,56449152900.00,8938
2022-04-26,-0.028338,-0.028347,-0.024434,-0.024446,-0.028146,4175.20,54851141300.00,8935
2022-04-27,0.001298,0.001286,-0.001817,-0.001849,0.002098,4183.96,54924483200.00,8948
2022-04-28,0.022979,0.022902,0.012195,0.012130,0.024747,4287.50,56182476100.00,8950
2022-04-29,-0.033543,-0.033638,-0.017716,-0.017776,-0.036285,4131.93,54286656700.00,8950
2022-05-02,0.005966,0.005917,0.005146,0.005059,0.005675,4155.38,54604233200.00,8951
2022-05-03,0.005109,0.005100,0.006211,0.006196,0.004837,4175.48,54884290200.00,8945
2022-05-04,0.027983,0.027962,0.017719,0.017688,0.029862,4300.17,56419847100.00,8948
2022-05-05,-0.036281,-0.036384,-0.031048,-0.031096,-0.035650,4146.87,54368478300.00,8950
2022-05-06,-0.008396,-0.008523,-0.014590,-0.014644,-0.005674,4123.34,53915537100.00,8952
2022-05-09,-0.035487,-0.035549,-0.040380,-0.040423,-0.032037,3991.24,52009109400.00,8952
2022-05-10,0.001277,0.001268,-0.003265,-0.003300,0.002458,4001.05,52074624000.00,8954
2022-05-11,-0.017115,-0.017157,-0.022909,-0.022976,-0.016463,3935.18,51180621200.00,8955
2022-05-12,0.001470,0.001178,0.005678,0.005529,-0.001296,3930.08,51242887800.00,8956
2022-05-13,0.026999,0.026881,0.030829,0.030672,0.023870,4023.89,52621215300.00,8956
2022-05-16,-0.004679,-0.004741,-0.001760,-0.001805,-0.003946,4008.01,52374451500.00,8956
2022-05-17,0.020557,0.020512,0.023178,0.023145,0.020170,4088.85,53455163800.00,8960
2022-05-18,-0.037661,-0.037821,-0.025583,-0.025605,-0.040395,3923.68,51433923900.00,8959
2022-05-19,-0.002115,-0.002238,0.005998,0.005900,-0.005834,3900.79,51313081100.00,8962
2022-05-20,-0.000026,-0.000056,-0.003057,-0.003132,0.000146,3901.36,51309520300.00,8961
2022-05-23,0.016398,0.016310,0.008201,0.008123,0.018555,3973.75,52136479400.00,8961
2022-05-24,-0.010605,-0.010632,-0.015893,-0.015944,-0.008121,3941.48,51588206100.00,8961
2022-05-25,0.011199,0.011184,0.013029,0.013014,0.009451,3978.73,52159844000.00,8959
2022-05-26,0.019776,0.019729,0.017453,0.017397,0.019883,4057.84,53190447200.00,8958
2022-05-27,0.024482,0.024332,0.020715,0.020633,0.024742,4158.24,54479949100.00,8958
2022-05-31,-0.006957,-0.007050,-0.004159,-0.004236,-0.006274,4132.15,54106918900.00,8959
2022-06-01,-0.006968,-0.007092,-0.007004,-0.007122,-0.007483,4101.23,53723292800.00,8960
2022-06-02,0.020266,0.020123,0.018635,0.018575,0.018431,4176.82,54802972400.00,8961
2022-06-03,-0.015360,-0.015442,-0.006476,-0.006519,-0.016347,4108.54,53959024000.00,8963
2022-06-06,0.002954,0.002947,-0.000232,-0.000244,0.003137,4121.43,54116305200.00,8962
2022-06-07,0.009806,0.009779,0.010778,0.010758,0.009523,4160.68,54647768300.00,8963
2022-06-08,-0.010409,-0.010446,-0.002544,-0.002573,-0.010794,4115.77,54049449800.00,8964
2022-06-09,-0.023580,-0.023822,-0.018039,-0.018311,-0.023799,4017.82,52763766300.00,8967
2022-06-10,-0.028242,-0.028270,-0.022559,-0.022657,-0.029110,3900.86,51272856100.00,8965
2022-06-13,-0.040683,-0.040691,-0.043392,-0.043413,-0.038768,3749.63,49189693300.00,8961
2022-06-14,-0.003455,-0.003757,-0.004295,-0.004543,-0.003774,3735.48,49006955400.00,8961
2022-06-15,0.014988,0.014946,0.014309,0.014240,0.014593,3789.99,49738753500.00,8964
2022-06-16,-0.034246,-0.034340,-0.030492,-0.030618,-0.032512,3666.77,48034611300.00,8966
2022-06-17,0.004000,0.003939,0.009816,0.009687,0.002201,3674.84,48222757600.00,8966
2022-06-21,0.022508,0.022318,0.014470,0.014232,0.024477,3764.79,49299874300.00,8967
2022-06-22,-0.002209,-0.002256,-0.002164,-0.002397,-0.001302,3759.89,49181458100.00,8965
2022-06-23,0.009173,0.009074,0.010361,0.010310,0.009532,3795.73,49627941000.00,8968
2022-06-24,0.029803,0.029751,0.018007,0.017718,0.030563,3911.74,51086069300.00,8972
2022-06-27,-0.002129,-0.002163,0.001884,0.001822,-0.002973,3900.11,50974827000.00,8968
2022-06-28,-0.018708,-0.018710,-0.013435,-0.013472,-0.020143,3821.55,50020753200.00,8971
2022-06-29,-0.002681,-0.002871,-0.008789,-0.009096,-0.000712,3818.83,49878452400.00,8973
2022-06-30,-0.008945,-0.009068,-0.006289,-0.006332,-0.008759,3785.38,49439618100.00,8978
2022-07-01,0.011007,0.010912,0.007705,0.007554,0.010554,3825.33,49968833500.00,8976
2022-07-05,0.002031,0.001907,0.004354,0.004306,0.001584,3831.39,50066037000.00,8976
2022-07-06,0.000678,0.000663,-0.004074,-0.004098,0.003573,3845.08,50087474200.00,8978
2022-07-07,0.016903,0.016796,0.021121,0.021088,0.014965,3902.62,50928677600.00,8976
2022-07-08,-0.000824,-0.000887,0.002676,0.002598,-0.000830,3899.38,50885111600.00,8977
2022-07-11,-0.013163,-0.013182,-0.016265,-0.016284,-0.011528,3854.43,50214707500.00,8975
2022-07-12,-0.008058,-0.008074,-0.002621,-0.002640,-0.009244,3818.80,49812024500.00,8978
2022-07-13,-0.003428,-0.003444,-0.000128,-0.000141,-0.004457,3801.78,49640716400.00,8978
2022-07-14,-0.005548,-0.005656,-0.010477,-0.010627,-0.002999,3790.38,49363168700.00,8991
2022-07-15,0.018546,0.018543,0.012759,0.012743,0.019201,3863.16,50275014200.00,8992
2022-07-18,-0.005552,-0.005558,0.000888,0.000849,-0.008364,3830.85,49995759700.00,8989
2022-07-19,0.027381,0.027352,0.022051,0.022030,0.027628,3936.69,51371346700.00,8990
2022-07-20,0.007873,0.007861,0.010834,0.010808,0.005896,3959.90,51768864500.00,8988
2022-07-21,0.009349,0.009261,0.004848,0.004749,0.009861,3998.95,52237810800.00,8984
2022-07-22,-0.010469,-0.010481,-0.013783,-0.013814,-0.009332,3961.63,51673141200.00,8985
2022-07-25,0.001988,0.001959,0.001669,0.001661,0.001315,3966.84,51769831200.00,8983
2022-07-26,-0.011840,-0.011849,-0.008892,-0.008910,-0.011543,3921.05,51153596500.00,8983
2022-07-27,0.025315,0.025307,0.018080,0.017956,0.026156,4023.61,52445430700.00,8982
2022-07-28,0.012436,0.012313,0.009486,0.009428,0.012133,4072.43,53093884700.00,8984
2022-07-29,0.013414,0.013266,0.005708,0.005646,0.014208,4130.29,53809527800.00,8982
2022-08-01,-0.002154,-0.002226,0.000041,-0.000065,-0.002823,4118.63,53691210900.00,8982
2022-08-02,-0.005244,-0.005251,0.003821,0.003804,-0.006662,4091.19,53409615000.00,8985
2022-08-03,0.014969,0.014946,0.014302,0.014279,0.015639,4155.17,54206726800.00,8985
2022-08-04,-0.000469,-0.000552,0.004259,0.004217,-0.000777,4151.94,54193152600.00,8986
2022-08-05,-0.000378,-0.000498,0.005310,0.005246,-0.001626,4145.19,54171183500.00,8986
2022-08-08,0.001213,0.001189,0.009318,0.009293,-0.001238,4140.06,54239379700.00,8988
2022-08-09,-0.006349,-0.006397,-0.013252,-0.013285,-0.004249,4122.47,53901409200.00,9004
2022-08-10,0.022615,0.022567,0.021278,0.021218,0.021291,4210.24,55109822800.00,9003
2022-08-11,-0.000224,-0.000436,0.003621,0.003515,-0.000705,4207.27,55089221100.00,9003
2022-08-12,0.016857,0.016712,0.013630,0.013452,0.017322,4280.15,56009635700.00,9004
2022-08-15,0.002804,0.002775,0.001988,0.001938,0.003969,4297.14,56165869600.00,9003
2022-08-16,0.001907,0.001859,-0.001821,-0.001890,0.001876,4305.20,56265277800.00,9005
2022-08-17,-0.009190,-0.009323,-0.012785,-0.012821,-0.007238,4274.04,55732219700.00,9003
2022-08-18,0.002709,0.002565,0.002170,0.002110,0.002270,4283.74,55877028700.00,9003
2022-08-19,-0.014640,-0.014670,-0.017990,-0.018043,-0.012900,4228.48,55060041900.00,9003
2022-08-22,-0.020292,-0.020400,-0.016149,-0.016205,-0.021400,4137.99,53932827300.00,9002
2022-08-23,-0.000707,-0.000731,0.002982,0.002888,-0.002238,4128.73,53892906200.00,8992
2022-08-24,0.003947,0.003926,0.007360,0.007332,0.002916,4140.77,54104081900.00,8996
2022-08-25,0.014208,0.014181,0.010611,0.010566,0.014092,4199.12,54870919800.00,8994
2022-08-26,-0.031867,-0.031897,-0.023938,-0.023968,-0.033688,4057.66,53120008000.00,8997
2022-08-29,-0.006512,-0.006546,-0.005659,-0.005681,-0.006666,4030.61,52772302800.00,8995
2022-08-30,-0.011447,-0.011539,-0.012023,-0.012190,-0.011028,3986.16,52165362100.00,8995
2022-08-31,-0.007189,-0.007349,-0.002479,-0.002562,-0.007817,3955.00,51746391000.00,8995
2022-09-01,-0.001093,-0.001297,-0.009851,-0.010028,0.002996,3966.85,51678426300.00,8994
2022-09-02,-0.008552,-0.008609,-0.004037,-0.004057,-0.010737,3924.26,51232129800.00,8993
2022-09-06,-0.004937,-0.004980,-0.008640,-0.008672,-0.004095,3908.19,50974680300.00,8990
2022-09-07,0.018279,0.018248,0.014478,0.014461,0.018341,3979.87,51907164700.00,8991
2022-09-08,0.007387,0.007287,0.006252,0.006170,0.006611,4006.18,52284318100.00,8998
2022-09-09,0.016683,0.016615,0.015483,0.015397,0.015271,4067.36,53152172600.00,8997
2022-09-12,0.010793,0.010791,0.008578,0.008555,0.010584,4110.41,53723711300.00,8995
2022-09-13,-0.040550,-0.040575,-0.027192,-0.027229,-0.043237,3932.69,51542348500.00,8997
2022-09-14,0.003995,0.003749,0.000535,0.000313,0.003387,3946.01,51733581600.00,8998
2022-09-15,-0.010278,-0.010381,-0.005651,-0.005748,-0.011318,3901.35,51235188900.00,9012
2022-09-16,-0.009523,-0.009581,-0.014129,-0.014229,-0.007182,3873.33,50747403500.00,9012
2022-09-19,0.006945,0.006828,-0.001124,-0.001314,0.006857,3899.89,51095082400.00,9010
2022-09-20,-0.012176,-0.012195,-0.013387,-0.013452,-0.011272,3855.93,50473232700.00,9011
2022-09-21,-0.015952,-0.016015,-0.012529,-0.012698,-0.017117,3789.93,49664517400.00,9012
2022-09-22,-0.011461,-0.011499,-0.017337,-0.017457,-0.008428,3757.99,49094032300.00,9015
2022-09-23,-0.019087,-0.019174,-0.022913,-0.023020,-0.017233,3693.23,48130684200.00,9014
2022-09-26,-0.011469,-0.011587,-0.013512,-0.013625,-0.010341,3655.04,47572446800.00,9007
2022-09-27,-0.000730,-0.000789,0.001846,0.001802,-0.002120,3647.29,47534053800.00,9008
2022-09-28,0.021612,0.021531,0.022669,0.022609,0.019672,3719.04,48560542000.00,9009
2022-09-29,-0.020934,-0.021131,-0.019556,-0.019807,-0.021126,3640.47,47534245700.00,9013
2022-09-30,-0.012297,-0.012335,-0.004068,-0.004121,-0.015067,3585.62,46930636700.00,9017
2022-10-03,0.025437,0.025345,0.020441,0.020294,0.025884,3678.43,48090229800.00,9014
2022-10-04,0.032369,0.032305,0.030581,0.030556,0.030584,3790.93,49632227200.00,9010
2022-10-05,-0.003162,-0.003229,-0.004575,-0.004594,-0.002018,3783.28,49467477300.00,9012
2022-10-06,-0.009342,-0.009541,-0.004077,-0.004108,-0.010245,3744.52,48994869200.00,9013
2022-10-07,-0.027375,-0.027400,-0.023965,-0.024003,-0.028004,3639.66,47650018300.00,9010
2022-10-10,-0.008193,-0.008193,-0.009718,-0.009718,-0.007492,3612.39,47259050300.00,9007
2022-10-11,-0.006415,-0.006436,-0.005654,-0.005676,-0.006519,3588.84,46957078800.00,9009
2022-10-12,-0.002909,-0.002934,-0.001043,-0.001117,-0.003291,3577.03,46803333200.00,9010
2022-10-13,0.023430,0.023321,0.013601,0.013478,0.025966,3669.91,47893636500.00,9015
2022-10-14,-0.023710,-0.023747,-0.018166,-0.018232,-0.023663,3583.07,46750470400.00,9015
2022-10-17,0.026731,0.026730,0.020040,0.020029,0.026480,3677.95,47999527600.00,9015
2022-10-18,0.011592,0.011576,0.008469,0.008451,0.011428,3719.98,48549470100.00,9013
2022-10-19,-0.008946,-0.008948,-0.014353,-0.014364,-0.006672,3695.16,48089073000.00,9009
2022-10-20,-0.007498,-0.007574,-0.004555,-0.004590,-0.007951,3665.78,47722238500.00,9010
2022-10-21,0.022119,0.022018,0.012484,0.012348,0.023725,3752.75,48769419000.00,9007
2022-10-24,0.008701,0.008692,-0.003333,-0.003372,0.011882,3797.34,49196047100.00,9006
2022-10-25,0.018290,0.018255,0.022517,0.022478,0.016267,3859.11,50095574300.00,8997
2022-10-26,-0.004575,-0.004587,0.004725,0.004701,-0.007388,3830.60,49868664500.00,9000
2022-10-27,-0.004139,-0.004165,-0.001551,-0.001577,-0.006083,3807.30,49663949500.00,9002
2022-10-28,0.021281,0.021156,0.011624,0.011532,0.024626,3901.06,50672210600.00,9002
2022-10-31,-0.005972,-0.006020,-0.002005,-0.002034,-0.007454,3871.98,50415353200.00,8999
2022-11-01,-0.002194,-0.002254,0.003938,0.003823,-0.004101,3856.10,50301236800.00,8999
2022-11-02,-0.025073,-0.025089,-0.020792,-0.020811,-0.025002,3759.69,49039426200.00,9001
2022-11-03,-0.008895,-0.009007,-0.003951,-0.003999,-0.010586,3719.89,48598524300.00,9003
2022-11-04,0.013226,0.013057,0.009348,0.009273,0.013619,3770.55,49232799400.00,9001
2022-11-07,0.008101,0.008080,0.003382,0.003347,0.009614,3806.80,49630772700.00,8999
2022-11-08,0.005273,0.005254,-0.000576,-0.000602,0.005598,3828.11,49893926500.00,8999
2022-11-09,-0.021136,-0.021295,-0.023470,-0.023554,-0.020778,3748.57,48832951600.00,9000
2022-11-10,0.055288,0.055212,0.044090,0.043994,0.055435,3956.37,51531362800.00,9007
2022-11-11,0.010538,0.010538,0.016071,0.016071,0.009241,3992.93,52069801100.00,9006
2022-11-14,-0.009507,-0.009740,-0.006578,-0.006767,-0.008936,3957.25,51566063100.00,9006
2022-11-15,0.010174,0.010118,0.010383,0.010329,0.008713,3991.73,52089178500.00,9008
2022-11-16,-0.009704,-0.009870,-0.013796,-0.013843,-0.008252,3958.79,51577209200.00,9007
2022-11-17,-0.004122,-0.004313,-0.006169,-0.006269,-0.003089,3946.56,51354577900.00,9011
2022-11-18,0.004185,0.004151,0.000658,0.000608,0.004759,3965.34,51568827100.00,9009
2022-11-21,-0.004588,-0.004684,-0.007304,-0.007404,-0.003884,3949.94,51326914600.00,9005
2022-11-22,0.013241,0.013207,0.006866,0.006775,0.013580,4003.58,51996261600.00,9007
2022-11-23,0.005918,0.005872,0.005970,0.005921,0.005915,4027.26,52273225600.00,9004
2022-11-25,0.000406,0.000376,0.003030,0.002925,-0.000283,4026.12,52294583000.00,9003
2022-11-28,-0.015647,-0.015664,-0.014113,-0.014149,-0.015444,3963.94,51473753400.00,9001
2022-11-29,-0.000744,-0.000850,0.002548,0.002455,-0.001592,3957.63,51430622000.00,9001
2022-11-30,0.029413,0.029199,0.020560,0.020445,0.030948,4080.11,52928742700.00,8999
2022-12-01,0.000229,0.000035,0.002523,0.002347,-0.000868,4076.57,52928051000.00,8994
2022-12-02,-0.000581,-0.000636,0.005174,0.005149,-0.001195,4071.70,52890836900.00,8986
2022-12-05,-0.019456,-0.019469,-0.017511,-0.017534,-0.017894,3998.84,51861496100.00,8986
2022-12-06,-0.014051,-0.014082,-0.012792,-0.012811,-0.014399,3941.26,51124916600.00,8986
2022-12-07,-0.001929,-0.002005,-0.004659,-0.004707,-0.001862,3933.92,51022835100.00,8987
2022-12-08,0.007368,0.007236,0.005598,0.005521,0.007522,3963.51,51393057800.00,8985
2022-12-09,-0.007468,-0.007508,-0.004385,-0.004491,-0.007350,3934.38,51007635200.00,8981
2022-12-12,0.013023,0.013018,0.006047,0.006019,0.014279,3990.56,51673429200.00,8975
2022-12-13,0.007299,0.007091,0.005193,0.004887,0.007290,4019.65,52034109400.00,8976
2022-12-14,-0.005473,-0.005676,-0.004224,-0.004477,-0.006053,3995.32,51745125600.00,8978
2022-12-15,-0.024078,-0.024211,-0.017985,-0.018183,-0.024922,3895.75,50486057400.00,8973
2022-12-16,-0.010349,-0.010473,-0.007406,-0.007689,-0.011138,3852.36,49945953600.00,8958
2022-12-19,-0.009614,-0.009841,-0.014495,-0.014896,-0.009007,3817.66,49454724400.00,8952
2022-12-20,0.001879,0.001795,0.001102,0.000956,0.001037,3821.62,49540146900.00,8953
2022-12-21,0.014642,0.014547,0.010713,0.010652,0.014868,3878.44,50261856400.00,8945
2022-12-22,-0.014002,-0.014085,-0.009473,-0.009717,-0.014452,3822.39,49534797600.00,8938
2022-12-23,0.005465,0.005393,0.002459,0.002195,0.005868,3844.82,49801041800.00,8932
2022-12-27,-0.003930,-0.003999,-0.008489,-0.008633,-0.004050,3829.25,49602333700.00,8927
2022-12-28,-0.012364,-0.012381,-0.010297,-0.010560,-0.012021,3783.22,48986063400.00,8919
2022-12-29,0.018339,0.018137,0.022834,0.022336,0.017461,3849.28,49870420000.00,8915
2022-12-30,-0.002451,-0.002498,0.003808,0.003772,-0.002541,3839.50,49720242900.00,8906
2023-01-03,-0.003934,-0.003996,0.005062,0.005023,-0.004001,3824.14,49521247500.00,8898
2023-01-04,0.009553,0.009515,0.018657,0.018640,0.007539,3852.97,49998793100.00,8900
2023-01-05,-0.010970,-0.011108,-0.004115,-0.004159,-0.011646,3808.10,49442231200.00,8897
2023-01-06,0.022257,0.022239,0.017645,0.017629,0.022841,3895.08,50540606600.00,8896
2023-01-09,0.001059,0.000930,0.007190,0.007168,-0.000768,3892.09,50587911000.00,8895
2023-01-10,0.007317,0.007316,0.013026,0.013008,0.006978,3919.25,50958741800.00,8897
2023-01-11,0.012571,0.012557,0.011686,0.011654,0.012849,3969.61,51598175100.00,8898
2023-01-12,0.005718,0.005618,0.014703,0.014575,0.003416,3983.17,51887238400.00,8894
2023-01-13,0.004322,0.004291,0.007841,0.007748,0.003997,3999.09,52108760300.00,8891
2023-01-17,-0.001146,-0.001149,0.002261,0.002240,-0.002030,3990.97,52048549800.00,8887
2023-01-18,-0.014241,-0.014243,-0.012161,-0.012177,-0.015563,3928.86,51307003700.00,8886
2023-01-19,-0.007486,-0.007574,-0.006112,-0.006153,-0.007638,3898.85,50921196400.00,8885
2023-01-20,0.018067,0.018047,0.014679,0.014637,0.018918,3972.61,51832461600.00,8888
2023-01-23,0.011763,0.011753,0.010128,0.010049,0.011881,4019.81,52443565700.00,8884
2023-01-24,-0.001146,-0.001169,-0.000988,-0.001010,-0.000711,4016.95,52382079400.00,8881
2023-01-25,0.000339,0.000303,0.001542,0.001525,-0.000182,4016.22,52400479000.00,8885
2023-01-26,0.010381,0.010332,0.005295,0.005275,0.011008,4060.43,52941649700.00,8886
2023-01-27,0.003473,0.003443,0.005432,0.005380,0.002495,4070.56,53123042500.00,8887
2023-01-30,-0.012975,-0.013074,-0.010138,-0.010193,-0.012969,4017.77,52427500700.00,8887
2023-01-31,0.015550,0.015530,0.016344,0.016321,0.014642,4076.60,53261862300.00,8884
2023-02-01,0.011137,0.011071,0.012678,0.012560,0.010452,4119.21,53842704200.00,8884
2023-02-02,0.013800,0.013759,0.013540,0.013509,0.014699,4179.76,54584626900.00,8881
2023-02-03,-0.010632,-0.010711,-0.007167,-0.007211,-0.010355,4136.48,53990648700.00,8875
2023-02-06,-0.007223,-0.007300,-0.007359,-0.007389,-0.006140,4111.08,53596067700.00,8876
2023-02-07,0.011465,0.011447,0.004813,0.004775,0.012873,4164.00,54212507300.00,8877
2023-02-08,-0.010374,-0.010397,-0.010300,-0.010329,-0.011081,4117.86,53649850300.00,8875
2023-02-09,-0.008850,-0.008963,-0.011912,-0.011966,-0.008830,4081.50,53172082700.00,8875
2023-02-10,0.001496,0.001347,-0.002506,-0.002581,0.002195,4090.46,53244230500.00,8875
2023-02-13,0.010860,0.010737,0.005050,0.005017,0.011449,4137.29,53814177800.00,8872
2023-02-14,0.000941,0.000806,0.000475,0.000324,-0.000280,4136.13,53857623700.00,8872
2023-02-15,0.004435,0.004260,0.007186,0.007157,0.002773,4147.60,54086809800.00,8869
2023-02-16,-0.012705,-0.012778,-0.007559,-0.007624,-0.013789,4090.41,53397003900.00,8870
2023-02-17,-0.002933,-0.003077,-0.001381,-0.001480,-0.002767,4079.09,53235655200.00,8871
2023-02-21,-0.020457,-0.020475,-0.021847,-0.021909,-0.020041,3997.34,52145152400.00,8864
2023-02-22,-0.000607,-0.000639,-0.000428,-0.000487,-0.001574,3991.05,52106671100.00,8863
2023-02-23,0.004871,0.004808,0.003045,0.002990,0.005329,4012.32,52356195800.00,8862
2023-02-24,-0.010160,-0.010197,-0.012812,-0.012859,-0.010538,3970.04,51820747800.00,8860
2023-02-27,0.003327,0.003210,0.003600,0.003526,0.003073,3982.24,51985981100.00,8857
2023-02-28,-0.002576,-0.002676,0.000582,0.000500,-0.003036,3970.15,51817175600.00,8854
2023-03-01,-0.003159,-0.003259,-0.001274,-0.001383,-0.004725,3951.39,51643781100.00,8854
2023-03-02,0.006503,0.006370,0.002479,0.002408,0.007582,3981.35,51973412900.00,8852
2023-03-03,0.015546,0.015480,0.012266,0.012225,0.016148,4045.64,52780701400.00,8850
2023-03-06,-0.001750,-0.001793,-0.007068,-0.007100,0.000687,4048.42,52685370200.00,8843
2023-03-07,-0.014599,-0.014625,-0.010122,-0.010142,-0.015327,3986.37,51915515600.00,8841
2023-03-08,0.001270,0.001207,-0.001520,-0.001643,0.001415,3992.01,51977701900.00,8840
2023-03-09,-0.019276,-0.019425,-0.021551,-0.021656,-0.018459,3918.32,50969606300.00,8842
2023-03-10,-0.016483,-0.016558,-0.023032,-0.023132,-0.014478,3861.59,50118615400.00,8833
2023-03-13,-0.003098,-0.003125,-0.009576,-0.009632,-0.001510,3855.76,49953250200.00,8822
2023-03-14,0.015863,0.015617,0.009278,0.008990,0.016477,3919.29,50733516700.00,8822
2023-03-15,-0.009262,-0.009299,-0.015317,-0.015375,-0.006981,3891.93,50264747500.00,8824
2023-03-16,0.016293,0.016131,0.010546,0.010405,0.017562,3960.28,51072653600.00,8824
2023-03-17,-0.012043,-0.012103,-0.015876,-0.015959,-0.011019,3916.64,50453842300.00,8824
2023-03-20,0.008716,0.008634,0.001261,0.001100,0.008918,3951.57,50889581500.00,8820
2023-03-21,0.013857,0.013792,0.016795,0.016670,0.012982,4002.87,51587396300.00,8821
2023-03-22,-0.016420,-0.016493,-0.014646,-0.014729,-0.016463,3936.97,50737422400.00,8824
2023-03-23,0.001793,0.001597,-0.001480,-0.001642,0.002985,3948.72,50819313500.00,8823
2023-03-24,0.004737,0.004671,0.002874,0.002773,0.005640,3970.99,51052800900.00,8821
2023-03-27,0.003207,0.003190,0.005019,0.004952,0.001647,3977.53,51209280600.00,8814
2023-03-28,-0.000817,-0.000834,-0.000513,-0.000546,-0.001574,3971.27,51161815300.00,8820
2023-03-29,0.013802,0.013800,0.010908,0.010861,0.014237,4027.81,51863325200.00,8818
2023-03-30,0.005538,0.005347,0.003078,0.002827,0.005715,4050.83,52136789300.00,8819
2023-03-31,0.014614,0.014581,0.011948,0.011909,0.014437,4109.31,52855238600.00,8807
2023-04-03,0.003122,0.003032,0.001672,0.001497,0.003699,4124.51,53012140700.00,8806
2023-04-04,-0.006606,-0.006686,-0.010662,-0.010728,-0.005797,4100.60,52644782300.00,8808
2023-04-05,-0.004045,-0.004163,-0.008869,-0.008906,-0.002492,4090.38,52426389000.00,8809
2023-04-06,0.003105,0.002962,0.003466,0.003398,0.003579,4105.02,52583053300.00,8809
2023-04-10,0.002154,0.002129,0.005970,0.005958,0.000996,4109.11,52695199600.00,8808
2023-04-11,0.001796,0.001793,0.007144,0.007116,-0.000041,4108.94,52789672700.00,8806
2023-04-12,-0.003977,-0.004033,-0.005078,-0.005136,-0.004135,4091.95,52576637400.00,8803
2023-04-13,0.012827,0.012703,0.012877,0.012752,0.013263,4146.22,53243609400.00,8804
2023-04-14,-0.002720,-0.002729,-0.004618,-0.004659,-0.002069,4137.64,53100114000.00,8804
2023-04-17,0.003645,0.003633,0.007969,0.007954,0.003306,4151.32,53291817000.00,8796
2023-04-18,0.000652,0.000649,-0.001864,-0.001960,0.000855,4154.87,53326510600.00,8801
2023-04-19,-0.000454,-0.000456,-0.001456,-0.001476,-0.000084,4154.52,53301827800.00,8798
2023-04-20,-0.005743,-0.005818,-0.006877,-0.006945,-0.005953,4129.79,52994852300.00,8801
2023-04-21,0.000615,0.000596,-0.001234,-0.001296,0.000903,4133.52,53027110600.00,8801
2023-04-24,0.000380,0.000241,-0.002906,-0.002975,0.000852,4137.04,53039695200.00,8793
2023-04-25,-0.016696,-0.016730,-0.018124,-0.018160,-0.015811,4071.63,52151493100.00,8791
2023-04-26,-0.004091,-0.004095,-0.005488,-0.005520,-0.003841,4055.99,51935799500.00,8793
2023-04-27,0.017335,0.017269,0.010266,0.010191,0.019566,4135.35,52829101100.00,8790
2023-04-28,0.008072,0.007962,0.010419,0.010351,0.008253,4169.48,53261957900.00,8789
2023-05-01,-0.000652,-0.000727,0.001283,0.001151,-0.000386,4167.87,53222421500.00,8782
2023-05-02,-0.012260,-0.012267,-0.013213,-0.013234,-0.011586,4119.58,52560294800.00,8780
2023-05-03,-0.005189,-0.005200,0.000531,0.000506,-0.006998,4090.75,52282183300.00,8783
2023-05-04,-0.006837,-0.006949,-0.006119,-0.006171,-0.007219,4061.22,51968791200.00,8783
2023-05-05,0.018739,0.018650,0.018082,0.017997,0.018475,4136.25,52941536000.00,8783
2023-05-08,0.000849,0.000817,0.002221,0.002188,0.000452,4138.12,52984172400.00,8783
2023-05-09,-0.003907,-0.003962,-0.001622,-0.001667,-0.004579,4119.17,52776438700.00,8782
2023-05-10,0.004086,0.004056,0.003745,0.003660,0.004484,4137.64,52991346400.00,8781
2023-05-11,-0.002566,-0.002726,-0.006936,-0.007030,-0.001697,4130.62,52846478700.00,8785
2023-05-12,-0.001936,-0.002148,-0.005071,-0.005271,-0.001583,4124.08,52730402000.00,8784
2023-05-15,0.005045,0.004942,0.009355,0.009302,0.002958,4136.28,52988795300.00,8783
2023-05-16,-0.008106,-0.008152,-0.011928,-0.011967,-0.006378,4109.90,52556745300.00,8783
2023-05-17,0.012329,0.012184,0.013996,0.013952,0.011891,4158.77,53196344400.00,8785
2023-05-18,0.008474,0.008303,0.003390,0.003280,0.009445,4198.05,53640380800.00,8787
2023-05-19,-0.001860,-0.001909,-0.000949,-0.001045,-0.001446,4191.98,53538143700.00,8786
2023-05-22,0.001904,0.001813,0.008546,0.008430,0.000155,4192.63,53635485200.00,8786
2023-05-23,-0.010454,-0.010483,-0.003083,-0.003144,-0.011222,4145.58,53074964400.00,8787
2023-05-24,-0.008000,-0.008019,-0.009387,-0.009422,-0.007319,4115.24,52643186400.00,8785
2023-05-25,0.004950,0.004919,-0.008997,-0.009052,0.008758,4151.28,52906427300.00,8785
2023-05-26,0.012610,0.012553,0.007922,0.007863,0.013049,4205.45,53570835400.00,8783
2023-05-30,-0.000231,-0.000313,-0.001041,-0.001123,0.000017,4205.52,53556036700.00,8780
2023-05-31,-0.005725,-0.005892,-0.005191,-0.005297,-0.006109,4179.83,53241372400.00,8779
2023-06-01,0.010187,0.009971,0.009433,0.009154,0.009854,4221.02,53771106100.00,8776
2023-06-02,0.016242,0.016189,0.020618,0.020579,0.014534,4282.37,54639181400.00,8775
2023-06-05,-0.002792,-0.002807,-0.005120,-0.005140,-0.002004,4273.79,54487100500.00,8774
2023-06-06,0.005193,0.005169,0.014317,0.014291,0.002354,4283.85,54768614400.00,8773
2023-06-07,-0.002024,-0.002193,0.006266,0.006026,-0.003812,4267.52,54648342500.00,8773
2023-06-08,0.005209,0.005107,0.000931,0.000870,0.006189,4293.93,54931896400.00,8774
2023-06-09,0.000098,0.000068,-0.004197,-0.004302,0.001148,4298.86,54936445300.00,8771
2023-06-12,0.008518,0.008516,0.005629,0.005615,0.009321,4338.93,55407460100.00,8774
2023-06-13,0.007512,0.007473,0.008966,0.008896,0.006933,4369.01,55819469600.00,8771
2023-06-14,0.000057,-0.000173,-0.005231,-0.005521,0.000819,4372.59,55809030100.00,8772
2023-06-15,0.011707,0.011530,0.008909,0.008788,0.012178,4425.84,56447372800.00,8774
2023-06-16,-0.003788,-0.003844,-0.001980,-0.002146,-0.003672,4409.59,56223329700.00,8770
2023-06-20,-0.005432,-0.005567,-0.006839,-0.007079,-0.004735,4388.71,55905451000.00,8757
2023-06-21,-0.004712,-0.004804,-0.003638,-0.003834,-0.005245,4365.69,55637049300.00,8756
2023-06-22,0.001811,0.001748,-0.004701,-0.004803,0.003711,4381.89,55737224100.00,8763
2023-06-23,-0.008474,-0.008539,-0.009603,-0.009693,-0.007659,4348.33,55259570200.00,8764
2023-06-26,-0.002689,-0.002716,-0.001383,-0.001489,-0.004487,4328.82,55106162400.00,8759
2023-06-27,0.011635,0.011611,0.007286,0.007094,0.011456,4378.41,55748462700.00,8760
2023-06-28,0.000528,0.000526,0.001215,0.001161,-0.000354,4376.86,55775911100.00,8761
2023-06-29,0.004747,0.004532,0.006309,0.005990,0.004474,4396.44,56033794800.00,8766
2023-06-30,0.011089,0.011054,0.005604,0.005532,0.012269,4450.38,56684493200.00,8770
2023-07-03,0.002105,0.001977,0.006882,0.006679,0.001171,4455.59,56796271100.00,8763
2023-07-05,-0.003315,-0.003402,-0.006333,-0.006369,-0.001968,4446.82,56603446600.00,8763
2023-07-06,-0.009672,-0.009733,-0.013608,-0.013635,-0.007923,4411.59,56051947800.00,8762
2023-07-07,0.000005,-0.000128,0.010289,0.010239,-0.002865,4398.95,56046279000.00,8760
2023-07-10,0.004152,0.004144,0.009090,0.009070,0.002405,4409.53,56280057000.00,8758
2023-07-11,0.007738,0.007717,0.009107,0.009090,0.006742,4439.26,56710256900.00,8758
2023-07-12,0.007998,0.007976,0.008816,0.008766,0.007411,4472.16,57163665600.00,8758
2023-07-13,0.009334,0.009251,0.008519,0.008394,0.008470,4510.04,57692778200.00,8762
2023-07-14,-0.002944,-0.002973,-0.010092,-0.010137,-0.001024,4505.42,57523940000.00,8760
2023-07-17,0.004496,0.004495,0.005086,0.005074,0.003855,4522.79,57781051200.00,8757
2023-07-18,0.007299,0.007298,0.006392,0.006379,0.007117,4554.98,58200620100.00,8757
2023-07-19,0.002571,0.002558,0.003657,0.003636,0.002358,4565.72,58352057900.00,8758
2023-07-20,-0.007185,-0.007253,-0.006756,-0.006799,-0.006757,4534.87,57919524300.00,8757
2023-07-21,0.000069,0.000061,-0.000977,-0.001063,0.000324,4536.34,57923036900.00,8756
2023-07-24,0.003273,0.003255,0.000118,0.000074,0.004034,4554.64,58111165800.00,8750
2023-07-25,0.002307,0.002266,-0.002021,-0.002035,0.002815,4567.46,58243555900.00,8755
2023-07-26,0.000799,0.000789,0.005517,0.005498,-0.000155,4566.75,58292392400.00,8750
2023-07-27,-0.007487,-0.007550,-0.011520,-0.011562,-0.006425,4537.41,57847496600.00,8751
2023-07-28,0.010608,0.010490,0.013323,0.013248,0.009878,4582.23,58452109700.00,8749
2023-07-31,0.003173,0.003149,0.008267,0.008243,0.001469,4588.96,58692137000.00,8747
2023-08-01,-0.003671,-0.003759,-0.004377,-0.004519,-0.002665,4576.73,58468638800.00,8746
2023-08-02,-0.014385,-0.014394,-0.013074,-0.013092,-0.013840,4513.39,57627687900.00,8744
2023-08-03,-0.002370,-0.002422,-0.001952,-0.001999,-0.002548,4501.89,57487385800.00,8747
2023-08-04,-0.004195,-0.004273,-0.002070,-0.002151,-0.005300,4478.03,57245074300.00,8749
2023-08-07,0.007546,0.007520,-0.001121,-0.001148,0.009024,4518.44,57669537500.00,8745
2023-08-08,-0.004756,-0.004780,-0.004176,-0.004208,-0.004218,4499.38,57393005500.00,8747
2023-08-09,-0.006457,-0.006522,-0.005960,-0.005991,-0.007039,4467.71,57017092500.00,8748
2023-08-10,0.000092,-0.000024,-0.002073,-0.002202,0.000251,4468.83,57012788800.00,8750
2023-08-11,-0.000907,-0.001037,-0.001429,-0.001489,-0.001070,4464.05,56949667500.00,8748
2023-08-14,0.004055,0.003958,-0.002848,-0.003011,0.005750,4489.72,57199294100.00,8745
2023-08-15,-0.011781,-0.011888,-0.012966,-0.013012,-0.011551,4437.86,56582854500.00,8749
2023-08-16,-0.007891,-0.008015,-0.010044,-0.010101,-0.007555,4404.33,56130570700.00,8747
2023-08-17,-0.008395,-0.008551,-0.007525,-0.007601,-0.007713,4370.36,55650571000.00,8748
2023-08-18,0.000602,0.000542,0.000827,0.000781,-0.000149,4369.71,55676001800.00,8745
2023-08-21,0.005540,0.005516,-0.000169,-0.000252,0.006879,4399.77,55981792900.00,8743
2023-08-22,-0.001892,-0.001919,-0.003236,-0.003296,-0.002777,4387.55,55875631100.00,8750
2023-08-23,0.011033,0.011014,0.008529,0.008444,0.011045,4436.01,56490248700.00,8745
2023-08-24,-0.012548,-0.012575,-0.011328,-0.011371,-0.013458,4376.31,55780275200.00,8744
2023-08-25,0.007025,0.006933,0.001559,0.001531,0.006718,4405.71,56165054700.00,8744
2023-08-28,0.007092,0.007079,0.005391,0.005362,0.006265,4433.31,56562242300.00,8741
2023-08-29,0.013164,0.013134,0.012613,0.012575,0.014508,4497.63,57305764300.00,8741
2023-08-30,0.003824,0.003685,0.003346,0.003271,0.003833,4514.87,57519049200.00,8743
2023-08-31,-0.001065,-0.001271,-0.001883,-0.002015,-0.001597,4507.66,57388268500.00,8743
2023-09-01,0.002776,0.002667,0.005930,0.005776,0.001799,4515.77,57541370800.00,8742
2023-09-05,-0.006126,-0.006158,-0.009656,-0.009681,-0.004194,4496.83,57173777800.00,8739
2023-09-06,-0.006391,-0.006415,-0.006598,-0.006639,-0.006972,4465.48,56805666000.00,8741
2023-09-07,-0.003839,-0.003955,-0.007888,-0.007955,-0.003211,4451.14,56581093100.00,8741
2023-09-08,0.001012,0.000956,-0.002062,-0.002164,0.001427,4457.49,56634591900.00,8739
2023-09-11,0.006483,0.006474,0.002544,0.002514,0.006724,4487.46,57004819800.00,8737
2023-09-12,-0.004767,-0.004801,-0.001701,-0.001739,-0.005696,4461.90,56731753800.00,8740
2023-09-13,0.000005,-0.000010,-0.005292,-0.005328,0.001242,4467.44,56706776600.00,8744
2023-09-14,0.008998,0.008701,0.009325,0.008966,0.008430,4505.10,57225817100.00,8750
2023-09-15,-0.010526,-0.010594,-0.005160,-0.005246,-0.012160,4450.32,56622442700.00,8758
2023-09-18,-0.000425,-0.000531,-0.006305,-0.006473,0.000721,4453.53,56597673000.00,8759
2023-09-19,-0.002633,-0.002652,-0.003257,-0.003373,-0.002151,4443.95,56457419400.00,8760
2023-09-20,-0.008244,-0.008314,-0.006373,-0.006499,-0.009395,4402.20,55989261500.00,8769
2023-09-21,-0.016903,-0.016986,-0.013885,-0.014031,-0.016401,4330.00,55037263300.00,8775
2023-09-22,-0.001882,-0.001906,-0.002873,-0.002963,-0.002296,4320.06,54933933400.00,8782
2023-09-25,0.003394,0.003374,-0.001515,-0.001566,0.004023,4337.44,55153495500.00,8777
2023-09-26,-0.014143,-0.014280,-0.008325,-0.008422,-0.014735,4273.53,54363130200.00,8774
2023-09-27,0.001060,0.001031,0.001696,0.001622,0.000229,4274.51,54417126800.00,8774
2023-09-28,0.006627,0.006404,0.004663,0.004400,0.005893,4299.70,54757068900.00,8782
2023-09-29,-0.002633,-0.002665,0.000677,0.000615,-0.002709,4288.05,54635591700.00,8784
2023-10-02,-0.003498,-0.003600,-0.011886,-0.012090,0.000079,4288.39,54440782700.00,8791
2023-10-03,-0.014349,-0.014404,-0.015225,-0.015253,-0.013744,4229.45,53656522300.00,8792
2023-10-04,0.007075,0.007069,0.001074,0.001060,0.008110,4263.75,54036101900.00,8793
2023-10-05,-0.000735,-0.000892,-0.000910,-0.000950,-0.001304,4258.19,53988588000.00,8793
2023-10-06,0.011483,0.011368,0.007495,0.007421,0.011815,4308.50,54575588500.00,8791
2023-10-09,0.006120,0.006120,0.000943,0.000943,0.006304,4335.66,54910974100.00,8792
2023-10-10,0.006470,0.006455,0.009906,0.009885,0.005208,4358.24,55267458800.00,8794
2023-10-11,0.003842,0.003794,0.002814,0.002738,0.004293,4376.95,55478807500.00,8796
2023-10-12,-0.008455,-0.008537,-0.013191,-0.013274,-0.006246,4349.61,55006197300.00,8793
2023-10-13,-0.005077,-0.005088,-0.004184,-0.004263,-0.005019,4327.78,54652459800.00,8790
2023-10-16,0.010957,0.010934,0.008919,0.008897,0.010594,4373.63,55248775000.00,8784
2023-10-17,0.001091,0.001089,0.005945,0.005921,-0.000098,4373.20,55304335400.00,8782
2023-10-18,-0.014619,-0.014620,-0.015364,-0.015368,-0.013400,4314.60,54496673700.00,8779
2023-10-19,-0.009179,-0.009245,-0.012693,-0.012747,-0.008483,4278.00,53993792100.00,8793
2023-10-20,-0.012193,-0.012221,-0.010180,-0.010299,-0.012585,4224.16,53332087600.00,8794
2023-10-23,-0.002426,-0.002437,-0.008234,-0.008324,-0.001686,4217.04,53222363800.00,8787
2023-10-24,0.006950,0.006930,0.006891,0.006865,0.007266,4247.68,53591890600.00,8784
2023-10-25,-0.014672,-0.014705,-0.012730,-0.012770,-0.014340,4186.77,52807106300.00,8780
2023-10-26,-0.009124,-0.009138,-0.002212,-0.002241,-0.011833,4137.23,52319987900.00,8780
2023-10-27,-0.005494,-0.005544,-0.009087,-0.009142,-0.004800,4117.37,52028085500.00,8779
2023-10-30,0.010716,0.010608,0.006928,0.006872,0.012010,4166.82,52579083800.00,8772
2023-10-31,0.006299,0.006244,0.005594,0.005553,0.006475,4193.80,52875382400.00,8770
2023-11-01,0.009644,0.009555,0.002807,0.002632,0.010506,4237.86,53388765600.00,8772
2023-11-02,0.020161,0.020094,0.022173,0.022122,0.018859,4317.78,54458138500.00,8778
2023-11-03,0.011695,0.011640,0.020834,0.020776,0.009394,4358.34,55091869700.00,8777
2023-11-06,-0.000780,-0.000809,-0.006333,-0.006362,0.001753,4365.98,55046841900.00,8774
2023-11-07,0.002356,0.002322,-0.000743,-0.000778,0.002840,4378.38,55165680200.00,8774
2023-11-08,-0.000411,-0.000456,-0.006357,-0.006451,0.001005,4382.78,55134968400.00,8776
2023-11-09,-0.008442,-0.008586,-0.014810,-0.014880,-0.008084,4347.35,54660015700.00,8775
2023-11-10,0.013967,0.013823,0.004125,0.004011,0.015616,4415.24,55415952300.00,8772
2023-11-13,-0.000330,-0.000386,0.000302,0.000257,-0.000836,4411.55,55397590300.00,8767
2023-11-14,0.022835,0.022639,0.031136,0.030882,0.019075,4495.70,56655351900.00,8769
2023-11-15,0.001954,0.001816,0.005529,0.005472,0.001597,4502.88,56758246900.00,8766
2023-11-16,-0.001165,-0.001370,-0.007663,-0.007779,0.001190,4508.24,56682211600.00,8765
2023-11-17,0.003330,0.003270,0.009963,0.009905,0.001282,4514.02,56869064000.00,8761
2023-11-20,0.007017,0.006935,0.007068,0.007000,0.007390,4547.38,57275259100.00,8763
2023-11-21,-0.002977,-0.003014,-0.007833,-0.007972,-0.002021,4538.19,57104946100.00,8771
2023-11-22,0.004067,0.004025,0.004612,0.004524,0.004061,4556.62,57274176400.00,8770
2023-11-24,0.001708,0.001683,0.008853,0.008814,0.000597,4559.34,57424574500.00,8768
2023-11-27,-0.001871,-0.001890,-0.003208,-0.003251,-0.001954,4550.43,57315396900.00,8767
2023-11-28,0.000915,0.000902,0.001167,0.001132,0.000980,4554.89,57366472500.00,8763
2023-11-29,0.001082,0.000939,0.006047,0.005971,-0.000946,4550.58,57418600900.00,8765
2023-11-30,0.003946,0.003668,0.001808,0.001638,0.003784,4567.80,57681424500.00,8769
2023-12-01,0.009181,0.009046,0.019252,0.019071,0.005874,4594.63,58200760500.00,8765
2023-12-04,-0.003913,-0.003922,0.004928,0.004899,-0.005408,4569.78,57974806000.00,8764
2023-12-05,-0.002322,-0.002361,-0.008439,-0.008471,-0.000569,4567.18,57837560300.00,8763
2023-12-06,-0.003542,-0.003621,0.000125,0.000057,-0.003906,4549.34,57626088200.00,8764
2023-12-07,0.007297,0.007147,0.003563,0.003440,0.007968,4585.59,58037903200.00,8765
2023-12-08,0.004205,0.004174,0.003196,0.003103,0.004095,4604.37,58280632100.00,8762
2023-12-11,0.003690,0.003684,-0.004576,-0.004604,0.003925,4622.44,58496675300.00,8762
2023-12-12,0.003133,0.003090,-0.004210,-0.004254,0.004599,4643.70,58680330000.00,8758
2023-12-13,0.016200,0.016182,0.022396,0.022298,0.013651,4707.09,59636053400.00,8760
2023-12-14,0.006931,0.006638,0.018160,0.017728,0.002647,4719.55,59985442700.00,8760
2023-12-15,-0.001579,-0.001674,-0.005318,-0.005558,-0.000076,4719.19,59886418200.00,8760
2023-12-18,0.003856,0.003657,-0.000888,-0.001370,0.004528,4740.56,60097868300.00,8749
2023-12-19,0.007711,0.007626,0.012567,0.012418,0.005866,4768.37,60557626300.00,8749
2023-12-20,-0.014802,-0.015095,-0.011489,-0.012052,-0.014684,4698.35,59647555400.00,8752
2023-12-21,0.011213,0.011131,0.013642,0.013459,0.010302,4746.75,60310009100.00,8753
2023-12-22,0.002434,0.002366,0.007676,0.007387,0.001660,4754.63,60454138100.00,8751
2023-12-26,0.005223,0.005204,0.009674,0.009299,0.004232,4774.75,60769524700.00,8749
2023-12-27,0.001989,0.001802,0.005277,0.004907,0.001430,4781.58,60879987100.00,8743
2023-12-28,-0.000111,-0.000298,0.002042,0.001428,0.000370,4783.35,60865471000.00,8742
2023-12-29,-0.004049,-0.004087,-0.007480,-0.007546,-0.002826,4769.83,60696692000.00,8742
2024-01-02,-0.006546,-0.006590,-0.003010,-0.003040,-0.005661,4742.83,60298483600.00,8740
2024-01-03,-0.010015,-0.010046,-0.013588,-0.013602,-0.008016,4704.81,59689358700.00,8740
2024-01-04,-0.002642,-0.002737,-0.000148,-0.000164,-0.003428,4688.68,59527231600.00,8741
2024-01-05,0.001646,0.001640,-0.001342,-0.001442,0.001826,4697.24,59624358500.00,8737
2024-01-08,0.014021,0.014006,0.011515,0.011513,0.014115,4763.54,60459435700.00,8732
2024-01-09,-0.002547,-0.002665,-0.005654,-0.005669,-0.001478,4756.50,60300560000.00,8731
2024-01-10,0.004685,0.004666,0.000003,-0.000004,0.005666,4783.45,60582756300.00,8732
2024-01-11,-0.001333,-0.001372,-0.005925,-0.006049,-0.000671,4780.24,60524301300.00,8743
2024-01-12,0.000550,0.000489,-0.000808,-0.000847,0.000751,4783.83,60555086900.00,8744
2024-01-16,-0.005242,-0.005257,-0.012472,-0.012514,-0.003731,4765.98,60238744300.00,8746
2024-01-17,-0.006324,-0.006339,-0.009116,-0.009128,-0.005617,4739.21,59856158400.00,8745
2024-01-18,0.008049,0.007987,0.000551,0.000507,0.008805,4780.94,60338196100.00,8749
2024-01-19,0.011555,0.011513,0.004559,0.004536,0.012314,4839.81,61030800100.00,8749
2024-01-22,0.003823,0.003813,0.010119,0.010051,0.002194,4850.43,61266162800.00,8750
2024-01-23,0.002103,0.002082,0.001792,0.001733,0.002921,4864.60,61383499600.00,8749
2024-01-24,-0.000321,-0.000351,-0.001923,-0.001939,0.000812,4868.55,61386367600.00,8754
2024-01-25,0.005203,0.005158,0.005453,0.005430,0.005260,4894.16,61710416600.00,8764
2024-01-26,0.000044,0.000041,0.002842,0.002816,-0.000652,4890.97,61702705700.00,8764
2024-01-29,0.008416,0.008390,0.010695,0.010660,0.007557,4927.93,62258392300.00,8765
2024-01-30,-0.001334,-0.001428,-0.005870,-0.005917,-0.000601,4924.97,62170680000.00,8766
2024-01-31,-0.015799,-0.015827,-0.013150,-0.013177,-0.016106,4845.65,61207607400.00,8767
2024-02-01,0.012365,0.012254,0.008640,0.008465,0.012494,4906.19,61965556000.00,8771
2024-02-02,0.007568,0.007514,-0.004472,-0.004528,0.010685,4958.61,62426607500.00,8773
2024-02-05,-0.004994,-0.005013,-0.011368,-0.011393,-0.003186,4942.81,62112681600.00,8772
2024-02-06,0.003588,0.003538,0.008992,0.008960,0.002310,4954.23,62335108600.00,8771
2024-02-07,0.006775,0.006760,-0.000956,-0.001053,0.008241,4995.06,62756300800.00,8771
2024-02-08,0.002366,0.002264,0.008096,0.008009,0.000571,4997.91,62902847200.00,8776
2024-02-09,0.006382,0.006307,0.009054,0.008993,0.005742,5026.61,63302277900.00,8779
2024-02-12,0.000951,0.000929,0.011085,0.011067,-0.000949,5021.84,63353707600.00,8774
2024-02-13,-0.016421,-0.016506,-0.024089,-0.024129,-0.013674,4953.17,62308867900.00,8772
2024-02-14,0.011509,0.011339,0.017793,0.017652,0.009580,5000.62,63016753700.00,8771
2024-02-15,0.008273,0.008098,0.015328,0.015240,0.005821,5029.73,63528508600.00,8764
2024-02-16,-0.004713,-0.004845,-0.001811,-0.001873,-0.004803,5005.57,63247644700.00,8763
2024-02-20,-0.006418,-0.006454,-0.007284,-0.007337,-0.006005,4975.51,62841572200.00,8744
2024-02-21,0.000158,0.000116,-0.003842,-0.003975,0.001264,4981.80,62852381600.00,8737
2024-02-22,0.018433,0.018385,0.003488,0.003438,0.021123,5087.03,64010152000.00,8734
2024-02-23,0.000687,0.000661,0.001186,0.001151,0.000348,5088.80,64054844600.00,8731
2024-02-26,-0.002388,-0.002415,0.004796,0.004769,-0.003787,5069.53,63899846000.00,8728
2024-02-27,0.002686,0.002655,0.008462,0.008417,0.001706,5078.18,64068450700.00,8727
2024-02-28,-0.002149,-0.002235,-0.003847,-0.003909,-0.001658,5069.76,63928325200.00,8729
2024-02-29,0.005377,0.005195,0.004753,0.004631,0.005229,5096.27,64215405000.00,8732
2024-03-01,0.008189,0.008060,0.007963,0.007756,0.008008,5137.08,64730742300.00,8729
2024-03-04,-0.001162,-0.001193,-0.002681,-0.002710,-0.001193,5130.95,64654371900.00,8728
2024-03-05,-0.009572,-0.009593,-0.007070,-0.007101,-0.010193,5078.65,64035678100.00,8727
2024-03-06,0.005899,0.005834,0.007738,0.007633,0.005141,5104.76,64409656900.00,8734
2024-03-07,0.009929,0.009819,0.005967,0.005880,0.010304,5157.36,65040807100.00,8734
2024-03-08,-0.005701,-0.005773,-0.000044,-0.000163,-0.006529,5123.69,64665514000.00,8731
2024-03-11,-0.001447,-0.001456,-0.001728,-0.001765,-0.001122,5117.94,64576868000.00,8729
2024-03-12,0.009405,0.009368,-0.001371,-0.001430,0.011202,5175.27,65181559700.00,8724
2024-03-13,-0.000746,-0.000786,0.001446,0.001366,-0.001925,5165.31,65131591300.00,8724
2024-03-14,-0.004847,-0.005131,-0.014035,-0.014383,-0.002871,5150.48,64805021800.00,8721
2024-03-15,-0.005012,-0.005100,0.003471,0.003287,-0.006483,5117.09,64475130500.00,8720
2024-03-18,0.004593,0.004538,-0.001193,-0.001331,0.006318,5149.42,64732048900.00,8718
2024-03-19,0.005022,0.005011,0.002928,0.002813,0.005649,5178.51,65054992300.00,8714
2024-03-20,0.010377,0.010259,0.014315,0.014138,0.008904,5224.62,65732943300.00,8718
2024-03-21,0.003784,0.003674,0.004119,0.003963,0.003237,5241.53,65976320900.00,8726
2024-03-22,-0.002728,-0.002831,-0.005713,-0.005811,-0.001402,5234.18,65783967000.00,8723
2024-03-25,-0.002195,-0.002198,-0.001801,-0.001880,-0.003055,5218.19,65614652500.00,8725
2024-03-26,-0.002214,-0.002217,-0.002695,-0.002778,-0.002800,5203.58,65472757900.00,8721
2024-03-27,0.009376,0.009201,0.014411,0.014135,0.008631,5248.49,66077057000.00,8723
2024-03-28,0.001425,0.001395,0.005726,0.005669,0.001117,5254.35,66253678600.00,8725
2024-04-01,-0.002870,-0.002964,-0.004578,-0.004807,-0.002014,5243.77,66059097200.00,8721
2024-04-02,-0.007896,-0.007920,-0.009647,-0.009677,-0.007239,5205.81,65537663700.00,8724
2024-04-03,0.002158,0.002123,0.003740,0.003709,0.001091,5211.49,65678466900.00,8723
2024-04-04,-0.011202,-0.011293,-0.005686,-0.005827,-0.012334,5147.21,64937997600.00,8723
2024-04-05,0.009819,0.009810,0.002843,0.002805,0.011099,5204.34,65575542000.00,8723
2024-04-08,0.000671,0.000635,0.004306,0.004286,-0.000375,5202.39,65618121200.00,8722
2024-04-09,0.001795,0.001689,0.002476,0.002441,0.001445,5209.91,65732593600.00,8721
2024-04-10,-0.011114,-0.011133,-0.015569,-0.015648,-0.009457,5160.64,64998987700.00,8724
2024-04-11,0.006354,0.006330,0.002677,0.002566,0.007445,5199.06,65416595400.00,8725
2024-04-12,-0.014894,-0.014986,-0.016316,-0.016427,-0.014551,5123.41,64438781900.00,8727
2024-04-15,-0.012224,-0.012236,-0.014829,-0.014867,-0.012021,5061.82,63653344400.00,8722
2024-04-16,-0.002789,-0.002793,-0.006400,-0.006434,-0.002057,5051.41,63474102200.00,8722
2024-04-17,-0.005513,-0.005516,-0.004832,-0.004875,-0.005781,5022.21,63122534500.00,8723
2024-04-18,-0.002084,-0.002132,-0.000552,-0.000597,-0.002208,5011.12,62993353500.00,8724
2024-04-19,-0.006374,-0.006410,0.000212,0.000165,-0.008759,4967.23,62581235200.00,8721
2024-04-22,0.008478,0.008379,0.006850,0.006727,0.008731,5010.60,63106452500.00,8724
2024-04-23,0.012243,0.012223,0.011699,0.011670,0.011965,5070.55,63878702900.00,8723
2024-04-24,-0.000467,-0.000496,-0.001627,-0.001654,0.000213,5071.63,63847706100.00,8721
2024-04-25,-0.003958,-0.003976,-0.005010,-0.005043,-0.004576,5048.42,63600280600.00,8722
2024-04-26,0.009415,0.009386,0.007320,0.007266,0.010209,5099.96,64191511400.00,8721
2024-04-29,0.003706,0.003638,0.005970,0.005914,0.003178,5116.17,64431411900.00,8721
2024-04-30,-0.016220,-0.016257,-0.011863,-0.011897,-0.015731,5035.69,63376371300.00,8722
2024-05-01,-0.002178,-0.002301,0.003759,0.003543,-0.003435,5018.39,63239228000.00,8728
2024-05-02,0.010178,0.010150,0.011324,0.011282,0.009128,5064.20,63877844000.00,8730
2024-05-03,0.011428,0.011387,0.007706,0.007657,0.012557,5127.79,64539888100.00,8727
2024-05-06,0.010648,0.010622,0.007861,0.007747,0.010326,5180.74,65225728100.00,8725
2024-05-07,0.000938,0.000894,-0.000183,-0.000229,0.001343,5187.70,65285722200.00,8723
2024-05-08,-0.001021,-0.001032,-0.001359,-0.001386,-0.000006,5187.67,65220339100.00,8726
2024-05-09,0.005880,0.005714,0.006682,0.006576,0.005091,5214.08,65626102400.00,8725
2024-05-10,0.000732,0.000581,-0.005498,-0.005588,0.001649,5222.68,65663245700.00,8726
2024-05-13,-0.000024,-0.000040,0.003823,0.003798,-0.000241,5221.42,65662166700.00,8724
2024-05-14,0.005802,0.005670,0.009155,0.009002,0.004838,5246.68,66038998800.00,8725
2024-05-15,0.011286,0.011147,0.006402,0.006335,0.011716,5308.15,66774467500.00,8729
2024-05-16,-0.002303,-0.002469,0.001884,0.001804,-0.002082,5297.10,66609356000.00,8727
2024-05-17,0.001631,0.001553,0.001577,0.001498,0.001165,5303.27,66713868400.00,8728
2024-05-20,0.001426,0.001351,0.001607,0.001523,0.000916,5308.13,66800236200.00,8725
2024-05-21,0.001352,0.001316,-0.002121,-0.002170,0.002502,5321.41,66887688300.00,8726
2024-05-22,-0.003777,-0.003809,-0.004522,-0.004646,-0.002706,5307.01,66634415900.00,8728
2024-05-23,-0.008627,-0.008665,-0.013925,-0.014020,-0.007381,5267.84,66055696100.00,8724
2024-05-24,0.007304,0.007280,0.007255,0.007211,0.007001,5304.72,66542708300.00,8724
2024-05-28,-0.000542,-0.000542,-0.000804,-0.000804,0.000249,5306.04,66508417200.00,8723
2024-05-29,-0.008469,-0.008486,-0.009913,-0.009931,-0.007367,5266.95,65944999600.00,8719
2024-05-30,-0.002984,-0.003058,0.005646,0.005597,-0.005975,5235.48,65744402200.00,8721
2024-05-31,0.007227,0.007124,0.005444,0.005315,0.008028,5277.51,66302161800.00,8722
2024-06-03,0.000074,-0.000109,-0.000787,-0.001085,0.001116,5283.40,66294564200.00,8724
2024-06-04,-0.000910,-0.000958,-0.007159,-0.007249,0.001503,5291.34,66231002100.00,8723
2024-06-05,0.011596,0.011580,0.009238,0.009190,0.011848,5354.03,67000223500.00,8727
2024-06-06,-0.000278,-0.000299,-0.002448,-0.002578,-0.000200,5352.96,66983687400.00,8728
2024-06-07,-0.003188,-0.003332,-0.010171,-0.010229,-0.001115,5346.99,66760929000.00,8731
2024-06-10,0.003009,0.002931,0.001951,0.001887,0.002581,5360.79,66958190000.00,8730
2024-06-11,0.001215,0.001075,-0.000964,-0.001206,0.002710,5375.32,67030215900.00,8729
2024-06-12,0.009215,0.009187,0.007226,0.007179,0.008504,5421.03,67647222400.00,8732
2024-06-13,-0.000227,-0.000249,-0.005999,-0.006118,0.002345,5433.74,67632856000.00,8734
2024-06-14,-0.001966,-0.002208,-0.009343,-0.009647,-0.000394,5431.60,67490341200.00,8736
2024-06-17,0.007148,0.007040,0.000887,0.000822,0.007664,5473.23,67967717200.00,8733
2024-06-18,0.002286,0.002249,-0.003737,-0.003827,0.002521,5487.03,68122064800.00,8735
2024-06-20,-0.002235,-0.002243,-0.001561,-0.001611,-0.002526,5473.17,67972895500.00,8732
2024-06-21,-0.001147,-0.001283,0.000704,0.000487,-0.001562,5464.62,67879115100.00,8734
2024-06-24,-0.001136,-0.001252,0.003757,0.003534,-0.003065,5447.87,67796196300.00,8736
2024-06-25,0.002320,0.002306,-0.005325,-0.005515,0.003934,5469.30,67952127700.00,8737
2024-06-26,0.000792,0.000759,0.000184,0.000012,0.001572,5477.90,68006034000.00,8740
2024-06-27,0.002005,0.001958,0.005435,0.005151,0.000907,5482.87,68146089400.00,8748
2024-06-28,-0.002679,-0.002922,0.001150,0.000861,-0.004084,5460.48,68010910700.00,8747
2024-07-01,0.001195,0.001083,-0.005136,-0.005412,0.002676,5475.09,68083967300.00,8749
2024-07-02,0.005761,0.005755,-0.000800,-0.000849,0.006195,5509.01,68468514500.00,8746
2024-07-03,0.005245,0.005207,0.005135,0.005075,0.005084,5537.02,68827924100.00,8744
2024-07-05,0.004255,0.004139,-0.000641,-0.000777,0.005449,5567.19,69114138200.00,8742
2024-07-08,0.001143,0.001117,0.003404,0.003378,0.001017,5572.85,69188644100.00,8743
2024-07-09,-0.000210,-0.000230,-0.000769,-0.000783,0.000741,5576.98,69173344000.00,8741
2024-07-10,0.009825,0.009718,0.008297,0.008256,0.010208,5633.91,69853529800.00,8744
2024-07-11,-0.003314,-0.003351,0.019592,0.019530,-0.008763,5584.54,69624247800.00,8749
2024-07-12,0.006245,0.006239,0.010291,0.010265,0.005517,5615.35,70060096600.00,8750
2024-07-15,0.003602,0.003521,0.004915,0.004797,0.002826,5631.22,70308012500.00,8747
2024-07-16,0.009000,0.008997,0.019548,0.019511,0.006389,5667.20,70940224200.00,8748
2024-07-17,-0.013570,-0.013580,-0.007380,-0.007418,-0.013928,5588.27,69979381900.00,8753
2024-07-18,-0.008876,-0.008879,-0.014538,-0.014547,-0.007816,5544.59,69362879000.00,8759
2024-07-19,-0.006319,-0.006365,-0.006226,-0.006268,-0.007140,5505.00,68933452400.00,8761
2024-07-22,0.010687,0.010650,0.010589,0.010506,0.010792,5564.41,69661353900.00,8753
2024-07-23,-0.000684,-0.000690,0.003200,0.003161,-0.001558,5555.74,69624411600.00,8755
2024-07-24,-0.021922,-0.021935,-0.014734,-0.014780,-0.023149,5427.13,68099806300.00,8757
2024-07-25,-0.003251,-0.003279,0.004563,0.004548,-0.005143,5399.22,67905073600.00,8763
2024-07-26,0.011320,0.011268,0.011295,0.011250,0.011091,5459.10,68662116600.00,8763
2024-07-29,-0.000395,-0.000409,-0.005802,-0.005831,0.000813,5463.54,68633587100.00,8761
2024-07-30,-0.004022,-0.004038,-0.002843,-0.002903,-0.004960,5436.44,68355132000.00,8761
2024-07-31,0.014456,0.014368,0.007144,0.007061,0.015793,5522.30,69437514300.00,8767
2024-08-01,-0.015412,-0.015522,-0.019714,-0.019910,-0.013694,5446.68,68355643100.00,8770
2024-08-02,-0.019843,-0.019856,-0.023878,-0.023916,-0.018382,5346.56,67004077200.00,8770
2024-08-05,-0.028567,-0.028607,-0.029954,-0.030012,-0.029969,5186.33,65091036100.00,8767
2024-08-06,0.010137,0.010121,0.009244,0.009226,0.010354,5240.03,65763742600.00,8765
2024-08-07,-0.007394,-0.007430,-0.009991,-0.010131,-0.007735,5199.50,65276222300.00,8762
2024-08-08,0.022780,0.022766,0.016434,0.016377,0.023043,5319.31,66762746600.00,8758
2024-08-09,0.004177,0.004044,-0.000885,-0.000954,0.004672,5344.16,67033978500.00,8758
2024-08-12,-0.000792,-0.000906,-0.002585,-0.002676,0.000043,5344.39,66972914500.00,8757
2024-08-13,0.016082,0.016070,0.013200,0.013166,0.016848,5434.43,68051997700.00,8759
2024-08-14,0.003297,0.003271,-0.002338,-0.002364,0.003824,5455.21,68275647400.00,8758
2024-08-15,0.016628,0.016380,0.015042,0.014855,0.016133,5543.22,69395418900.00,8762
2024-08-16,0.002499,0.002371,0.004845,0.004745,0.001990,5554.25,69557128100.00,8759
2024-08-19,0.009676,0.009575,0.012496,0.012367,0.009722,5608.25,70227448300.00,8756
2024-08-20,-0.002907,-0.002935,-0.005115,-0.005153,-0.001985,5597.12,70023167900.00,8758
2024-08-21,0.005504,0.005455,0.009868,0.009816,0.004240,5620.85,70404774300.00,8758
2024-08-22,-0.008631,-0.008649,-0.007350,-0.007408,-0.008933,5570.64,69796880000.00,8759
2024-08-23,0.013400,0.013378,0.019133,0.019037,0.011483,5634.61,70726701600.00,8760
2024-08-26,-0.002737,-0.002756,0.000270,0.000239,-0.003154,5616.84,70531423500.00,8759
2024-08-27,0.000819,0.000759,-0.004236,-0.004299,0.001595,5625.80,70589866600.00,8758
2024-08-28,-0.006305,-0.006316,-0.009644,-0.009658,-0.005976,5592.18,70142785200.00,8761
2024-08-29,0.001292,0.001251,0.004747,0.004647,-0.000039,5591.96,70230910500.00,8760
2024-08-30,0.009298,0.009154,0.003810,0.003659,0.010093,5648.40,70854066700.00,8760
2024-09-03,-0.021166,-0.021326,-0.020617,-0.020932,-0.021151,5528.93,69342961500.00,8768
2024-09-04,-0.001598,-0.001641,-0.001646,-0.001684,-0.001602,5520.07,69227899600.00,8769
2024-09-05,-0.002862,-0.002893,-0.002354,-0.002385,-0.003018,5503.41,69028247600.00,8776
2024-09-06,-0.016697,-0.016799,-0.013941,-0.014131,-0.017260,5408.42,67870817700.00,8769
2024-09-09,0.010589,0.010511,0.005720,0.005703,0.011580,5471.05,68584803900.00,8765
2024-09-10,0.003585,0.003553,0.001676,0.001635,0.004473,5495.52,68840919000.00,8776
2024-09-11,0.009761,0.009745,0.006211,0.006164,0.010665,5554.13,69512242200.00,8778
2024-09-12,0.008023,0.008004,0.006831,0.006803,0.007495,5595.76,70072656600.00,8786
2024-09-13,0.007210,0.007031,0.013549,0.013320,0.005408,5626.02,70570114400.00,8787
2024-09-16,0.002261,0.002084,0.001691,0.001511,0.001257,5633.09,70720059400.00,8790
2024-09-17,0.000636,0.000611,0.003717,0.003662,0.000265,5634.58,70764005400.00,8787
2024-09-18,-0.002449,-0.002463,-0.002670,-0.002684,-0.002896,5618.26,70589061300.00,8786
2024-09-19,0.016849,0.016805,0.014764,0.014719,0.016977,5713.64,71778438800.00,8783
2024-09-20,-0.002509,-0.002585,-0.005769,-0.005890,-0.001941,5702.55,71590385500.00,8781
2024-09-23,0.002728,0.002668,-0.002688,-0.002878,0.002809,5718.57,71785779500.00,8780
2024-09-24,0.003021,0.003008,0.005851,0.005703,0.002511,5732.93,72001099200.00,8796
2024-09-25,-0.003168,-0.003278,-0.007378,-0.007606,-0.001861,5722.26,71765557200.00,8800
2024-09-26,0.004793,0.004720,0.010387,0.010233,0.004039,5745.37,72109942300.00,8804
2024-09-27,-0.000638,-0.000758,0.005192,0.005074,-0.001253,5738.17,72035462200.00,8802
2024-09-30,0.003106,0.002989,0.001235,0.000990,0.004237,5762.48,72318924000.00,8798
2024-10-01,-0.008476,-0.008580,-0.009448,-0.009696,-0.009324,5708.75,71685810600.00,8806
2024-10-02,0.000172,0.000115,0.001958,0.001933,0.000138,5709.54,71699350400.00,8807
2024-10-03,-0.002574,-0.002579,-0.005216,-0.005282,-0.001681,5699.94,71514844400.00,8813
2024-10-04,0.009490,0.009344,0.010365,0.010334,0.008970,5751.07,72185089200.00,8814
2024-10-07,-0.008913,-0.008923,-0.004843,-0.004860,-0.009586,5695.94,71538725800.00,8815
2024-10-08,0.007437,0.007431,-0.003610,-0.003629,0.009689,5751.13,72077235400.00,8815
2024-10-09,0.006420,0.006396,0.000611,0.000574,0.007113,5792.04,72542316900.00,8816
2024-10-10,-0.001710,-0.001839,-0.002454,-0.002516,-0.002070,5780.05,72410391200.00,8824
2024-10-11,0.007488,0.007473,0.012461,0.012384,0.006052,5815.03,72955554600.00,8826
2024-10-14,0.006791,0.006791,0.003271,0.003271,0.007708,5859.85,73451709600.00,8823
2024-10-15,-0.006670,-0.006739,-0.001780,-0.001912,-0.007609,5815.26,72960139500.00,8823
2024-10-16,0.005568,0.005557,0.014285,0.014256,0.004679,5842.47,73367103900.00,8824
2024-10-17,-0.000195,-0.000206,-0.000287,-0.000366,-0.000171,5841.47,73349986400.00,8824
2024-10-18,0.003934,0.003890,0.006583,0.006555,0.003972,5864.67,73633468900.00,8816
2024-10-21,-0.003560,-0.003593,-0.006347,-0.006416,-0.001823,5853.98,73372315200.00,8818
2024-10-22,-0.000953,-0.000959,-0.000625,-0.000653,-0.000475,5851.20,73299467100.00,8822
2024-10-23,-0.008643,-0.008658,-0.009298,-0.009323,-0.009191,5797.42,72663870100.00,8826
2024-10-24,0.002615,0.002590,0.001349,0.001226,0.002146,5809.86,72865119100.00,8833
2024-10-25,-0.001133,-0.001141,-0.001426,-0.001440,-0.000299,5808.12,72776843900.00,8834
2024-10-28,0.004072,0.004058,0.010421,0.010369,0.002651,5823.52,73073019200.00,8834
2024-10-29,0.001117,0.001114,-0.002801,-0.002813,0.001614,5832.92,73156630800.00,8840
2024-10-30,-0.003113,-0.003130,-0.003492,-0.003542,-0.003300,5813.67,72927526800.00,8838
2024-10-31,-0.017028,-0.017114,-0.012695,-0.012792,-0.018615,5705.45,71771754400.00,8835
2024-11-01,0.003685,0.003570,0.000944,0.000741,0.004093,5728.80,72033152800.00,8836
2024-11-04,-0.001724,-0.001772,0.001210,0.001139,-0.002812,5712.69,71900074000.00,8831
2024-11-05,0.012631,0.012615,0.012667,0.012635,0.012266,5782.76,72807218400.00,8828
2024-11-06,0.025795,0.025783,0.019972,0.019952,0.025296,5929.04,74687921800.00,8824
2024-11-07,0.007115,0.007085,0.004971,0.004898,0.007431,5973.10,75218971600.00,8826
2024-11-08,0.003842,0.003653,0.000915,0.000833,0.003757,5995.54,75497270000.00,8830
2024-11-11,0.003150,0.003150,0.007942,0.007942,0.000969,6001.35,75740733400.00,8830
2024-11-12,-0.004204,-0.004259,-0.009050,-0.009132,-0.002893,5983.99,75426341800.00,8834
2024-11-13,-0.000771,-0.000809,-0.007624,-0.007660,0.000232,5985.38,75359448200.00,8835
2024-11-14,-0.006546,-0.006636,-0.008593,-0.008686,-0.006050,5949.17,74861171400.00,8838
2024-11-15,-0.012270,-0.012429,-0.012997,-0.013234,-0.013204,5870.62,73921722500.00,8839
2024-11-18,0.004452,0.004292,0.001839,0.001705,0.003918,5893.62,74241127000.00,8842
2024-11-19,0.004707,0.004694,0.004831,0.004789,0.003964,5916.98,74583140200.00,8841
2024-11-20,0.000581,0.000551,0.000746,0.000713,0.000022,5917.11,74624601300.00,8844
2024-11-21,0.007160,0.007039,0.009820,0.009641,0.005340,5948.71,75151735700.00,8840
2024-11-22,0.005529,0.005491,0.011145,0.011089,0.003468,5969.34,75554299700.00,8837
2024-11-25,0.004285,0.004274,0.010429,0.010370,0.003020,5987.37,75879151400.00,8827
2024-11-26,0.003277,0.003226,-0.001724,-0.001758,0.005722,6021.63,76122115700.00,8827
2024-11-27,-0.002676,-0.002735,0.004870,0.004823,-0.003801,5998.74,75915124400.00,8832
2024-11-29,0.005464,0.005360,0.007563,0.007392,0.005608,6032.38,76451547300.00,8829
2024-12-02,0.001573,0.001395,0.001354,0.001065,0.002448,6047.15,76556941200.00,8829
2024-12-03,0.000242,0.000210,-0.003280,-0.003350,0.000451,6049.88,76571215900.00,8836
2024-12-04,0.006358,0.006336,0.002037,0.001989,0.006051,6086.49,77056758000.00,8842
2024-12-05,-0.002458,-0.002510,-0.005292,-0.005359,-0.001870,6075.11,76865336000.00,8852
2024-12-06,0.003013,0.002921,0.005734,0.005675,0.002495,6090.27,77089965900.00,8850
2024-12-09,-0.006671,-0.006779,0.003310,0.003287,-0.006144,6052.85,76572714600.00,8851
2024-12-10,-0.003941,-0.003963,-0.005396,-0.005439,-0.002964,6034.91,76270297400.00,8854
2024-12-11,0.008102,0.008064,0.001838,0.001799,0.008166,6084.19,76884964500.00,8859
2024-12-12,-0.006180,-0.006195,-0.009951,-0.010152,-0.005414,6051.25,76414610100.00,8865
2024-12-13,-0.000774,-0.000957,-0.005269,-0.005617,-0.000026,6051.09,76340167100.00,8868
2024-12-16,0.003597,0.003474,-0.000392,-0.000571,0.003799,6074.08,76604513500.00,8860
2024-12-17,-0.004805,-0.005018,-0.003844,-0.004351,-0.003864,6050.61,76221114600.00,8856
2024-12-18,-0.031161,-0.031215,-0.029678,-0.029841,-0.029493,5872.16,73841638500.00,8863
2024-12-19,-0.001381,-0.001397,-0.001555,-0.001694,-0.000865,5867.08,73737740600.00,8868
2024-12-20,0.010642,0.010456,0.010575,0.010281,0.010869,5930.85,74505973900.00,8877
2024-12-23,0.005633,0.005420,0.004449,0.003696,0.007287,5974.07,74891586000.00,8870
2024-12-24,0.010566,0.010521,0.010448,0.010250,0.011043,6040.04,75679047000.00,8865
2024-12-26,0.000346,0.000282,0.012231,0.012038,-0.000406,6037.59,75703022000.00,8864
2024-12-27,-0.010692,-0.010775,-0.004451,-0.004754,-0.011056,5970.84,74890129000.00,8866
2024-12-30,-0.009878,-0.009900,-0.000715,-0.001173,-0.010702,5906.94,74153714600.00,8867
2024-12-31,-0.003392,-0.003541,-0.000125,-0.000491,-0.004285,5881.63,74032373700.00,8866
