{
  "H1": {
    "r_squared": 0.001656045732376516,
    "beta": -0.0009788372054580243,
    "se": 0.0020458550407629205,
    "p_value": 0.6330878253045839,
    "n": 140
  },
  "H2": {
    "S&P 500": {
      "beta1": 0.42498170369038135,
      "beta2": -37.688499141695246,
      "se": 25.919057181856843,
      "t_stat": -1.4540844937861757,
      "p_value": 0.14820998975386912,
      "r2_1": 0.003936337622331365,
      "r2_2": 0.01907524095006008,
      "inc_r2": 0.015138903327728714,
      "significant_10": "False",
      "significant_05": "False",
      "significant_01": "False",
      "n": 140
    },
    "NASDAQ": {
      "beta1": 0.19747003044504652,
      "beta2": -53.99453934291049,
      "se": 28.12692263631531,
      "t_stat": -1.9196746135745726,
      "p_value": 0.056977790112196836,
      "r2_1": 0.0009737625489570911,
      "r2_2": 0.027142566747997754,
      "inc_r2": 0.026168804199040663,
      "significant_10": "True",
      "significant_05": "False",
      "significant_01": "False",
      "n": 140
    },
    "Gold": {
      "beta1": 1.102597217821419,
      "beta2": -25.090354096207133,
      "se": 29.279422206684657,
      "t_stat": -0.8569279106361212,
      "p_value": 0.3929812047628052,
      "r2_1": 0.018287603200216274,
      "r2_2": 0.02352156640701275,
      "inc_r2": 0.005233963206796477,
      "significant_10": "False",
      "significant_05": "False",
      "significant_01": "False",
      "n": 140
    },
    "10Y Yield": {
      "beta1": 0.08617979840916848,
      "beta2": 0.21442579548826216,
      "se": 1.0442484876394569,
      "t_stat": 0.2053398190434306,
      "p_value": 0.8376114258265674,
      "r2_1": 0.07887189237866643,
      "r2_2": 0.07915530042441599,
      "inc_r2": 0.0002834080457495558,
      "significant_10": "False",
      "significant_05": "False",
      "significant_01": "False",
      "n": 140
    },
    "13W Yield": {
      "beta1": 0.04919057955078587,
      "beta2": 1.5380156543680144,
      "se": 0.6881146814478273,
      "t_stat": 2.2351153024841053,
      "p_value": 0.027028515935385355,
      "r2_1": 0.05531307006236119,
      "r2_2": 0.08854935350285009,
      "inc_r2": 0.0332362834404889,
      "significant_10": "True",
      "significant_05": "True",
      "significant_01": "False",
      "n": 140
    }
  },
  "H3": {
    "policy_loading": 0.0009788372054580243,
    "info_loading": 1621098388739.2856,
    "policy_share": 6.038111025569874e-16,
    "info_share": 0.9999999999999994,
    "info_dominates": "True",
    "r_squared": 0.001656045732376516,
    "n": 140
  },
  "H4": {
    "conventional": {
      "abs_beta2": NaN,
      "beta2": NaN,
      "n": 7
    },
    "forward_guidance": {
      "abs_beta2": 0.37271347819082,
      "beta2": -0.37271347819082,
      "beta1": 0.2372090763641458,
      "n": 61
    },
    "normalization": {
      "abs_beta2": 1.2292131828067059,
      "beta2": 1.2292131828067059,
      "beta1": -0.0012977044777000568,
      "n": 72
    },
    "fg_strongest": "False"
  },
  "robustness": {
    "chair_fe": {
      "Bernanke": {
        "beta2": 3.2928966382544442,
        "n": 52
      },
      "Yellen": {
        "beta2": -2.4012889137706233,
        "n": 30
      },
      "Powell": {
        "beta2": 1.505848518435244,
        "n": 57
      }
    },
    "post2010": {
      "beta2": 0.492419925343022,
      "se": 0.5513488191905657,
      "t": 0.8931186722517025,
      "p": 0.37362697323933514,
      "n": 120
    },
    "no_covid": {
      "beta2": 3.7765639522755667,
      "se": 1.524816637432147,
      "t": 2.4767331753642545,
      "p": 0.014640620788428427,
      "n": 124
    },
    "all_assets": {
      "S&P 500": {
        "beta2": -37.688499141695246,
        "se": 25.919057181856843,
        "t": -1.4540844937861757,
        "p": 0.14820998975386912,
        "r2": 0.01907524095006008,
        "n": 140
      },
      "NASDAQ": {
        "beta2": -53.99453934291049,
        "se": 28.12692263631531,
        "t": -1.9196746135745726,
        "p": 0.056977790112196836,
        "r2": 0.027142566747997754,
        "n": 140
      },
      "Gold": {
        "beta2": -25.090354096207133,
        "se": 29.279422206684657,
        "t": -0.8569279106361212,
        "p": 0.3929812047628052,
        "r2": 0.02352156640701275,
        "n": 140
      },
      "10Y Yield": {
        "beta2": 0.21442579548826216,
        "se": 1.0442484876394569,
        "t": 0.2053398190434306,
        "p": 0.8376114258265674,
        "r2": 0.07915530042441599,
        "n": 140
      },
      "13W Yield": {
        "beta2": 1.5380156543680144,
        "se": 0.6881146814478273,
        "t": 2.2351153024841053,
        "p": 0.027028515935385355,
        "r2": 0.08854935350285009,
        "n": 140
      }
    }
  }
}