{
  "H1": {
    "r_squared": 0.027558244572099513,
    "beta": 0.018246868673155846,
    "se": 0.010288045616927323,
    "p_value": 0.07887182301334557,
    "n": 113
  },
  "H2": {
    "sp500_ret": {
      "beta2": 1.4449061391648215,
      "se": 5.235003152810534,
      "t_stat": 0.2760086473661606,
      "p_value": 0.7830592989118936,
      "r2_1": 0.018293114376562336,
      "r2_2": 0.018972527391203364,
      "inc_r2": 0.0006794130146410282,
      "significant_10": "False",
      "significant_05": "False",
      "n": 113
    },
    "nasdaq_ret": {
      "beta2": -0.3809015041896463,
      "se": 5.854714670615166,
      "t_stat": -0.0650589355107931,
      "p_value": 0.9482451646647518,
      "r2_1": 0.007710678055543596,
      "r2_2": 0.007748858662509406,
      "inc_r2": 3.8180606965809716e-05,
      "significant_10": "False",
      "significant_05": "False",
      "n": 113
    },
    "gold_ret": {
      "beta2": 1.7744625018430547,
      "se": 6.392311367069078,
      "t_stat": 0.277593252259966,
      "p_value": 0.7819407612821356,
      "r2_1": 0.008910463584016148,
      "r2_2": 0.009730981472152345,
      "inc_r2": 0.0008205178881361963,
      "significant_10": "False",
      "significant_05": "False",
      "n": 96
    },
    "ty10_chg": {
      "beta2": -0.059718652072941115,
      "se": 0.21037758600445366,
      "t_stat": -0.2838641378444036,
      "p_value": 0.7770481135434504,
      "r2_1": 0.06619443494370503,
      "r2_2": 0.06687797947244367,
      "inc_r2": 0.0006835445287386444,
      "significant_10": "False",
      "significant_05": "False",
      "n": 113
    },
    "tb13w_chg": {
      "beta2": 0.4163842570972785,
      "se": 0.19246118930469325,
      "t_stat": 2.163471287907732,
      "p_value": 0.03266888162110426,
      "r2_1": 0.06227343076111991,
      "r2_2": 0.10054607833921514,
      "inc_r2": 0.03827264757809523,
      "significant_10": "True",
      "significant_05": "True",
      "n": 113
    }
  },
  "H3": {
    "policy_loading": 0.018246868673155846,
    "info_loading": 0.9861246145533032,
    "info_dominates": "True",
    "r_squared": 0.027558244572099513
  },
  "H4": {
    "conventional": {
      "abs_beta2": 1.652124236489366,
      "beta2": -1.652124236489366,
      "n": 35
    },
    "forward_guidance": {
      "abs_beta2": 22.97012598867008,
      "beta2": 22.97012598867008,
      "n": 29
    },
    "normalization": {
      "abs_beta2": 5.267815435771754,
      "beta2": 5.267815435771754,
      "n": 49
    },
    "fg_strongest": "True"
  }
}